Trade History Report,,,,,,,,,,,,,,
Name:,,,Chavdar Tzvetkov,,,,,,,,,,,
Account:,,,"7664508 (USD, BenchMark-Server, demo, Hedge)",,,,,,,,,,,
Company:,,,BenchMark Finance AD,,,,,,,,,,,
Date:,,,2026.03.23 22:43,,,,,,,,,,,
Positions,,,,,,,,,,,,,,
Time,Position,Symbol,Type,Volume,Price,S / L,T / P,Time,Price,Commission,Swap,Profit,,
2026.03.12 21:07:38,81860421,EURUSD,sell,2.21, 1.15148, 1.15321, 1.14952,2026.03.13 00:37:41, 1.15194,0.00, 8.13,- 101.66,,
2026.03.12 21:07:40,81860422,GBPUSD,sell,0.28, 1.33430, 1.33630, 1.33203,2026.03.13 00:37:43, 1.33490,0.00,- 0.74,- 16.80,,
2026.03.12 21:10:06,81860432,USDCHF,buy,0.05, 0.78565, 0.78447, 0.78699,2026.03.13 00:40:07, 0.78569,0.00, 0.39, 0.25,,
2026.03.12 21:10:06,81860433,USDCHF,sell,0.01, 0.78553, 0.78946, 0.78396,2026.03.13 00:40:12, 0.78587,0.00,- 0.16,- 0.43,,
2026.03.12 21:13:28,81860475,USDCHF,sell,0.02, 0.78567, 0.78960, 0.78410,2026.03.13 00:43:32, 0.78570,0.00,- 0.32,- 0.08,,
2026.03.12 21:16:17,81860486,USDCHF,sell,0.02, 0.78563, 0.78956, 0.78406,2026.03.13 00:46:20, 0.78580,0.00,- 0.32,- 0.43,,
2026.03.12 21:18:59,81860517,USDCHF,sell,0.02, 0.78555, 0.78948, 0.78398,2026.03.13 00:49:03, 0.78577,0.00,- 0.32,- 0.56,,
2026.03.12 21:22:05,81860534,USDCHF,sell,0.02, 0.78560, 0.78953, 0.78403,2026.03.13 00:52:05, 0.78575,0.00,- 0.32,- 0.38,,
2026.03.12 21:25:16,81860544,USDCHF,sell,0.02, 0.78560, 0.78952, 0.78402,2026.03.13 00:55:21, 0.78583,0.00,- 0.32,- 0.59,,
2026.03.12 21:28:02,81860549,USDCHF,sell,0.02, 0.78574, 0.78967, 0.78417,2026.03.13 00:58:04, 0.78583,0.00,- 0.32,- 0.23,,
2026.03.12 22:08:05,81860782,USDCHF,sell,0.01, 0.78592, 0.78985, 0.78435,2026.03.13 01:38:07, 0.78573,0.00,- 0.16, 0.24,,
2026.03.12 22:28:17,81860927,USDCHF,sell,0.01, 0.78615, 0.78615, 0.78458,2026.03.13 03:53:07, 0.78589,0.00,- 0.16, 0.33,,
2026.03.13 00:37:43,81861293,USDCHF,sell,0.02, 0.78577, 0.78970, 0.78420,2026.03.13 04:07:47, 0.78560,0.00,0.00, 0.43,,
2026.03.13 00:39:43,81861300,USDCHF,sell,0.02, 0.78572, 0.78965, 0.78415,2026.03.13 04:09:44, 0.78561,0.00,0.00, 0.28,,
2026.03.13 00:43:38,81861313,GBPUSD,buy,1.78, 1.33517, 1.33317, 1.33744,2026.03.13 04:13:40, 1.33568,0.00,0.00, 90.78,,
2026.03.13 00:43:38,81861314,GBPUSD,sell,0.27, 1.33503, 1.34171, 1.33236,2026.03.13 04:13:45, 1.33581,0.00,0.00,- 21.06,,
2026.03.13 00:45:43,81861319,GBPUSD,sell,0.49, 1.33492, 1.34159, 1.33225,2026.03.13 04:15:44, 1.33582,0.00,0.00,- 44.10,,
2026.03.13 00:47:47,81861325,GBPUSD,sell,0.89, 1.33501, 1.34169, 1.33234,2026.03.13 04:17:49, 1.33565,0.00,0.00,- 56.96,,
2026.03.13 00:49:47,81861329,GBPUSD,sell,0.89, 1.33482, 1.34149, 1.33215,2026.03.13 04:19:50, 1.33562,0.00,0.00,- 71.20,,
2026.03.13 00:51:47,81861331,GBPUSD,sell,0.89, 1.33485, 1.34152, 1.33218,2026.03.13 04:21:50, 1.33563,0.00,0.00,- 69.42,,
2026.03.13 00:54:06,81861333,GBPUSD,sell,0.4, 1.33491, 1.34158, 1.33224,2026.03.13 04:24:06, 1.33562,0.00,0.00,- 28.40,,
2026.03.13 00:56:10,81861341,GBPUSD,sell,0.07, 1.33491, 1.34158, 1.33224,2026.03.13 04:26:10, 1.33572,0.00,0.00,- 5.67,,
2026.03.13 00:58:15,81861344,GBPUSD,sell,0.03, 1.33491, 1.34158, 1.33224,2026.03.13 04:28:16, 1.33559,0.00,0.00,- 2.04,,
2026.03.13 01:01:54,81861359,GBPUSD,sell,0.01, 1.33476, 1.34143, 1.33209,2026.03.13 04:31:55, 1.33578,0.00,0.00,- 1.02,,
2026.03.13 01:18:54,81861383,GBPUSD,sell,0.01, 1.33463, 1.34130, 1.33196,2026.03.13 04:48:56, 1.33494,0.00,0.00,- 0.31,,
2026.03.13 04:19:54,81861747,EURUSD,buy,0.75, 1.15177, 1.15004, 1.15373,2026.03.13 06:36:39, 1.15001,0.00,0.00,- 132.00,,
2026.03.13 04:19:54,81861748,EURUSD,sell,0.11, 1.15169, 1.15169, 1.14939,2026.03.13 08:34:27, 1.14939,0.00,0.00, 25.30,,
2026.03.13 04:19:54,81861749,USDCHF,sell,0.24, 0.78583, 0.78701, 0.78449,2026.03.13 06:30:28, 0.78701,0.00,0.00,- 35.98,,
2026.03.13 04:21:55,81861752,EURUSD,sell,0.37, 1.15169, 1.15745, 1.14939,2026.03.13 08:34:27, 1.14939,0.00,0.00, 85.10,,
2026.03.13 04:23:56,81861755,EURUSD,sell,0.37, 1.15170, 1.15746, 1.14940,2026.03.13 08:34:21, 1.14940,0.00,0.00, 85.10,,
2026.03.13 04:25:56,81861761,EURUSD,sell,0.37, 1.15171, 1.15747, 1.14941,2026.03.13 08:34:21, 1.14940,0.00,0.00, 85.47,,
2026.03.13 04:27:57,81861766,EURUSD,sell,0.37, 1.15163, 1.15163, 1.14933,2026.03.13 08:35:27, 1.14933,0.00,0.00, 85.10,,
2026.03.13 04:29:59,81861768,EURUSD,sell,0.37, 1.15165, 1.15741, 1.14935,2026.03.13 08:34:35, 1.14935,0.00,0.00, 85.10,,
2026.03.13 04:31:59,81861770,EURUSD,sell,0.37, 1.15181, 1.15757, 1.14951,2026.03.13 08:34:07, 1.14950,0.00,0.00, 85.47,,
2026.03.13 04:34:01,81861771,EURUSD,sell,0.37, 1.15175, 1.15751, 1.14945,2026.03.13 08:34:14, 1.14944,0.00,0.00, 85.47,,
2026.03.13 04:36:01,81861772,EURUSD,sell,0.29, 1.15175, 1.15751, 1.14945,2026.03.13 08:34:14, 1.14944,0.00,0.00, 66.99,,
2026.03.13 04:38:08,81861776,EURUSD,sell,0.05, 1.15150, 1.15150, 1.14920,2026.03.13 08:36:52, 1.14919,0.00,0.00, 11.55,,
2026.03.13 04:40:09,81861780,EURUSD,sell,0.01, 1.15137, 1.15137, 1.14907,2026.03.13 08:49:28, 1.14904,0.00,0.00, 2.33,,
2026.03.13 04:42:12,81861788,EURUSD,sell,0.01, 1.15131, 1.15707, 1.14901,2026.03.13 08:49:31, 1.14901,0.00,0.00, 2.30,,
2026.03.13 04:46:16,81861800,EURUSD,sell,0.01, 1.15115, 1.15115, 1.14885,2026.03.13 08:56:13, 1.14885,0.00,0.00, 2.30,,
2026.03.13 04:49:00,81861804,EURUSD,sell,0.01, 1.15114, 1.15114, 1.14884,2026.03.13 08:56:22, 1.14884,0.00,0.00, 2.30,,
2026.03.13 05:14:25,81861865,EURUSD,sell,0.01, 1.15102, 1.15102, 1.14872,2026.03.13 08:58:22, 1.14871,0.00,0.00, 2.31,,
2026.03.13 05:19:32,81861896,EURUSD,sell,0.01, 1.15086, 1.15086, 1.14856,2026.03.13 08:58:28, 1.14854,0.00,0.00, 2.32,,
2026.03.13 05:30:28,81861920,EURUSD,sell,0.01, 1.15066, 1.15066, 1.14836,2026.03.13 08:59:17, 1.14835,0.00,0.00, 2.31,,
2026.03.13 05:32:29,81861939,EURUSD,sell,0.01, 1.15048, 1.15048, 1.14818,2026.03.13 09:00:03, 1.14812,0.00,0.00, 2.36,,
2026.03.13 06:30:31,81862147,EURUSD,sell,0.18, 1.15037, 1.15612, 1.14807,2026.03.13 09:00:03, 1.14806,0.00,0.00, 41.58,,
2026.03.13 06:32:32,81862166,EURUSD,sell,0.03, 1.15027, 1.15027, 1.14797,2026.03.13 09:00:28, 1.14797,0.00,0.00, 6.90,,
2026.03.13 06:34:34,81862172,EURUSD,sell,0.01, 1.15023, 1.15023, 1.14793,2026.03.13 09:00:48, 1.14792,0.00,0.00, 2.31,,
2026.03.13 06:36:36,81862201,EURUSD,sell,0.01, 1.15009, 1.15009, 1.14779,2026.03.13 09:06:17, 1.14777,0.00,0.00, 2.32,,
2026.03.13 08:56:14,81863212,GBPUSD,sell,1.76, 1.33172, 1.33372, 1.32946,2026.03.13 09:06:18, 1.32945,0.00,0.00, 399.52,,
2026.03.13 08:56:32,81863214,USDCHF,buy,0.35, 0.78770, 0.78770, 0.78904,2026.03.13 10:06:40, 0.78904,0.00,0.00, 59.44,,
2026.03.13 08:56:32,81863215,USDCHF,sell,0.05, 0.78759, 0.79153, 0.78601,2026.03.13 10:06:54, 0.78913,0.00,0.00,- 9.76,,
2026.03.13 08:58:35,81863239,USDCHF,sell,0.12, 0.78762, 0.79156, 0.78604,2026.03.13 10:07:08, 0.78907,0.00,0.00,- 22.05,,
2026.03.13 09:00:38,81863284,USDCHF,sell,0.17, 0.78784, 0.79178, 0.78626,2026.03.13 10:07:22, 0.78902,0.00,0.00,- 25.42,,
2026.03.13 09:02:42,81863371,USDCHF,sell,0.17, 0.78761, 0.79155, 0.78603,2026.03.13 10:07:36, 0.78902,0.00,0.00,- 30.38,,
2026.03.13 09:04:44,81863406,USDCHF,sell,0.17, 0.78788, 0.79182, 0.78630,2026.03.13 10:07:52, 0.78898,0.00,0.00,- 23.70,,
2026.03.13 09:06:21,81863449,EURUSD,sell,2.12, 1.14760, 1.14932, 1.14565,2026.03.13 09:36:46, 1.14744,0.00,0.00, 33.92,,
2026.03.13 09:06:22,81863450,GBPUSD,sell,0.27, 1.32950, 1.32950, 1.32724,2026.03.13 10:02:58, 1.32723,0.00,0.00, 61.29,,
2026.03.13 09:06:45,81863464,USDCHF,sell,0.06, 0.78813, 0.79206, 0.78654,2026.03.13 10:08:05, 0.78901,0.00,0.00,- 6.69,,
2026.03.13 09:10:42,81863508,USDCHF,sell,0.01, 0.78815, 0.79209, 0.78657,2026.03.13 10:08:20, 0.78901,0.00,0.00,- 1.09,,
2026.03.13 09:13:54,81863523,USDCHF,sell,0.01, 0.78796, 0.79190, 0.78638,2026.03.13 10:08:34, 0.78905,0.00,0.00,- 1.38,,
2026.03.13 09:16:42,81863568,USDCHF,sell,0.01, 0.78809, 0.79203, 0.78651,2026.03.13 10:08:49, 0.78901,0.00,0.00,- 1.17,,
2026.03.13 09:19:06,81863601,USDCHF,sell,0.01, 0.78814, 0.79208, 0.78656,2026.03.13 10:09:03, 0.78902,0.00,0.00,- 1.12,,
2026.03.13 09:21:27,81863629,USDCHF,sell,0.01, 0.78815, 0.79209, 0.78657,2026.03.13 10:09:17, 0.78914,0.00,0.00,- 1.25,,
2026.03.13 09:23:30,81863664,USDCHF,sell,0.01, 0.78813, 0.79207, 0.78655,2026.03.13 10:09:41, 0.78912,0.00,0.00,- 1.25,,
2026.03.13 09:25:48,81863678,USDCHF,sell,0.01, 0.78813, 0.79207, 0.78655,2026.03.13 10:09:56, 0.78913,0.00,0.00,- 1.27,,
2026.03.13 09:36:46,81863768,USDCHF,sell,0.17, 0.78764, 0.79158, 0.78606,2026.03.13 10:10:10, 0.78913,0.00,0.00,- 32.10,,
2026.03.13 09:38:48,81863787,USDCHF,sell,0.17, 0.78782, 0.79176, 0.78624,2026.03.13 10:10:24, 0.78913,0.00,0.00,- 28.22,,
2026.03.13 09:40:52,81863800,USDCHF,sell,0.17, 0.78783, 0.79177, 0.78625,2026.03.13 10:10:40, 0.78915,0.00,0.00,- 28.44,,
2026.03.13 09:42:56,81863814,USDCHF,sell,0.17, 0.78786, 0.79180, 0.78628,2026.03.13 10:10:54, 0.78912,0.00,0.00,- 27.14,,
2026.03.13 09:44:59,81863836,USDCHF,sell,0.17, 0.78803, 0.79197, 0.78645,2026.03.13 10:11:08, 0.78909,0.00,0.00,- 22.84,,
2026.03.13 09:47:01,81863848,USDCHF,sell,0.17, 0.78808, 0.79202, 0.78650,2026.03.13 10:11:22, 0.78917,0.00,0.00,- 23.48,,
2026.03.13 09:49:05,81863892,USDCHF,sell,0.17, 0.78839, 0.79233, 0.78681,2026.03.13 11:05:29, 0.78796,0.00,0.00, 9.28,,
2026.03.13 09:51:09,81863912,USDCHF,sell,0.17, 0.78818, 0.79212, 0.78660,2026.03.13 13:38:50, 0.78791,0.00,0.00, 5.83,,
2026.03.13 09:53:13,81863927,USDCHF,sell,0.17, 0.78830, 0.78830, 0.78672,2026.03.13 14:29:50, 0.78738,0.00,0.00, 19.86,,
2026.03.13 09:55:18,81863964,USDCHF,sell,0.17, 0.78853, 0.79247, 0.78695,2026.03.13 14:29:49, 0.78738,0.00,0.00, 24.83,,
2026.03.13 09:57:21,81863993,USDCHF,sell,0.17, 0.78881, 0.79275, 0.78723,2026.03.13 13:46:01, 0.78719,0.00,0.00, 34.99,,
2026.03.13 09:59:23,81864008,USDCHF,sell,0.17, 0.78860, 0.79254, 0.78702,2026.03.13 13:51:37, 0.78702,0.00,0.00, 34.13,,
2026.03.13 10:01:26,81864041,USDCHF,sell,0.17, 0.78881, 0.79275, 0.78723,2026.03.13 13:46:01, 0.78719,0.00,0.00, 34.99,,
2026.03.13 10:03:31,81864094,USDCHF,sell,0.17, 0.78859, 0.79253, 0.78701,2026.03.13 13:51:37, 0.78700,0.00,0.00, 34.35,,
2026.03.13 10:05:38,81864145,USDCHF,sell,0.17, 0.78897, 0.79290, 0.78738,2026.03.13 11:30:12, 0.78737,0.00,0.00, 34.55,,
2026.03.13 10:11:22,81864249,USDCHF,buy,1.36, 0.78917, 0.78799, 0.79051,2026.03.13 11:03:10, 0.78799,0.00,0.00,- 203.66,,
2026.03.13 11:03:10,81864754,EURUSD,sell,1.18, 1.14526, 1.14699, 1.14332,2026.03.13 12:50:44, 1.14700,0.00,0.00,- 205.32,,
2026.03.13 11:05:29,81864790,USDCHF,buy,0.35, 0.78796, 0.78678, 0.78930,2026.03.13 14:37:02, 0.78678,0.00,0.00,- 52.49,,
2026.03.13 11:30:17,81864971,GBPUSD,sell,0.6, 1.32793, 1.32793, 1.32567,2026.03.13 12:26:51, 1.32566,0.00,0.00, 136.20,,
2026.03.13 12:26:53,81865372,GBPUSD,sell,0.61, 1.32553, 1.32752, 1.32328,2026.03.13 12:50:57, 1.32752,0.00,0.00,- 121.39,,
2026.03.13 12:50:49,81865579,EURUSD,sell,1.07, 1.14699, 1.14871, 1.14504,2026.03.13 14:45:58, 1.14871,0.00,0.00,- 184.04,,
2026.03.13 12:51:00,81865583,GBPUSD,sell,0.65, 1.32738, 1.32738, 1.32512,2026.03.13 13:10:51, 1.32510,0.00,0.00, 148.20,,
2026.03.13 13:10:53,81865743,GBPUSD,sell,0.7, 1.32500, 1.32699, 1.32275,2026.03.13 14:28:30, 1.32699,0.00,0.00,- 139.30,,
2026.03.13 14:28:35,81866134,GBPUSD,sell,1.19, 1.32692, 1.32891, 1.32466,2026.03.13 14:29:54, 1.32649,0.00,0.00, 51.17,,
2026.03.13 14:29:55,81866143,USDCHF,sell,0.17, 0.78722, 0.79116, 0.78565,2026.03.13 14:31:12, 0.78726,0.00,0.00,- 0.86,,
2026.03.13 14:29:55,81866144,GBPUSD,sell,1.1, 1.32621, 1.32820, 1.32396,2026.03.13 14:45:56, 1.32821,0.00,0.00,- 220.00,,
2026.03.13 15:05:17,81866571,USDCHF,sell,2.54, 0.78719, 0.78837, 0.78585,2026.03.13 16:44:51, 0.78838,0.00,0.00,- 383.39,,
2026.03.13 15:05:18,81866572,GBPUSD,sell,0.28, 1.32674, 1.32873, 1.32448,2026.03.13 15:48:28, 1.32873,0.00,0.00,- 55.72,,
2026.03.13 15:05:26,81866573,EURUSD,buy,0.05, 1.14758, 1.14586, 1.14953,2026.03.13 16:55:52, 1.14583,0.00,0.00,- 8.75,,
2026.03.13 15:05:27,81866574,EURUSD,sell,0.01, 1.14752, 1.14752, 1.14522,2026.03.13 16:58:31, 1.14569,0.00,0.00, 1.83,,
2026.03.13 15:07:29,81866590,EURUSD,sell,0.02, 1.14756, 1.15330, 1.14526,2026.03.13 16:58:32, 1.14568,0.00,0.00, 3.76,,
2026.03.13 15:09:33,81866622,EURUSD,sell,0.02, 1.14757, 1.15331, 1.14527,2026.03.13 16:58:32, 1.14568,0.00,0.00, 3.78,,
2026.03.13 15:11:38,81866643,EURUSD,sell,0.02, 1.14763, 1.15337, 1.14533,2026.03.13 16:58:34, 1.14568,0.00,0.00, 3.90,,
2026.03.13 15:13:40,81866658,EURUSD,sell,0.02, 1.14832, 1.15406, 1.14602,2026.03.13 16:55:43, 1.14602,0.00,0.00, 4.60,,
2026.03.13 15:15:44,81866679,EURUSD,sell,0.02, 1.14786, 1.15360, 1.14556,2026.03.13 16:58:39, 1.14580,0.00,0.00, 4.12,,
2026.03.13 15:22:25,81866723,EURUSD,sell,0.01, 1.14770, 1.15344, 1.14540,2026.03.13 16:58:35, 1.14577,0.00,0.00, 1.93,,
2026.03.13 15:27:09,81866743,EURUSD,sell,0.01, 1.14774, 1.15348, 1.14544,2026.03.13 16:58:37, 1.14578,0.00,0.00, 1.96,,
2026.03.13 15:30:25,81866772,EURUSD,sell,0.02, 1.14821, 1.15395, 1.14591,2026.03.13 16:55:52, 1.14591,0.00,0.00, 4.60,,
2026.03.13 15:35:58,81866859,EURUSD,sell,0.01, 1.14796, 1.15368, 1.14564,2026.03.13 16:57:25, 1.14564,0.00,0.00, 2.32,,
2026.03.13 15:38:58,81866903,EURUSD,sell,0.01, 1.14858, 1.15432, 1.14628,2026.03.13 16:49:49, 1.14628,0.00,0.00, 2.30,,
2026.03.13 15:44:42,81866980,EURUSD,sell,0.01, 1.14865, 1.15439, 1.14635,2026.03.13 16:49:27, 1.14635,0.00,0.00, 2.30,,
2026.03.13 15:48:34,81867041,EURUSD,sell,0.02, 1.14890, 1.15464, 1.14660,2026.03.13 16:45:06, 1.14660,0.00,0.00, 4.60,,
2026.03.13 15:50:52,81867076,EURUSD,sell,0.02, 1.14829, 1.15403, 1.14599,2026.03.13 16:55:44, 1.14598,0.00,0.00, 4.62,,
2026.03.13 15:53:20,81867111,EURUSD,sell,0.02, 1.14816, 1.15390, 1.14586,2026.03.13 16:55:58, 1.14586,0.00,0.00, 4.60,,
2026.03.13 15:55:37,81867145,EURUSD,sell,0.02, 1.14853, 1.15427, 1.14623,2026.03.13 16:52:17, 1.14621,0.00,0.00, 4.64,,
2026.03.13 15:58:14,81867183,EURUSD,sell,0.02, 1.14784, 1.15358, 1.14554,2026.03.13 16:58:38, 1.14582,0.00,0.00, 4.04,,
2026.03.13 16:00:46,81867234,EURUSD,sell,0.02, 1.14765, 1.15339, 1.14535,2026.03.13 16:58:34, 1.14576,0.00,0.00, 3.78,,
2026.03.13 16:03:52,81867297,EURUSD,sell,0.02, 1.14742, 1.15316, 1.14513,2026.03.13 16:58:30, 1.14570,0.00,0.00, 3.44,,
2026.03.13 16:07:13,81867327,EURUSD,sell,0.02, 1.14748, 1.15322, 1.14519,2026.03.13 16:58:30, 1.14569,0.00,0.00, 3.58,,
2026.03.13 16:10:35,81867369,EURUSD,sell,0.02, 1.14758, 1.15332, 1.14528,2026.03.13 16:58:33, 1.14568,0.00,0.00, 3.80,,
2026.03.13 16:13:02,81867399,EURUSD,sell,0.02, 1.14778, 1.15352, 1.14548,2026.03.13 16:58:37, 1.14579,0.00,0.00, 3.98,,
2026.03.13 16:20:04,81867502,EURUSD,sell,0.02, 1.14724, 1.15297, 1.14494,2026.03.13 16:58:29, 1.14570,0.00,0.00, 3.08,,
2026.03.13 16:27:12,81867559,EURUSD,sell,0.01, 1.14773, 1.15347, 1.14543,2026.03.13 16:58:36, 1.14577,0.00,0.00, 1.96,,
2026.03.13 16:32:09,81867644,EURUSD,sell,0.01, 1.14811, 1.15385, 1.14581,2026.03.13 16:56:00, 1.14581,0.00,0.00, 2.30,,
2026.03.13 16:45:29,81867858,EURUSD,sell,0.02, 1.14656, 1.15229, 1.14427,2026.03.13 16:58:27, 1.14571,0.00,0.00, 1.70,,
2026.03.13 16:48:58,81867919,EURUSD,sell,0.02, 1.14644, 1.15217, 1.14415,2026.03.13 16:58:26, 1.14571,0.00,0.00, 1.46,,
2026.03.13 16:52:15,81867971,EURUSD,sell,0.02, 1.14618, 1.15191, 1.14389,2026.03.13 16:58:25, 1.14571,0.00,0.00, 0.94,,
2026.03.13 16:59:16,81868143,EURUSD,buy,2.14, 1.14568, 1.14396, 1.14763,2026.03.13 17:43:01, 1.14393,0.00,0.00,- 374.50,,
2026.03.13 16:59:16,81868144,EURUSD,sell,0.32, 1.14560, 1.14560, 1.14331,2026.03.13 18:00:22, 1.14435,0.00,0.00, 40.00,,
2026.03.13 16:59:17,81868145,USDCHF,sell,0.68, 0.78882, 0.79000, 0.78748,2026.03.13 18:01:43, 0.78987,0.00,0.00,- 90.39,,
2026.03.13 16:59:18,81868146,GBPUSD,buy,0.07, 1.32566, 1.32367, 1.32791,2026.03.13 17:37:19, 1.32366,0.00,0.00,- 14.00,,
2026.03.13 16:59:18,81868147,GBPUSD,sell,0.01, 1.32556, 1.32556, 1.32291,2026.03.13 18:00:28, 1.32380,0.00,0.00, 1.76,,
2026.03.13 17:02:46,81868206,EURUSD,sell,0.02, 1.14565, 1.15138, 1.14336,2026.03.13 18:00:23, 1.14437,0.00,0.00, 2.56,,
2026.03.13 17:02:47,81868207,GBPUSD,sell,0.03, 1.32520, 1.33183, 1.32255,2026.03.13 18:00:26, 1.32377,0.00,0.00, 4.29,,
2026.03.13 17:06:22,81868256,EURUSD,sell,0.06, 1.14548, 1.15121, 1.14319,2026.03.13 18:00:17, 1.14434,0.00,0.00, 6.84,,
2026.03.13 17:06:24,81868257,GBPUSD,sell,0.03, 1.32543, 1.33207, 1.32279,2026.03.13 18:00:27, 1.32381,0.00,0.00, 4.86,,
2026.03.13 17:09:49,81868300,EURUSD,sell,0.16, 1.14583, 1.15154, 1.14352,2026.03.13 17:44:23, 1.14352,0.00,0.00, 36.96,,
2026.03.13 17:09:50,81868301,GBPUSD,sell,0.03, 1.32593, 1.33256, 1.32328,2026.03.13 17:43:12, 1.32328,0.00,0.00, 7.95,,
2026.03.13 17:13:09,81868340,EURUSD,sell,0.27, 1.14583, 1.15156, 1.14354,2026.03.13 17:44:16, 1.14353,0.00,0.00, 62.10,,
2026.03.13 17:13:11,81868341,GBPUSD,sell,0.03, 1.32569, 1.33232, 1.32304,2026.03.13 18:00:29, 1.32380,0.00,0.00, 5.67,,
2026.03.13 17:16:50,81868390,EURUSD,sell,0.45, 1.14552, 1.15125, 1.14323,2026.03.13 18:00:21, 1.14435,0.00,0.00, 52.65,,
2026.03.13 17:16:52,81868391,GBPUSD,sell,0.03, 1.32516, 1.33179, 1.32251,2026.03.13 18:00:25, 1.32377,0.00,0.00, 4.17,,
2026.03.13 17:20:12,81868429,EURUSD,sell,0.8, 1.14533, 1.15106, 1.14304,2026.03.13 18:00:18, 1.14433,0.00,0.00, 80.00,,
2026.03.13 17:20:21,81868431,GBPUSD,sell,0.03, 1.32500, 1.33162, 1.32235,2026.03.13 18:00:25, 1.32377,0.00,0.00, 3.69,,
2026.03.13 17:22:21,81868458,EURUSD,sell,1.07, 1.14549, 1.15122, 1.14320,2026.03.13 18:00:17, 1.14433,0.00,0.00, 124.12,,
2026.03.13 17:22:22,81868460,GBPUSD,sell,0.03, 1.32530, 1.33193, 1.32265,2026.03.13 18:00:27, 1.32378,0.00,0.00, 4.56,,
2026.03.13 17:25:49,81868534,EURUSD,sell,0.63, 1.14478, 1.15050, 1.14249,2026.03.13 18:00:20, 1.14432,0.00,0.00, 28.98,,
2026.03.13 17:25:50,81868535,GBPUSD,sell,0.03, 1.32423, 1.33085, 1.32158,2026.03.13 18:00:24, 1.32377,0.00,0.00, 1.38,,
2026.03.13 17:29:33,81868568,EURUSD,sell,0.05, 1.14498, 1.15070, 1.14269,2026.03.13 18:00:19, 1.14433,0.00,0.00, 3.25,,
2026.03.13 17:29:34,81868569,GBPUSD,sell,0.01, 1.32446, 1.33109, 1.32182,2026.03.13 18:00:24, 1.32377,0.00,0.00, 0.69,,
2026.03.13 17:32:57,81868592,EURUSD,sell,0.01, 1.14462, 1.15034, 1.14233,2026.03.13 18:00:30, 1.14443,0.00,0.00, 0.19,,
2026.03.13 17:36:23,81868632,EURUSD,sell,0.02, 1.14419, 1.14991, 1.14190,2026.03.13 18:03:06, 1.14433,0.00,0.00,- 0.28,,
2026.03.13 18:00:36,81868989,GBPUSD,sell,1.4, 1.32372, 1.32571, 1.32147,2026.03.13 18:03:04, 1.32388,0.00,0.00,- 22.40,,
2026.03.13 22:25:15,81871392,GBPUSD,sell,1.85, 1.32213, 1.32411, 1.31988,2026.03.15 23:02:31, 1.32562,0.00,- 4.88,- 645.65,,
2026.03.13 22:25:48,81871395,EURUSD,sell,0.32, 1.14139, 1.14310, 1.13945,2026.03.16 00:00:08, 1.14362,0.00, 1.18,- 71.36,,
2026.03.13 22:30:26,81871410,USDCHF,buy,0.05, 0.79154, 0.79035, 0.79289,2026.03.15 23:02:31, 0.78878,0.00, 0.39,- 17.50,,
2026.03.13 22:37:09,81871437,USDCHF,sell,0.01, 0.79151, 0.79547, 0.78993,2026.03.16 02:00:08, 0.78992,0.00,- 0.16, 2.01,,
2026.03.13 22:39:12,81871444,USDCHF,sell,0.02, 0.79154, 0.79548, 0.78994,2026.03.16 02:00:08, 0.78992,0.00,- 0.32, 4.10,,
2026.03.13 22:42:52,81871467,USDCHF,sell,0.02, 0.79160, 0.79556, 0.79002,2026.03.15 23:14:25, 0.78999,0.00,- 0.32, 4.08,,
2026.03.13 22:45:22,81871473,USDCHF,sell,0.02, 0.79142, 0.79538, 0.78984,2026.03.16 02:01:09, 0.78983,0.00,- 0.32, 4.03,,
2026.03.13 22:48:17,81871481,USDCHF,sell,0.02, 0.79129, 0.79525, 0.78971,2026.03.16 02:02:34, 0.78971,0.00,- 0.32, 4.00,,
2026.03.13 22:51:15,81871499,USDCHF,sell,0.01, 0.79129, 0.79525, 0.78971,2026.03.16 02:02:34, 0.78971,0.00,- 0.16, 2.00,,
2026.03.13 22:54:21,81871514,USDCHF,sell,0.01, 0.79149, 0.79545, 0.78991,2026.03.16 02:00:21, 0.78990,0.00,- 0.16, 2.01,,
2026.03.16 11:32:18,81874399,USDCHF,sell,2.26, 0.78948, 0.78948, 0.78814,2026.03.16 12:24:18, 0.78811,0.00,0.00, 392.86,,
2026.03.16 11:34:21,81874407,GBPUSD,sell,0.25, 1.32435, 1.32634, 1.32210,2026.03.16 12:19:39, 1.32637,0.00,0.00,- 50.50,,
2026.03.16 11:35:05,81874416,EURUSD,buy,0.05, 1.14458, 1.14286, 1.14653,2026.03.16 12:18:57, 1.14653,0.00,0.00, 9.75,,
2026.03.16 11:35:05,81874417,EURUSD,sell,0.01, 1.14451, 1.15023, 1.14222,2026.03.16 12:22:16, 1.14720,0.00,0.00,- 2.69,,
2026.03.16 11:38:27,81874428,EURUSD,sell,0.02, 1.14450, 1.15022, 1.14221,2026.03.16 15:08:35, 1.14777,0.00,0.00,- 6.54,,
2026.03.16 11:41:48,81874446,EURUSD,sell,0.02, 1.14452, 1.15024, 1.14223,2026.03.16 15:13:17, 1.14815,0.00,0.00,- 7.26,,
2026.03.16 11:45:29,81874475,EURUSD,sell,0.02, 1.14493, 1.15062, 1.14261,2026.03.16 15:16:53, 1.14783,0.00,0.00,- 5.80,,
2026.03.16 11:49:08,81874532,EURUSD,sell,0.02, 1.14506, 1.15079, 1.14277,2026.03.16 15:20:20, 1.14760,0.00,0.00,- 5.08,,
2026.03.16 11:51:13,81874554,EURUSD,sell,0.02, 1.14496, 1.15068, 1.14267,2026.03.16 15:21:47, 1.14765,0.00,0.00,- 5.38,,
2026.03.16 11:54:50,81874584,EURUSD,sell,0.02, 1.14511, 1.15084, 1.14282,2026.03.16 15:25:19, 1.14814,0.00,0.00,- 6.06,,
2026.03.16 12:13:51,81874798,EURUSD,sell,0.01, 1.14579, 1.15152, 1.14350,2026.03.16 15:48:59, 1.14913,0.00,0.00,- 3.34,,
2026.03.16 12:16:55,81874837,EURUSD,sell,0.01, 1.14613, 1.15186, 1.14384,2026.03.16 15:58:21, 1.15001,0.00,0.00,- 3.88,,
2026.03.16 12:22:16,81874911,EURUSD,buy,0.24, 1.14720, 1.14548, 1.14915,2026.03.16 13:56:30, 1.14794,0.00,0.00, 17.76,,
2026.03.16 12:24:56,81874968,USDCHF,sell,2.25, 0.78806, 0.78924, 0.78672,2026.03.16 13:56:27, 0.78759,0.00,0.00, 134.27,,
2026.03.16 13:58:23,81875648,USDCHF,sell,2.25, 0.78765, 0.78883, 0.78631,2026.03.16 14:33:16, 0.78725,0.00,0.00, 114.32,,
2026.03.16 13:58:57,81875650,GBPUSD,buy,0.25, 1.32797, 1.32598, 1.33023,2026.03.16 15:46:51, 1.33023,0.00,0.00, 56.50,,
2026.03.16 13:58:57,81875651,GBPUSD,sell,0.03, 1.32787, 1.33451, 1.32521,2026.03.16 16:00:34, 1.33066,0.00,0.00,- 8.37,,
2026.03.16 14:01:01,81875667,GBPUSD,sell,0.06, 1.32785, 1.33450, 1.32520,2026.03.16 16:27:05, 1.33067,0.00,0.00,- 16.92,,
2026.03.16 14:04:36,81875695,GBPUSD,sell,0.12, 1.32829, 1.33493, 1.32563,2026.03.16 17:21:04, 1.33104,0.00,0.00,- 33.00,,
2026.03.16 14:08:17,81875731,GBPUSD,sell,0.12, 1.32823, 1.33487, 1.32557,2026.03.16 17:47:12, 1.33148,0.00,0.00,- 39.00,,
2026.03.16 14:10:28,81875742,GBPUSD,sell,0.12, 1.32806, 1.33470, 1.32540,2026.03.16 17:47:57, 1.33143,0.00,0.00,- 40.44,,
2026.03.16 14:12:46,81875769,GBPUSD,sell,0.1, 1.32866, 1.33530, 1.32600,2026.03.16 17:56:01, 1.32979,0.00,0.00,- 11.30,,
2026.03.16 14:17:01,81875798,GBPUSD,sell,0.01, 1.32836, 1.33500, 1.32570,2026.03.16 18:03:44, 1.33100,0.00,0.00,- 2.64,,
2026.03.16 14:32:07,81875878,GBPUSD,sell,0.01, 1.32864, 1.33528, 1.32598,2026.03.16 18:12:43, 1.33048,0.00,0.00,- 1.84,,
2026.03.16 14:36:42,81875921,GBPUSD,sell,0.12, 1.32873, 1.33537, 1.32607,2026.03.16 18:13:19, 1.33058,0.00,0.00,- 22.20,,
2026.03.16 14:39:26,81875939,GBPUSD,sell,0.12, 1.32845, 1.33509, 1.32579,2026.03.16 18:21:19, 1.33011,0.00,0.00,- 19.92,,
2026.03.16 14:42:43,81875957,GBPUSD,sell,0.12, 1.32863, 1.33527, 1.32597,2026.03.16 18:29:27, 1.32917,0.00,0.00,- 6.48,,
2026.03.16 14:45:57,81875968,GBPUSD,sell,0.12, 1.32880, 1.33541, 1.32611,2026.03.16 18:39:17, 1.32978,0.00,0.00,- 11.76,,
2026.03.16 14:49:36,81875992,GBPUSD,sell,0.12, 1.32825, 1.33489, 1.32559,2026.03.16 18:40:08, 1.33001,0.00,0.00,- 21.12,,
2026.03.16 14:53:53,81876022,GBPUSD,sell,0.12, 1.32792, 1.33456, 1.32526,2026.03.16 18:40:24, 1.32992,0.00,0.00,- 24.00,,
2026.03.16 14:56:14,81876039,GBPUSD,sell,0.12, 1.32772, 1.33436, 1.32506,2026.03.16 18:40:25, 1.32991,0.00,0.00,- 26.28,,
2026.03.16 14:59:42,81876060,GBPUSD,sell,0.12, 1.32768, 1.33432, 1.32502,2026.03.16 18:41:03, 1.32991,0.00,0.00,- 26.76,,
2026.03.16 15:03:59,81876091,GBPUSD,sell,0.12, 1.32792, 1.33456, 1.32526,2026.03.16 18:41:18, 1.33004,0.00,0.00,- 25.44,,
2026.03.16 15:06:40,81876111,GBPUSD,sell,0.12, 1.32794, 1.33458, 1.32528,2026.03.16 18:41:34, 1.32998,0.00,0.00,- 24.48,,
2026.03.16 15:10:07,81876129,GBPUSD,sell,0.12, 1.32823, 1.33487, 1.32557,2026.03.16 18:41:53, 1.33000,0.00,0.00,- 21.24,,
2026.03.16 15:13:14,81876148,GBPUSD,sell,0.12, 1.32856, 1.33520, 1.32590,2026.03.16 18:43:27, 1.33029,0.00,0.00,- 20.76,,
2026.03.16 15:16:49,81876166,GBPUSD,sell,0.12, 1.32826, 1.33490, 1.32560,2026.03.16 18:45:32, 1.32986,0.00,0.00,- 19.20,,
2026.03.16 15:20:17,81876194,GBPUSD,sell,0.12, 1.32815, 1.33479, 1.32549,2026.03.16 18:46:48, 1.33017,0.00,0.00,- 24.24,,
2026.03.16 15:23:38,81876221,GBPUSD,sell,0.06, 1.32871, 1.33535, 1.32605,2026.03.16 18:47:37, 1.33026,0.00,0.00,- 9.30,,
2026.03.16 15:27:03,81876241,GBPUSD,sell,0.03, 1.32866, 1.33530, 1.32600,2026.03.16 18:48:25, 1.33015,0.00,0.00,- 4.47,,
2026.03.16 18:40:25,81878168,GBPUSD,buy,0.95, 1.32991, 1.32792, 1.33217,2026.03.16 19:00:29, 1.33053,0.00,0.00, 58.90,,
2026.03.16 18:41:33,81878181,EURUSD,buy,1.75, 1.14905, 1.14733, 1.15100,2026.03.16 19:00:29, 1.14955,0.00,0.00, 87.50,,
2026.03.16 18:41:33,81878182,EURUSD,sell,0.26, 1.14898, 1.15472, 1.14668,2026.03.16 19:01:03, 1.15013,0.00,0.00,- 29.90,,
2026.03.16 18:42:20,81878195,USDCHF,buy,0.29, 0.78787, 0.78669, 0.78921,2026.03.16 19:01:03, 0.78734,0.00,0.00,- 19.52,,
2026.03.16 18:42:21,81878196,USDCHF,sell,0.05, 0.78777, 0.79171, 0.78619,2026.03.16 19:00:31, 0.78767,0.00,0.00, 0.63,,
2026.03.16 19:00:42,81878325,USDCHF,sell,0.14, 0.78752, 0.79146, 0.78594,2026.03.16 19:01:04, 0.78748,0.00,0.00, 0.71,,
2026.03.16 19:06:25,81878388,EURUSD,buy,2.03, 1.15008, 1.14836, 1.15205,2026.03.16 19:53:35, 1.14931,0.00,0.00,- 156.31,,
2026.03.16 19:06:25,81878389,EURUSD,sell,0.3, 1.15001, 1.15576, 1.14771,2026.03.16 19:55:05, 1.14931,0.00,0.00, 21.00,,
2026.03.16 19:06:26,81878390,USDCHF,buy,0.64, 0.78752, 0.78634, 0.78886,2026.03.16 19:55:01, 0.78825,0.00,0.00, 59.27,,
2026.03.16 19:06:26,81878391,USDCHF,sell,0.09, 0.78740, 0.79134, 0.78583,2026.03.16 19:54:54, 0.78834,0.00,0.00,- 10.73,,
2026.03.16 19:06:26,81878392,GBPUSD,buy,0.12, 1.33137, 1.32937, 1.33363,2026.03.16 19:53:53, 1.33036,0.00,0.00,- 12.12,,
2026.03.16 19:06:27,81878393,GBPUSD,sell,0.02, 1.33126, 1.33792, 1.32860,2026.03.16 19:55:09, 1.33035,0.00,0.00, 1.82,,
2026.03.16 19:08:33,81878411,EURUSD,sell,0.04, 1.15000, 1.15575, 1.14770,2026.03.16 19:55:04, 1.14930,0.00,0.00, 2.80,,
2026.03.16 19:08:35,81878412,USDCHF,sell,0.09, 0.78738, 0.79132, 0.78581,2026.03.16 19:54:57, 0.78834,0.00,0.00,- 10.96,,
2026.03.16 19:08:35,81878413,GBPUSD,sell,0.06, 1.33127, 1.33793, 1.32861,2026.03.16 19:55:09, 1.33035,0.00,0.00, 5.52,,
2026.03.16 19:10:43,81878429,EURUSD,sell,0.2, 1.14987, 1.15562, 1.14757,2026.03.16 19:55:03, 1.14926,0.00,0.00, 12.20,,
2026.03.16 19:10:44,81878430,USDCHF,sell,0.32, 0.78742, 0.79136, 0.78585,2026.03.16 19:54:02, 0.78830,0.00,0.00,- 35.72,,
2026.03.16 19:10:45,81878432,GBPUSD,sell,0.06, 1.33125, 1.33791, 1.32859,2026.03.16 19:55:08, 1.33035,0.00,0.00, 5.40,,
2026.03.16 19:12:53,81878457,EURUSD,sell,0.63, 1.15003, 1.15578, 1.14773,2026.03.16 19:55:05, 1.14930,0.00,0.00, 45.99,,
2026.03.16 19:12:54,81878460,USDCHF,sell,0.32, 0.78725, 0.79119, 0.78568,2026.03.16 19:53:58, 0.78830,0.00,0.00,- 42.62,,
2026.03.16 19:12:54,81878462,GBPUSD,sell,0.06, 1.33149, 1.33815, 1.32883,2026.03.16 19:55:11, 1.33035,0.00,0.00, 6.84,,
2026.03.16 19:15:02,81878490,EURUSD,sell,1.01, 1.14997, 1.15572, 1.14767,2026.03.16 19:55:04, 1.14928,0.00,0.00, 69.69,,
2026.03.16 19:15:03,81878491,USDCHF,sell,0.32, 0.78738, 0.79132, 0.78581,2026.03.16 19:54:00, 0.78832,0.00,0.00,- 38.16,,
2026.03.16 19:15:04,81878492,GBPUSD,sell,0.06, 1.33121, 1.33787, 1.32855,2026.03.16 19:55:07, 1.33035,0.00,0.00, 5.16,,
2026.03.16 19:17:09,81878507,EURUSD,sell,1.01, 1.14960, 1.15535, 1.14730,2026.03.16 19:55:02, 1.14928,0.00,0.00, 32.32,,
2026.03.16 19:17:10,81878508,USDCHF,sell,0.32, 0.78763, 0.79157, 0.78605,2026.03.16 19:54:05, 0.78830,0.00,0.00,- 27.20,,
2026.03.16 19:17:11,81878509,GBPUSD,sell,0.06, 1.33094, 1.33759, 1.32828,2026.03.16 19:55:06, 1.33032,0.00,0.00, 3.72,,
2026.03.16 19:19:19,81878525,EURUSD,sell,0.22, 1.14975, 1.15550, 1.14745,2026.03.16 19:55:03, 1.14928,0.00,0.00, 10.34,,
2026.03.16 19:19:19,81878526,USDCHF,sell,0.03, 0.78749, 0.79143, 0.78592,2026.03.16 19:54:55, 0.78833,0.00,0.00,- 3.20,,
2026.03.16 19:19:20,81878527,GBPUSD,sell,0.01, 1.33108, 1.33774, 1.32842,2026.03.16 19:55:06, 1.33034,0.00,0.00, 0.74,,
2026.03.16 19:55:14,81878828,GBPUSD,sell,1.74, 1.33023, 1.33223, 1.32797,2026.03.16 19:55:41, 1.33042,0.00,0.00,- 33.06,,
2026.03.16 19:55:27,81878830,USDCHF,buy,0.34, 0.78828, 0.78710, 0.78962,2026.03.16 19:55:42, 0.78819,0.00,0.00,- 3.88,,
2026.03.16 19:55:27,81878831,USDCHF,sell,0.05, 0.78818, 0.79212, 0.78660,2026.03.16 19:55:43, 0.78828,0.00,0.00,- 0.63,,
2026.03.16 19:57:05,81878842,GBPUSD,sell,1.73, 1.33037, 1.33239, 1.32813,2026.03.16 20:24:11, 1.33239,0.00,0.00,- 349.46,,
2026.03.16 19:57:32,81878845,EURUSD,buy,0.3, 1.14942, 1.14942, 1.15137,2026.03.16 20:25:37, 1.15137,0.00,0.00, 58.50,,
2026.03.16 19:57:32,81878846,EURUSD,sell,0.05, 1.14935, 1.15510, 1.14705,2026.03.16 20:26:18, 1.15169,0.00,0.00,- 11.70,,
2026.03.16 19:57:33,81878847,USDCHF,buy,0.1, 0.78827, 0.78709, 0.78961,2026.03.16 20:25:37, 0.78709,0.00,0.00,- 14.99,,
2026.03.16 19:57:33,81878848,USDCHF,sell,0.02, 0.78816, 0.78816, 0.78658,2026.03.16 20:45:13, 0.78658,0.00,0.00, 4.02,,
2026.03.16 19:59:44,81878862,EURUSD,sell,0.04, 1.14923, 1.15498, 1.14693,2026.03.16 20:27:05, 1.15191,0.00,0.00,- 10.72,,
2026.03.16 19:59:44,81878863,USDCHF,sell,0.05, 0.78834, 0.79228, 0.78676,2026.03.16 20:27:53, 0.78676,0.00,0.00, 10.04,,
2026.03.16 20:01:48,81878886,EURUSD,sell,0.09, 1.14959, 1.15534, 1.14729,2026.03.16 20:28:00, 1.15224,0.00,0.00,- 23.85,,
2026.03.16 20:01:49,81878887,USDCHF,sell,0.05, 0.78812, 0.78812, 0.78654,2026.03.16 22:00:41, 0.78762,0.00,0.00, 3.17,,
2026.03.16 20:03:52,81878906,EURUSD,sell,0.15, 1.14981, 1.15556, 1.14751,2026.03.16 20:28:56, 1.15199,0.00,0.00,- 32.70,,
2026.03.16 20:03:53,81878907,USDCHF,sell,0.05, 0.78791, 0.79185, 0.78633,2026.03.16 22:00:42, 0.78762,0.00,0.00, 1.84,,
2026.03.16 20:05:53,81878950,EURUSD,sell,0.15, 1.15006, 1.15581, 1.14776,2026.03.16 22:11:57, 1.15094,0.00,0.00,- 13.20,,
2026.03.16 20:05:54,81878951,USDCHF,sell,0.05, 0.78774, 0.79168, 0.78616,2026.03.16 22:00:43, 0.78762,0.00,0.00, 0.76,,
2026.03.16 20:08:01,81878987,USDCHF,sell,0.01, 0.78764, 0.79158, 0.78606,2026.03.16 22:00:44, 0.78760,0.00,0.00, 0.05,,
2026.03.16 20:12:04,81879050,USDCHF,sell,0.01, 0.78771, 0.79165, 0.78613,2026.03.16 22:00:43, 0.78760,0.00,0.00, 0.14,,
2026.03.16 20:24:17,81879133,EURUSD,sell,0.15, 1.15121, 1.15697, 1.14891,2026.03.16 22:00:40, 1.15090,0.00,0.00, 4.65,,
2026.03.16 20:24:18,81879135,USDCHF,sell,0.05, 0.78716, 0.79110, 0.78559,2026.03.16 22:11:57, 0.78754,0.00,0.00,- 2.41,,
2026.03.16 20:28:56,81879226,EURUSD,buy,1.48, 1.15199, 1.15026, 1.15395,2026.03.16 22:11:54, 1.15087,0.00,0.00,- 165.76,,
2026.03.16 20:45:26,81879369,GBPUSD,buy,0.66, 1.33369, 1.33169, 1.33596,2026.03.16 22:11:55, 1.33241,0.00,0.00,- 84.48,,
2026.03.16 20:45:26,81879370,GBPUSD,sell,0.09, 1.33357, 1.34024, 1.33090,2026.03.16 22:00:33, 1.33268,0.00,0.00, 8.01,,
2026.03.16 20:47:35,81879387,GBPUSD,sell,0.16, 1.33347, 1.34014, 1.33080,2026.03.16 22:00:37, 1.33264,0.00,0.00, 13.28,,
2026.03.16 20:49:44,81879400,GBPUSD,sell,0.29, 1.33327, 1.33993, 1.33059,2026.03.16 22:00:35, 1.33268,0.00,0.00, 17.11,,
2026.03.16 20:51:51,81879419,GBPUSD,sell,0.33, 1.33300, 1.33966, 1.33033,2026.03.16 22:00:39, 1.33264,0.00,0.00, 11.88,,
2026.03.16 20:53:59,81879431,GBPUSD,sell,0.33, 1.33309, 1.33976, 1.33042,2026.03.16 22:00:38, 1.33264,0.00,0.00, 14.85,,
2026.03.16 20:56:08,81879437,GBPUSD,sell,0.18, 1.33324, 1.33991, 1.33057,2026.03.16 22:00:35, 1.33268,0.00,0.00, 10.08,,
2026.03.16 20:58:20,81879449,GBPUSD,sell,0.02, 1.33316, 1.33983, 1.33049,2026.03.16 22:00:36, 1.33264,0.00,0.00, 1.04,,
2026.03.16 21:00:29,81879462,GBPUSD,sell,0.01, 1.33337, 1.34004, 1.33070,2026.03.16 22:00:34, 1.33268,0.00,0.00, 0.69,,
2026.03.16 22:00:34,81879898,GBPUSD,sell,0.07, 1.33259, 1.33925, 1.32992,2026.03.16 22:11:55, 1.33251,0.00,0.00, 0.56,,
2026.03.17 11:03:46,81882566,USDCHF,sell,2.17, 0.78701, 0.78819, 0.78567,2026.03.17 12:57:58, 0.78679,0.00,0.00, 60.68,,
2026.03.17 11:03:50,81882567,EURUSD,buy,0.27, 1.15140, 1.14967, 1.15336,2026.03.17 14:03:52, 1.15063,0.00,0.00,- 20.79,,
2026.03.17 11:03:50,81882568,EURUSD,sell,0.04, 1.15132, 1.15708, 1.14902,2026.03.17 14:04:30, 1.15099,0.00,0.00, 1.32,,
2026.03.17 11:03:52,81882573,GBPUSD,buy,0.07, 1.33329, 1.33129, 1.33556,2026.03.17 14:03:47, 1.33125,0.00,0.00,- 14.28,,
2026.03.17 11:03:52,81882574,GBPUSD,sell,0.01, 1.33319, 1.33319, 1.33053,2026.03.17 14:03:54, 1.33128,0.00,0.00, 1.91,,
2026.03.17 11:05:53,81882595,EURUSD,sell,0.02, 1.15136, 1.15712, 1.14906,2026.03.17 14:05:55, 1.15134,0.00,0.00, 0.04,,
2026.03.17 11:05:54,81882597,GBPUSD,sell,0.03, 1.33317, 1.33984, 1.33050,2026.03.17 14:04:08, 1.33128,0.00,0.00, 5.67,,
2026.03.17 11:07:56,81882613,EURUSD,sell,0.06, 1.15137, 1.15713, 1.14907,2026.03.17 14:07:59, 1.15176,0.00,0.00,- 2.34,,
2026.03.17 11:07:58,81882614,GBPUSD,sell,0.03, 1.33308, 1.33975, 1.33041,2026.03.17 14:08:01, 1.33286,0.00,0.00, 0.66,,
2026.03.17 11:09:56,81882630,EURUSD,sell,0.13, 1.15141, 1.15717, 1.14911,2026.03.17 12:58:21, 1.15066,0.00,0.00, 9.75,,
2026.03.17 11:10:02,81882632,GBPUSD,sell,0.03, 1.33306, 1.33973, 1.33039,2026.03.17 14:10:03, 1.33327,0.00,0.00,- 0.63,,
2026.03.17 11:11:58,81882648,EURUSD,sell,0.13, 1.15134, 1.15710, 1.14904,2026.03.17 12:58:23, 1.15064,0.00,0.00, 9.10,,
2026.03.17 11:12:04,81882649,GBPUSD,sell,0.03, 1.33294, 1.33960, 1.33027,2026.03.17 14:12:05, 1.33323,0.00,0.00,- 0.87,,
2026.03.17 11:13:58,81882653,EURUSD,sell,0.12, 1.15120, 1.15696, 1.14890,2026.03.17 14:14:01, 1.15225,0.00,0.00,- 12.60,,
2026.03.17 11:14:04,81882654,GBPUSD,sell,0.01, 1.33274, 1.33939, 1.33006,2026.03.17 14:14:06, 1.33353,0.00,0.00,- 0.79,,
2026.03.17 11:16:01,81882665,EURUSD,sell,0.02, 1.15121, 1.15697, 1.14891,2026.03.17 14:16:01, 1.15227,0.00,0.00,- 2.12,,
2026.03.17 11:26:08,81882719,GBPUSD,sell,0.01, 1.33343, 1.34010, 1.33076,2026.03.17 14:31:52, 1.33291,0.00,0.00, 0.52,,
2026.03.17 11:28:19,81882760,EURUSD,sell,0.01, 1.15230, 1.15806, 1.15000,2026.03.17 14:32:06, 1.15184,0.00,0.00, 0.46,,
2026.03.17 11:29:47,81882772,GBPUSD,sell,0.01, 1.33364, 1.34031, 1.33097,2026.03.17 14:32:07, 1.33316,0.00,0.00, 0.48,,
2026.03.17 11:30:44,81882786,EURUSD,sell,0.01, 1.15216, 1.15792, 1.14986,2026.03.17 14:32:11, 1.15187,0.00,0.00, 0.29,,
2026.03.17 12:57:59,81883365,EURUSD,sell,0.13, 1.15063, 1.15638, 1.14833,2026.03.17 15:01:53, 1.15314,0.00,0.00,- 32.63,,
2026.03.17 12:58:01,81883366,GBPUSD,sell,0.03, 1.33241, 1.33907, 1.32975,2026.03.17 15:24:10, 1.33538,0.00,0.00,- 8.91,,
2026.03.17 13:00:00,81883371,EURUSD,sell,0.13, 1.15059, 1.15634, 1.14829,2026.03.17 15:02:29, 1.15324,0.00,0.00,- 34.45,,
2026.03.17 13:00:05,81883373,GBPUSD,sell,0.03, 1.33234, 1.33900, 1.32968,2026.03.17 15:24:25, 1.33525,0.00,0.00,- 8.73,,
2026.03.17 13:02:01,81883387,EURUSD,sell,0.13, 1.15049, 1.15624, 1.14819,2026.03.17 15:02:43, 1.15327,0.00,0.00,- 36.14,,
2026.03.17 13:02:07,81883388,GBPUSD,sell,0.03, 1.33226, 1.33892, 1.32960,2026.03.17 15:33:09, 1.33564,0.00,0.00,- 10.14,,
2026.03.17 13:04:05,81883392,EURUSD,sell,0.13, 1.15071, 1.15646, 1.14841,2026.03.17 15:02:58, 1.15355,0.00,0.00,- 36.92,,
2026.03.17 13:04:11,81883393,GBPUSD,sell,0.03, 1.33269, 1.33934, 1.33001,2026.03.17 15:33:55, 1.33558,0.00,0.00,- 8.67,,
2026.03.17 13:06:07,81883398,EURUSD,sell,0.13, 1.15080, 1.15655, 1.14850,2026.03.17 15:03:12, 1.15349,0.00,0.00,- 34.97,,
2026.03.17 13:06:17,81883399,GBPUSD,sell,0.03, 1.33258, 1.33924, 1.32991,2026.03.17 15:34:41, 1.33559,0.00,0.00,- 9.03,,
2026.03.17 13:08:12,81883409,EURUSD,sell,0.13, 1.15119, 1.15695, 1.14889,2026.03.17 15:03:27, 1.15359,0.00,0.00,- 31.20,,
2026.03.17 13:08:18,81883410,GBPUSD,sell,0.03, 1.33295, 1.33961, 1.33028,2026.03.17 15:35:26, 1.33566,0.00,0.00,- 8.13,,
2026.03.17 13:10:12,81883423,EURUSD,sell,0.13, 1.15117, 1.15693, 1.14887,2026.03.17 15:03:41, 1.15358,0.00,0.00,- 31.33,,
2026.03.17 13:10:23,81883426,GBPUSD,sell,0.03, 1.33317, 1.33984, 1.33050,2026.03.17 15:36:07, 1.33580,0.00,0.00,- 7.89,,
2026.03.17 13:12:12,81883432,EURUSD,sell,0.13, 1.15126, 1.15701, 1.14895,2026.03.17 15:03:56, 1.15367,0.00,0.00,- 31.33,,
2026.03.17 13:12:23,81883433,GBPUSD,sell,0.03, 1.33329, 1.33996, 1.33062,2026.03.17 15:36:49, 1.33592,0.00,0.00,- 7.89,,
2026.03.17 13:14:14,81883446,EURUSD,sell,0.13, 1.15112, 1.15689, 1.14883,2026.03.17 15:04:11, 1.15339,0.00,0.00,- 29.51,,
2026.03.17 13:14:25,81883447,GBPUSD,sell,0.03, 1.33323, 1.33990, 1.33056,2026.03.17 15:37:33, 1.33564,0.00,0.00,- 7.23,,
2026.03.17 13:16:19,81883459,EURUSD,sell,0.13, 1.15145, 1.15721, 1.14915,2026.03.17 15:04:26, 1.15329,0.00,0.00,- 23.92,,
2026.03.17 13:16:30,81883460,GBPUSD,sell,0.03, 1.33332, 1.33999, 1.33065,2026.03.17 15:38:16, 1.33576,0.00,0.00,- 7.32,,
2026.03.17 13:18:23,81883471,EURUSD,sell,0.13, 1.15126, 1.15702, 1.14896,2026.03.17 15:04:41, 1.15354,0.00,0.00,- 29.64,,
2026.03.17 13:18:34,81883473,GBPUSD,sell,0.03, 1.33316, 1.33983, 1.33049,2026.03.17 15:38:58, 1.33571,0.00,0.00,- 7.65,,
2026.03.17 13:20:25,81883479,EURUSD,sell,0.13, 1.15137, 1.15713, 1.14907,2026.03.17 15:04:56, 1.15348,0.00,0.00,- 27.43,,
2026.03.17 13:20:35,81883480,GBPUSD,sell,0.03, 1.33312, 1.33979, 1.33045,2026.03.17 15:39:40, 1.33568,0.00,0.00,- 7.68,,
2026.03.17 13:22:27,81883490,EURUSD,sell,0.09, 1.15157, 1.15733, 1.14927,2026.03.17 15:05:10, 1.15342,0.00,0.00,- 16.65,,
2026.03.17 13:22:38,81883497,GBPUSD,sell,0.01, 1.33344, 1.34011, 1.33077,2026.03.17 16:22:44, 1.33463,0.00,0.00,- 1.19,,
2026.03.17 13:24:29,81883504,EURUSD,sell,0.01, 1.15150, 1.15726, 1.14920,2026.03.17 15:05:25, 1.15340,0.00,0.00,- 1.90,,
2026.03.17 13:29:04,81883522,EURUSD,sell,0.01, 1.15141, 1.15717, 1.14911,2026.03.17 15:05:39, 1.15340,0.00,0.00,- 1.99,,
2026.03.17 13:30:39,81883533,GBPUSD,sell,0.01, 1.33304, 1.33971, 1.33037,2026.03.17 16:30:51, 1.33456,0.00,0.00,- 1.52,,
2026.03.17 13:33:25,81883538,EURUSD,sell,0.01, 1.15100, 1.15675, 1.14870,2026.03.17 15:05:54, 1.15329,0.00,0.00,- 2.29,,
2026.03.17 13:54:04,81883615,EURUSD,sell,0.01, 1.15099, 1.15674, 1.14869,2026.03.17 15:06:22, 1.15314,0.00,0.00,- 2.15,,
2026.03.17 13:55:18,81883619,GBPUSD,sell,0.01, 1.33171, 1.33837, 1.32905,2026.03.17 16:55:22, 1.33521,0.00,0.00,- 3.50,,
2026.03.17 13:57:07,81883626,EURUSD,sell,0.01, 1.15067, 1.15642, 1.14837,2026.03.17 15:06:53, 1.15323,0.00,0.00,- 2.56,,
2026.03.17 14:01:38,81883651,EURUSD,sell,0.01, 1.15044, 1.15619, 1.14814,2026.03.17 15:07:08, 1.15333,0.00,0.00,- 2.89,,
2026.03.17 15:39:40,81884607,GBPUSD,buy,1.5, 1.33568, 1.33368, 1.33795,2026.03.17 17:36:50, 1.33366,0.00,0.00,- 303.00,,
2026.03.17 16:22:58,81885171,USDCHF,sell,0.32, 0.78655, 0.78655, 0.78521,2026.03.17 18:23:24, 0.78521,0.00,0.00, 54.61,,
2026.03.17 16:43:53,81885565,EURUSD,buy,0.06, 1.15323, 1.15150, 1.15519,2026.03.17 19:44:00, 1.15341,0.00,0.00, 1.08,,
2026.03.17 16:43:54,81885566,EURUSD,sell,0.01, 1.15316, 1.15893, 1.15085,2026.03.17 19:44:15, 1.15359,0.00,0.00,- 0.43,,
2026.03.17 16:45:58,81885613,EURUSD,sell,0.03, 1.15352, 1.15929, 1.15121,2026.03.17 19:45:58, 1.15364,0.00,0.00,- 0.36,,
2026.03.17 16:48:07,81885633,EURUSD,sell,0.03, 1.15346, 1.15923, 1.15115,2026.03.17 19:48:18, 1.15373,0.00,0.00,- 0.81,,
2026.03.17 16:50:15,81885655,EURUSD,sell,0.03, 1.15366, 1.15942, 1.15134,2026.03.17 19:50:23, 1.15393,0.00,0.00,- 0.81,,
2026.03.17 16:52:21,81885684,EURUSD,sell,0.02, 1.15345, 1.15922, 1.15114,2026.03.17 19:52:30, 1.15394,0.00,0.00,- 0.98,,
2026.03.17 16:54:26,81885705,EURUSD,sell,0.01, 1.15361, 1.15938, 1.15130,2026.03.17 19:54:43, 1.15399,0.00,0.00,- 0.38,,
2026.03.17 17:04:09,81885895,EURUSD,sell,0.01, 1.15375, 1.15952, 1.15144,2026.03.17 20:04:09, 1.15447,0.00,0.00,- 0.72,,
2026.03.17 17:36:59,81886359,EURUSD,sell,0.03, 1.15206, 1.15785, 1.14979,2026.03.17 20:37:13, 1.15400,0.00,0.00,- 5.82,,
2026.03.17 17:39:07,81886397,EURUSD,sell,0.03, 1.15250, 1.15826, 1.15020,2026.03.17 20:39:17, 1.15410,0.00,0.00,- 4.80,,
2026.03.17 17:41:15,81886445,EURUSD,sell,0.03, 1.15231, 1.15807, 1.15001,2026.03.17 20:41:26, 1.15401,0.00,0.00,- 5.10,,
2026.03.17 17:43:24,81886490,EURUSD,sell,0.03, 1.15228, 1.15804, 1.14998,2026.03.17 20:43:30, 1.15407,0.00,0.00,- 5.37,,
2026.03.17 17:45:32,81886524,EURUSD,sell,0.03, 1.15240, 1.15815, 1.15009,2026.03.17 20:45:34, 1.15409,0.00,0.00,- 5.07,,
2026.03.17 17:47:37,81886549,EURUSD,sell,0.03, 1.15259, 1.15835, 1.15028,2026.03.17 20:47:39, 1.15434,0.00,0.00,- 5.25,,
2026.03.17 17:49:40,81886568,EURUSD,sell,0.03, 1.15231, 1.15807, 1.15001,2026.03.17 20:49:44, 1.15416,0.00,0.00,- 5.55,,
2026.03.17 17:51:44,81886585,EURUSD,sell,0.03, 1.15223, 1.15799, 1.14993,2026.03.17 20:51:45, 1.15414,0.00,0.00,- 5.73,,
2026.03.17 17:53:52,81886612,EURUSD,sell,0.03, 1.15236, 1.15812, 1.15006,2026.03.17 20:54:04, 1.15418,0.00,0.00,- 5.46,,
2026.03.17 17:56:02,81886632,EURUSD,sell,0.03, 1.15246, 1.15822, 1.15016,2026.03.17 20:56:02, 1.15416,0.00,0.00,- 5.10,,
2026.03.17 17:58:10,81886652,EURUSD,sell,0.03, 1.15242, 1.15818, 1.15012,2026.03.17 20:58:19, 1.15407,0.00,0.00,- 4.95,,
2026.03.17 18:00:16,81886660,EURUSD,sell,0.03, 1.15248, 1.15825, 1.15019,2026.03.17 21:00:16, 1.15386,0.00,0.00,- 4.14,,
2026.03.17 18:02:32,81886673,EURUSD,sell,0.03, 1.15200, 1.15776, 1.14970,2026.03.17 21:02:39, 1.15400,0.00,0.00,- 6.00,,
2026.03.17 18:04:41,81886707,EURUSD,sell,0.03, 1.15201, 1.15777, 1.14971,2026.03.17 21:04:53, 1.15396,0.00,0.00,- 5.85,,
2026.03.17 18:06:44,81886723,EURUSD,sell,0.03, 1.15230, 1.15806, 1.15000,2026.03.17 21:06:47, 1.15401,0.00,0.00,- 5.13,,
2026.03.17 18:08:55,81886753,EURUSD,sell,0.03, 1.15217, 1.15792, 1.14986,2026.03.17 21:09:04, 1.15411,0.00,0.00,- 5.82,,
2026.03.17 18:11:03,81886778,EURUSD,sell,0.03, 1.15244, 1.15820, 1.15014,2026.03.17 21:11:10, 1.15400,0.00,0.00,- 4.68,,
2026.03.17 18:13:11,81886804,EURUSD,sell,0.03, 1.15254, 1.15830, 1.15023,2026.03.17 21:13:15, 1.15401,0.00,0.00,- 4.41,,
2026.03.17 18:15:13,81886817,EURUSD,sell,0.03, 1.15243, 1.15819, 1.15013,2026.03.17 21:15:15, 1.15402,0.00,0.00,- 4.77,,
2026.03.17 18:17:20,81886828,EURUSD,sell,0.03, 1.15254, 1.15830, 1.15023,2026.03.17 21:17:24, 1.15401,0.00,0.00,- 4.41,,
2026.03.17 18:19:26,81886869,EURUSD,sell,0.03, 1.15290, 1.15866, 1.15059,2026.03.17 21:19:28, 1.15411,0.00,0.00,- 3.63,,
2026.03.17 18:21:30,81886892,EURUSD,sell,0.03, 1.15286, 1.15862, 1.15055,2026.03.17 21:21:31, 1.15403,0.00,0.00,- 3.51,,
2026.03.17 18:23:31,81886913,EURUSD,sell,0.03, 1.15285, 1.15861, 1.15054,2026.03.17 21:23:31, 1.15399,0.00,0.00,- 3.42,,
2026.03.17 18:25:34,81886943,EURUSD,sell,0.03, 1.15280, 1.15856, 1.15049,2026.03.17 21:25:37, 1.15401,0.00,0.00,- 3.63,,
2026.03.17 18:27:46,81886973,EURUSD,sell,0.03, 1.15277, 1.15853, 1.15046,2026.03.17 21:27:57, 1.15396,0.00,0.00,- 3.57,,
2026.03.17 18:29:51,81886985,EURUSD,sell,0.03, 1.15293, 1.15869, 1.15062,2026.03.17 21:30:01, 1.15385,0.00,0.00,- 2.76,,
2026.03.17 18:32:02,81887016,EURUSD,sell,0.03, 1.15287, 1.15861, 1.15054,2026.03.17 21:32:10, 1.15371,0.00,0.00,- 2.52,,
2026.03.17 18:34:07,81887042,EURUSD,sell,0.03, 1.15285, 1.15861, 1.15054,2026.03.17 21:34:08, 1.15360,0.00,0.00,- 2.25,,
2026.03.17 18:36:12,81887065,EURUSD,sell,0.03, 1.15278, 1.15854, 1.15047,2026.03.17 21:36:20, 1.15371,0.00,0.00,- 2.79,,
2026.03.17 18:38:14,81887076,EURUSD,sell,0.03, 1.15265, 1.15841, 1.15034,2026.03.17 21:38:24, 1.15363,0.00,0.00,- 2.94,,
2026.03.17 18:40:18,81887087,EURUSD,sell,0.03, 1.15301, 1.15878, 1.15070,2026.03.17 21:40:24, 1.15366,0.00,0.00,- 1.95,,
2026.03.17 18:42:19,81887100,EURUSD,sell,0.03, 1.15291, 1.15867, 1.15060,2026.03.17 21:42:25, 1.15375,0.00,0.00,- 2.52,,
2026.03.17 18:44:24,81887116,EURUSD,sell,0.03, 1.15295, 1.15871, 1.15064,2026.03.17 21:44:30, 1.15371,0.00,0.00,- 2.28,,
2026.03.17 18:46:34,81887137,EURUSD,sell,0.03, 1.15320, 1.15897, 1.15089,2026.03.17 21:46:46, 1.15371,0.00,0.00,- 1.53,,
2026.03.17 18:48:40,81887148,EURUSD,sell,0.03, 1.15311, 1.15888, 1.15080,2026.03.17 21:48:52, 1.15371,0.00,0.00,- 1.80,,
2026.03.17 18:50:40,81887154,EURUSD,sell,0.03, 1.15292, 1.15868, 1.15061,2026.03.17 21:50:43, 1.15365,0.00,0.00,- 2.19,,
2026.03.17 18:52:48,81887161,EURUSD,sell,0.03, 1.15293, 1.15869, 1.15062,2026.03.17 21:53:03, 1.15367,0.00,0.00,- 2.22,,
2026.03.17 18:54:57,81887169,EURUSD,sell,0.03, 1.15307, 1.15884, 1.15076,2026.03.17 21:55:07, 1.15364,0.00,0.00,- 1.71,,
2026.03.17 18:57:08,81887175,EURUSD,sell,0.03, 1.15291, 1.15868, 1.15061,2026.03.17 21:57:17, 1.15345,0.00,0.00,- 1.62,,
2026.03.17 18:59:18,81887180,EURUSD,sell,0.03, 1.15292, 1.15868, 1.15061,2026.03.17 21:59:31, 1.15351,0.00,0.00,- 1.77,,
2026.03.17 19:01:20,81887191,EURUSD,sell,0.03, 1.15274, 1.15850, 1.15043,2026.03.17 22:01:24, 1.15358,0.00,0.00,- 2.52,,
2026.03.17 19:03:37,81887216,EURUSD,sell,0.03, 1.15290, 1.15866, 1.15059,2026.03.17 22:03:38, 1.15374,0.00,0.00,- 2.52,,
2026.03.17 19:05:47,81887248,EURUSD,sell,0.03, 1.15293, 1.15869, 1.15062,2026.03.17 22:05:47, 1.15402,0.00,0.00,- 3.27,,
2026.03.17 19:07:54,81887291,EURUSD,sell,0.03, 1.15292, 1.15868, 1.15061,2026.03.17 22:07:57, 1.15387,0.00,0.00,- 2.85,,
2026.03.17 19:09:57,81887299,EURUSD,sell,0.03, 1.15318, 1.15895, 1.15087,2026.03.17 22:10:06, 1.15381,0.00,0.00,- 1.89,,
2026.03.17 19:12:07,81887323,EURUSD,sell,0.03, 1.15293, 1.15869, 1.15062,2026.03.17 22:12:08, 1.15363,0.00,0.00,- 2.10,,
2026.03.17 19:14:17,81887331,EURUSD,sell,0.03, 1.15281, 1.15857, 1.15050,2026.03.17 22:14:18, 1.15378,0.00,0.00,- 2.91,,
2026.03.17 19:16:24,81887338,EURUSD,sell,0.03, 1.15284, 1.15860, 1.15053,2026.03.17 22:17:31, 1.15380,0.00,0.00,- 2.88,,
2026.03.17 19:18:30,81887343,EURUSD,sell,0.03, 1.15286, 1.15862, 1.15055,2026.03.17 22:17:42, 1.15379,0.00,0.00,- 2.79,,
2026.03.17 19:20:36,81887357,EURUSD,sell,0.03, 1.15281, 1.15857, 1.15050,2026.03.17 22:17:56, 1.15380,0.00,0.00,- 2.97,,
2026.03.17 19:22:42,81887368,EURUSD,sell,0.03, 1.15297, 1.15873, 1.15066,2026.03.17 22:18:11, 1.15380,0.00,0.00,- 2.49,,
2026.03.17 19:24:50,81887389,EURUSD,sell,0.03, 1.15307, 1.15884, 1.15076,2026.03.17 22:18:26, 1.15380,0.00,0.00,- 2.19,,
2026.03.17 19:26:59,81887400,EURUSD,sell,0.03, 1.15297, 1.15873, 1.15066,2026.03.17 22:27:00, 1.15370,0.00,0.00,- 2.19,,
2026.03.17 19:29:09,81887412,EURUSD,sell,0.03, 1.15322, 1.15899, 1.15091,2026.03.17 22:29:10, 1.15371,0.00,0.00,- 1.47,,
2026.03.17 19:31:35,81887424,EURUSD,sell,0.03, 1.15333, 1.15910, 1.15102,2026.03.17 22:31:37, 1.15377,0.00,0.00,- 1.32,,
2026.03.17 19:33:41,81887439,EURUSD,sell,0.03, 1.15349, 1.15926, 1.15118,2026.03.17 22:17:00, 1.15380,0.00,0.00,- 0.93,,
2026.03.17 19:35:45,81887454,EURUSD,sell,0.03, 1.15356, 1.15933, 1.15125,2026.03.17 22:16:58, 1.15381,0.00,0.00,- 0.75,,
2026.03.17 19:37:52,81887468,EURUSD,sell,0.03, 1.15370, 1.15947, 1.15139,2026.03.17 22:16:51, 1.15381,0.00,0.00,- 0.33,,
2026.03.17 19:40:02,81887475,EURUSD,sell,0.03, 1.15383, 1.15960, 1.15152,2026.03.17 22:16:44, 1.15383,0.00,0.00,0.00,,
2026.03.17 19:42:18,81887489,EURUSD,sell,0.03, 1.15380, 1.15957, 1.15149,2026.03.17 22:16:48, 1.15383,0.00,0.00,- 0.09,,
2026.03.17 22:18:27,81888470,EURUSD,buy,1.6, 1.15380, 1.15207, 1.15576,2026.03.18 10:24:35, 1.15207,0.00,- 16.56,- 276.80,,
2026.03.17 22:27:01,81888508,GBPUSD,buy,0.31, 1.33532, 1.33332, 1.33759,2026.03.18 12:10:57, 1.33607,0.00,- 0.69, 23.25,,
2026.03.17 22:27:02,81888509,GBPUSD,sell,0.05, 1.33524, 1.34192, 1.33257,2026.03.18 14:42:56, 1.33256,0.00,- 0.13, 13.40,,
2026.03.17 22:29:02,81888514,GBPUSD,sell,0.09, 1.33517, 1.34185, 1.33250,2026.03.18 14:42:58, 1.33249,0.00,- 0.24, 24.12,,
2026.03.17 22:31:04,81888516,GBPUSD,sell,0.14, 1.33521, 1.34189, 1.33254,2026.03.18 14:42:57, 1.33254,0.00,- 0.37, 37.38,,
2026.03.17 22:31:38,81888518,EURUSD,sell,0.28, 1.15369, 1.15946, 1.15138,2026.03.18 14:44:18, 1.15138,0.00, 1.03, 64.68,,
2026.03.17 22:33:07,81888524,GBPUSD,sell,0.15, 1.33532, 1.34200, 1.33265,2026.03.18 14:30:32, 1.33265,0.00,- 0.40, 40.05,,
2026.03.17 22:33:40,81888528,EURUSD,sell,0.43, 1.15375, 1.15952, 1.15144,2026.03.18 14:44:17, 1.15144,0.00, 1.58, 99.33,,
2026.03.17 22:35:10,81888532,GBPUSD,sell,0.15, 1.33542, 1.34210, 1.33275,2026.03.18 14:30:31, 1.33275,0.00,- 0.40, 40.05,,
2026.03.17 22:35:43,81888535,EURUSD,sell,0.65, 1.15379, 1.15956, 1.15148,2026.03.18 14:44:16, 1.15148,0.00, 2.39, 150.15,,
2026.03.17 22:37:14,81888536,GBPUSD,sell,0.15, 1.33537, 1.34205, 1.33270,2026.03.18 14:30:31, 1.33270,0.00,- 0.40, 40.05,,
2026.03.17 22:37:47,81888537,EURUSD,sell,0.8, 1.15372, 1.15949, 1.15141,2026.03.18 12:10:59, 1.15434,0.00, 2.94,- 49.60,,
2026.03.17 22:39:19,81888539,GBPUSD,sell,0.15, 1.33536, 1.34204, 1.33269,2026.03.18 14:30:31, 1.33267,0.00,- 0.40, 40.35,,
2026.03.17 22:39:51,81888540,EURUSD,sell,0.63, 1.15379, 1.15956, 1.15148,2026.03.18 14:44:16, 1.15148,0.00, 2.32, 145.53,,
2026.03.17 22:41:21,81888545,GBPUSD,sell,0.08, 1.33541, 1.34209, 1.33274,2026.03.18 14:30:31, 1.33273,0.00,- 0.21, 21.44,,
2026.03.17 22:41:54,81888547,EURUSD,sell,0.01, 1.15381, 1.15958, 1.15150,2026.03.18 14:44:12, 1.15150,0.00, 0.04, 2.31,,
2026.03.17 22:51:20,81888569,EURUSD,sell,0.01, 1.15377, 1.15954, 1.15146,2026.03.18 14:44:17, 1.15146,0.00, 0.04, 2.31,,
2026.03.19 10:07:24,81903240,USDCHF,sell,2.04, 0.79260, 0.79379, 0.79125,2026.03.19 10:30:48, 0.79380,0.00,0.00,- 308.39,,
2026.03.19 10:07:29,81903243,EURUSD,sell,0.26, 1.14463, 1.14635, 1.14268,2026.03.19 11:06:19, 1.14636,0.00,0.00,- 44.98,,
2026.03.19 10:07:30,81903244,GBPUSD,sell,0.03, 1.32533, 1.32732, 1.32308,2026.03.19 11:19:33, 1.32732,0.00,0.00,- 5.97,,
2026.03.19 10:30:52,81903611,USDCHF,sell,1.67, 0.79361, 0.79361, 0.79226,2026.03.19 10:32:30, 0.79217,0.00,0.00, 303.57,,
2026.03.19 10:32:33,81903629,USDCHF,sell,1.74, 0.79190, 0.79309, 0.79055,2026.03.19 10:35:31, 0.79309,0.00,0.00,- 261.08,,
2026.03.19 10:35:37,81903695,USDCHF,sell,1.68, 0.79294, 0.79413, 0.79159,2026.03.19 11:41:44, 0.79422,0.00,0.00,- 270.76,,
2026.03.19 11:06:23,81904191,EURUSD,sell,0.47, 1.14629, 1.14800, 1.14433,2026.03.19 11:21:59, 1.14802,0.00,0.00,- 81.31,,
2026.03.19 11:19:36,81904334,GBPUSD,sell,0.01, 1.32719, 1.32918, 1.32493,2026.03.19 11:51:43, 1.32918,0.00,0.00,- 1.99,,
2026.03.19 11:22:04,81904410,EURUSD,sell,0.45, 1.14787, 1.14959, 1.14592,2026.03.19 11:26:34, 1.14589,0.00,0.00, 89.10,,
2026.03.19 11:26:35,81904559,EURUSD,sell,0.42, 1.14569, 1.14741, 1.14374,2026.03.19 11:47:18, 1.14742,0.00,0.00,- 72.66,,
2026.03.19 11:41:58,81904786,USDCHF,buy,1.46, 0.79413, 0.79413, 0.79548,2026.03.19 11:58:03, 0.79411,0.00,0.00,- 3.68,,
2026.03.19 11:41:58,81904787,USDCHF,sell,0.21, 0.79404, 0.79801, 0.79245,2026.03.19 12:42:09, 0.79542,0.00,0.00,- 36.43,,
2026.03.19 11:43:59,81904812,USDCHF,sell,0.4, 0.79438, 0.79835, 0.79279,2026.03.19 12:42:23, 0.79539,0.00,0.00,- 50.79,,
2026.03.19 11:46:00,81904844,USDCHF,sell,0.73, 0.79494, 0.79891, 0.79335,2026.03.19 12:05:48, 0.79334,0.00,0.00, 147.23,,
2026.03.19 11:48:05,81904879,USDCHF,sell,0.73, 0.79512, 0.79910, 0.79353,2026.03.19 12:01:07, 0.79351,0.00,0.00, 148.11,,
2026.03.19 11:50:05,81904919,USDCHF,sell,0.73, 0.79469, 0.79866, 0.79310,2026.03.19 14:32:34, 0.79415,0.00,0.00, 49.64,,
2026.03.19 11:52:08,81904990,USDCHF,sell,0.73, 0.79499, 0.79897, 0.79341,2026.03.19 12:01:35, 0.79341,0.00,0.00, 145.37,,
2026.03.19 11:54:10,81905021,USDCHF,sell,0.14, 0.79457, 0.79854, 0.79298,2026.03.19 15:02:05, 0.79428,0.00,0.00, 5.11,,
2026.03.19 11:56:13,81905035,USDCHF,sell,0.02, 0.79457, 0.79457, 0.79298,2026.03.19 15:10:35, 0.79427,0.00,0.00, 0.76,,
2026.03.19 12:42:23,81905527,USDCHF,buy,1.18, 0.79539, 0.79420, 0.79674,2026.03.19 14:07:24, 0.79420,0.00,0.00,- 176.81,,
2026.03.19 14:07:35,81906436,EURUSD,buy,1.02, 1.14831, 1.14659, 1.15026,2026.03.19 14:27:03, 1.14658,0.00,0.00,- 176.46,,
2026.03.19 14:07:35,81906439,EURUSD,sell,0.15, 1.14829, 1.14829, 1.14597,2026.03.19 14:27:18, 1.14643,0.00,0.00, 27.90,,
2026.03.19 14:09:36,81906461,EURUSD,sell,0.26, 1.14767, 1.15341, 1.14537,2026.03.19 14:28:02, 1.14650,0.00,0.00, 30.42,,
2026.03.19 14:11:36,81906492,EURUSD,sell,0.48, 1.14771, 1.15345, 1.14541,2026.03.19 14:28:16, 1.14654,0.00,0.00, 56.16,,
2026.03.19 14:13:41,81906522,EURUSD,sell,0.51, 1.14756, 1.15330, 1.14526,2026.03.19 14:28:46, 1.14653,0.00,0.00, 52.53,,
2026.03.19 14:15:42,81906551,EURUSD,sell,0.51, 1.14741, 1.15315, 1.14512,2026.03.19 14:29:00, 1.14650,0.00,0.00, 46.41,,
2026.03.19 14:17:46,81906579,EURUSD,sell,0.24, 1.14754, 1.15328, 1.14524,2026.03.19 14:29:14, 1.14652,0.00,0.00, 24.48,,
2026.03.19 14:19:46,81906602,EURUSD,sell,0.03, 1.14740, 1.15314, 1.14511,2026.03.19 14:30:12, 1.14648,0.00,0.00, 2.76,,
2026.03.19 14:21:49,81906629,EURUSD,sell,0.01, 1.14744, 1.15318, 1.14515,2026.03.19 14:30:27, 1.14643,0.00,0.00, 1.01,,
2026.03.19 14:23:51,81906656,EURUSD,sell,0.01, 1.14702, 1.15276, 1.14473,2026.03.19 15:22:46, 1.14943,0.00,0.00,- 2.41,,
2026.03.19 14:32:34,81906842,USDCHF,buy,1.8, 0.79415, 0.79296, 0.79550,2026.03.19 15:53:22, 0.79289,0.00,0.00,- 286.04,,
2026.03.19 15:02:16,81907496,GBPUSD,buy,0.31, 1.32978, 1.32779, 1.33204,2026.03.19 15:18:05, 1.33020,0.00,0.00, 13.02,,
2026.03.19 15:02:16,81907497,GBPUSD,sell,0.05, 1.32968, 1.33633, 1.32702,2026.03.19 15:19:35, 1.33190,0.00,0.00,- 11.10,,
2026.03.19 15:04:18,81907570,GBPUSD,sell,0.07, 1.33038, 1.33703, 1.32772,2026.03.19 15:20:05, 1.33196,0.00,0.00,- 11.06,,
2026.03.19 15:06:22,81907667,GBPUSD,sell,0.13, 1.33012, 1.33677, 1.32746,2026.03.19 15:27:11, 1.33030,0.00,0.00,- 2.34,,
2026.03.19 15:08:23,81907707,GBPUSD,sell,0.15, 1.33013, 1.33678, 1.32747,2026.03.19 15:27:13, 1.33029,0.00,0.00,- 2.40,,
2026.03.19 15:10:26,81907746,GBPUSD,sell,0.15, 1.32970, 1.33635, 1.32704,2026.03.19 15:31:58, 1.32873,0.00,0.00, 14.55,,
2026.03.19 15:10:36,81907753,USDCHF,sell,0.14, 0.79417, 0.79814, 0.79258,2026.03.19 15:19:30, 0.79336,0.00,0.00, 14.29,,
2026.03.19 15:12:31,81907798,GBPUSD,sell,0.15, 1.32968, 1.33633, 1.32702,2026.03.19 15:31:57, 1.32881,0.00,0.00, 13.05,,
2026.03.19 15:12:40,81907800,USDCHF,sell,0.07, 0.79398, 0.79795, 0.79239,2026.03.19 15:19:31, 0.79339,0.00,0.00, 5.21,,
2026.03.19 15:14:31,81907817,GBPUSD,sell,0.09, 1.32985, 1.33650, 1.32719,2026.03.19 15:27:15, 1.33029,0.00,0.00,- 3.96,,
2026.03.19 15:14:45,81907819,USDCHF,sell,0.03, 0.79386, 0.79783, 0.79227,2026.03.19 15:21:09, 0.79351,0.00,0.00, 1.32,,
2026.03.19 15:16:31,81907873,GBPUSD,sell,0.04, 1.32992, 1.33657, 1.32726,2026.03.19 15:22:43, 1.33178,0.00,0.00,- 7.44,,
2026.03.19 15:16:45,81907886,USDCHF,sell,0.01, 0.79393, 0.79790, 0.79234,2026.03.19 15:21:10, 0.79349,0.00,0.00, 0.55,,
2026.03.19 16:35:02,81910089,USDCHF,sell,1.88, 0.79149, 0.79149, 0.79014,2026.03.19 17:30:10, 0.79149,0.00,0.00,0.00,,
2026.03.19 16:35:29,81910101,EURUSD,buy,0.24, 1.15172, 1.15172, 1.15368,2026.03.19 17:06:13, 1.15368,0.00,0.00, 47.04,,
2026.03.19 16:35:29,81910102,EURUSD,sell,0.03, 1.15165, 1.15741, 1.14935,2026.03.19 17:06:18, 1.15365,0.00,0.00,- 6.00,,
2026.03.19 16:35:30,81910103,GBPUSD,buy,0.05, 1.33611, 1.33611, 1.33838,2026.03.19 17:05:49, 1.33841,0.00,0.00, 11.50,,
2026.03.19 16:35:31,81910104,GBPUSD,sell,0.01, 1.33601, 1.34269, 1.33334,2026.03.19 17:06:19, 1.33890,0.00,0.00,- 2.89,,
2026.03.19 16:37:30,81910148,EURUSD,sell,0.03, 1.15161, 1.15737, 1.14931,2026.03.19 17:06:59, 1.15366,0.00,0.00,- 6.15,,
2026.03.19 16:37:31,81910149,GBPUSD,sell,0.02, 1.33582, 1.34250, 1.33315,2026.03.19 17:07:00, 1.33885,0.00,0.00,- 6.06,,
2026.03.19 16:39:44,81910189,EURUSD,sell,0.07, 1.15168, 1.15168, 1.14938,2026.03.19 17:56:11, 1.15168,0.00,0.00,0.00,,
2026.03.19 16:39:45,81910190,GBPUSD,sell,0.02, 1.33572, 1.34240, 1.33305,2026.03.19 17:07:42, 1.33854,0.00,0.00,- 5.64,,
2026.03.19 16:41:51,81910232,EURUSD,sell,0.12, 1.15158, 1.15734, 1.14928,2026.03.19 18:27:10, 1.15351,0.00,0.00,- 23.16,,
2026.03.19 16:41:53,81910234,GBPUSD,sell,0.02, 1.33558, 1.34226, 1.33291,2026.03.19 17:08:24, 1.33844,0.00,0.00,- 5.72,,
2026.03.19 16:43:56,81910255,EURUSD,sell,0.12, 1.15133, 1.15704, 1.14898,2026.03.19 18:42:28, 1.15356,0.00,0.00,- 26.76,,
2026.03.19 16:43:58,81910256,GBPUSD,sell,0.02, 1.33488, 1.34155, 1.33221,2026.03.19 17:09:18, 1.33863,0.00,0.00,- 7.50,,
2026.03.19 16:46:01,81910282,EURUSD,sell,0.08, 1.15128, 1.15704, 1.14898,2026.03.19 19:22:17, 1.15537,0.00,0.00,- 32.72,,
2026.03.19 16:46:03,81910283,GBPUSD,sell,0.01, 1.33514, 1.34182, 1.33247,2026.03.19 17:10:03, 1.33872,0.00,0.00,- 3.58,,
2026.03.19 16:48:27,81910317,EURUSD,sell,0.01, 1.15142, 1.15719, 1.14913,2026.03.19 19:48:34, 1.15589,0.00,0.00,- 4.47,,
2026.03.19 16:50:44,81910346,EURUSD,sell,0.01, 1.15165, 1.15741, 1.14935,2026.03.19 19:50:48, 1.15580,0.00,0.00,- 4.15,,
2026.03.19 18:42:28,81912164,EURUSD,buy,1.53, 1.15356, 1.15183, 1.15552,2026.03.19 19:26:22, 1.15552,0.00,0.00, 299.88,,
2026.03.19 19:22:17,81912740,EURUSD,buy,0.38, 1.15537, 1.15364, 1.15733,2026.03.19 20:57:25, 1.15736,0.00,0.00, 75.62,,
2026.03.19 19:26:41,81912799,USDCHF,sell,1.58, 0.79019, 0.79019, 0.78885,2026.03.19 21:00:21, 0.78880,0.00,0.00, 278.42,,
2026.03.19 19:48:49,81913035,GBPUSD,buy,0.15, 1.34017, 1.34017, 1.34245,2026.03.19 21:00:50, 1.34249,0.00,0.00, 34.80,,
2026.03.19 19:48:49,81913036,GBPUSD,sell,0.03, 1.34006, 1.34676, 1.33738,2026.03.19 21:00:56, 1.34262,0.00,0.00,- 7.68,,
2026.03.19 19:50:48,81913049,EURUSD,sell,0.05, 1.15573, 1.16151, 1.15342,2026.03.19 20:57:42, 1.15767,0.00,0.00,- 9.70,,
2026.03.19 19:50:50,81913050,GBPUSD,sell,0.07, 1.34009, 1.34678, 1.33740,2026.03.19 21:01:41, 1.34279,0.00,0.00,- 18.90,,
2026.03.19 19:53:03,81913082,EURUSD,sell,0.17, 1.15600, 1.16178, 1.15369,2026.03.19 20:58:23, 1.15824,0.00,0.00,- 38.08,,
2026.03.19 19:53:04,81913084,GBPUSD,sell,0.07, 1.34030, 1.34700, 1.33762,2026.03.19 21:02:33, 1.34310,0.00,0.00,- 19.60,,
2026.03.19 19:55:24,81913122,EURUSD,sell,0.19, 1.15662, 1.16240, 1.15431,2026.03.19 20:59:26, 1.15829,0.00,0.00,- 31.73,,
2026.03.19 19:55:25,81913123,GBPUSD,sell,0.07, 1.34071, 1.34741, 1.33803,2026.03.19 21:03:14, 1.34314,0.00,0.00,- 17.01,,
2026.03.19 19:57:29,81913137,EURUSD,sell,0.19, 1.15620, 1.16198, 1.15389,2026.03.19 21:00:07, 1.15846,0.00,0.00,- 42.94,,
2026.03.19 19:57:30,81913138,GBPUSD,sell,0.07, 1.34046, 1.34716, 1.33778,2026.03.19 21:06:29, 1.34531,0.00,0.00,- 33.95,,
2026.03.19 19:59:31,81913156,EURUSD,sell,0.15, 1.15592, 1.16170, 1.15361,2026.03.19 21:00:49, 1.15871,0.00,0.00,- 41.85,,
2026.03.19 19:59:33,81913157,GBPUSD,sell,0.02, 1.34027, 1.34697, 1.33759,2026.03.19 21:12:04, 1.34639,0.00,0.00,- 12.24,,
2026.03.19 20:01:42,81913169,EURUSD,sell,0.01, 1.15598, 1.16176, 1.15367,2026.03.19 21:01:40, 1.15880,0.00,0.00,- 2.82,,
2026.03.19 20:35:41,81913424,EURUSD,sell,0.01, 1.15597, 1.16175, 1.15366,2026.03.19 21:02:32, 1.15907,0.00,0.00,- 3.10,,
2026.03.19 20:54:13,81913544,EURUSD,sell,0.01, 1.15610, 1.16188, 1.15379,2026.03.19 21:03:13, 1.15898,0.00,0.00,- 2.88,,
2026.03.19 20:59:27,81913679,GBPUSD,sell,0.04, 1.34182, 1.34853, 1.33914,2026.03.19 21:12:05, 1.34633,0.00,0.00,- 18.04,,
2026.03.19 21:03:14,81913843,GBPUSD,buy,1.35, 1.34314, 1.34113, 1.34542,2026.03.19 21:06:40, 1.34543,0.00,0.00, 309.15,,
2026.03.19 21:06:29,81914016,GBPUSD,buy,0.41, 1.34531, 1.34329, 1.34760,2026.03.19 21:11:49, 1.34623,0.00,0.00, 37.72,,
2026.03.19 21:06:42,81914037,USDCHF,sell,1.64, 0.78698, 0.78816, 0.78564,2026.03.19 21:11:45, 0.78623,0.00,0.00, 156.44,,
2026.03.19 21:11:47,81914327,USDCHF,sell,1.68, 0.78614, 0.78732, 0.78480,2026.03.19 21:12:36, 0.78642,0.00,0.00,- 59.82,,
2026.03.19 21:11:59,81914336,EURUSD,buy,0.51, 1.16137, 1.15963, 1.16334,2026.03.19 21:12:37, 1.16060,0.00,0.00,- 39.27,,
2026.03.19 21:12:00,81914338,EURUSD,sell,0.08, 1.16131, 1.16712, 1.15899,2026.03.19 21:12:28, 1.16097,0.00,0.00, 2.72,,
2026.03.19 21:17:39,81914538,USDCHF,sell,2.06, 0.78594, 0.78720, 0.78468,2026.03.19 21:21:20, 0.78685,0.00,0.00,- 238.24,,
2026.03.19 21:18:07,81914553,EURUSD,buy,0.25, 1.16051, 1.15877, 1.16248,2026.03.19 21:21:22, 1.15998,0.00,0.00,- 13.25,,
2026.03.19 21:18:07,81914554,EURUSD,sell,0.04, 1.16040, 1.16620, 1.15808,2026.03.19 21:21:24, 1.15995,0.00,0.00, 1.80,,
2026.03.19 21:18:09,81914555,GBPUSD,buy,0.06, 1.34570, 1.34367, 1.34798,2026.03.19 21:21:39, 1.34477,0.00,0.00,- 5.58,,
2026.03.19 21:18:09,81914556,GBPUSD,sell,0.01, 1.34562, 1.35235, 1.34293,2026.03.19 21:21:26, 1.34532,0.00,0.00, 0.30,,
2026.03.19 21:21:21,81914634,GBPUSD,sell,0.03, 1.34542, 1.35219, 1.34277,2026.03.19 21:21:25, 1.34539,0.00,0.00, 0.09,,
2026.03.19 21:21:54,81914649,USDCHF,buy,0.2, 0.78712, 0.78637, 0.78847,2026.03.19 21:27:21, 0.78782,0.00,0.00, 17.77,,
2026.03.19 21:21:57,81914653,EURUSD,sell,0.2, 1.15968, 1.16148, 1.15848,2026.03.19 21:27:22, 1.15898,0.00,0.00, 14.00,,
2026.03.19 21:21:59,81914654,GBPUSD,sell,0.2, 1.34499, 1.34619, 1.34359,2026.03.19 21:27:22, 1.34423,0.00,0.00, 15.20,,
2026.03.19 21:28:10,81914789,USDCHF,sell,2.01, 0.78799, 0.78929, 0.78654,2026.03.20 05:10:51, 0.78929,0.00,- 32.30,- 331.06,,
2026.03.19 21:28:36,81914801,EURUSD,buy,0.24, 1.15857, 1.15682, 1.16053,2026.03.20 03:36:33, 1.15681,0.00,- 2.48,- 42.24,,
2026.03.19 21:28:36,81914803,EURUSD,sell,0.04, 1.15848, 1.16427, 1.15616,2026.03.20 01:21:47, 1.15780,0.00, 0.15, 2.72,,
2026.03.19 21:28:37,81914804,GBPUSD,buy,0.06, 1.34364, 1.34162, 1.34592,2026.03.19 23:28:06, 1.34155,0.00,0.00,- 12.54,,
2026.03.19 21:28:37,81914805,GBPUSD,sell,0.01, 1.34356, 1.35030, 1.34089,2026.03.20 05:02:30, 1.34089,0.00,- 0.03, 2.67,,
2026.03.19 21:30:46,81914845,EURUSD,sell,0.03, 1.15859, 1.16437, 1.15626,2026.03.20 01:21:49, 1.15780,0.00, 0.11, 2.37,,
2026.03.19 21:30:48,81914846,GBPUSD,sell,0.03, 1.34371, 1.35044, 1.34103,2026.03.20 05:02:06, 1.34103,0.00,- 0.08, 8.04,,
2026.03.19 21:32:48,81914869,EURUSD,sell,0.08, 1.15835, 1.16414, 1.15603,2026.03.20 01:21:47, 1.15780,0.00, 0.29, 4.40,,
2026.03.19 21:32:49,81914870,GBPUSD,sell,0.03, 1.34344, 1.35012, 1.34071,2026.03.20 05:32:00, 1.34068,0.00,- 0.08, 8.28,,
2026.03.19 21:34:55,81914907,EURUSD,sell,0.12, 1.15865, 1.16444, 1.15633,2026.03.20 01:21:51, 1.15780,0.00, 0.44, 10.20,,
2026.03.19 21:34:56,81914908,GBPUSD,sell,0.03, 1.34360, 1.35032, 1.34091,2026.03.20 05:02:30, 1.34090,0.00,- 0.08, 8.10,,
2026.03.19 21:37:04,81914954,EURUSD,sell,0.12, 1.15831, 1.16410, 1.15599,2026.03.20 01:21:46, 1.15780,0.00, 0.44, 6.12,,
2026.03.19 21:37:06,81914957,GBPUSD,sell,0.03, 1.34308, 1.34981, 1.34040,2026.03.20 06:00:09, 1.34037,0.00,- 0.08, 8.13,,
2026.03.19 21:39:21,81914984,EURUSD,sell,0.05, 1.15851, 1.16430, 1.15619,2026.03.20 01:21:48, 1.15780,0.00, 0.18, 3.55,,
2026.03.19 21:39:55,81914990,GBPUSD,sell,0.01, 1.34354, 1.35022, 1.34081,2026.03.20 05:20:12, 1.34081,0.00,- 0.03, 2.73,,
2026.03.19 21:41:56,81915009,EURUSD,sell,0.01, 1.15868, 1.16447, 1.15636,2026.03.20 04:04:21, 1.15636,0.00, 0.04, 2.32,,
2026.03.20 09:38:56,81917737,EURUSD,buy,1.66, 1.15691, 1.15517, 1.15888,2026.03.20 11:47:33, 1.15512,0.00,0.00,- 297.14,,
2026.03.20 09:38:56,81917738,EURUSD,sell,0.24, 1.15684, 1.15684, 1.15453,2026.03.20 11:51:30, 1.15514,0.00,0.00, 40.80,,
2026.03.20 09:38:57,81917739,USDCHF,sell,0.52, 0.78936, 0.78936, 0.78802,2026.03.20 11:11:43, 0.78801,0.00,0.00, 89.09,,
2026.03.20 09:38:57,81917740,GBPUSD,buy,0.05, 1.34192, 1.33991, 1.34420,2026.03.20 11:39:32, 1.33987,0.00,0.00,- 10.25,,
2026.03.20 09:38:57,81917741,GBPUSD,sell,0.01, 1.34181, 1.34181, 1.33913,2026.03.20 11:40:35, 1.33981,0.00,0.00, 2.00,,
2026.03.20 09:40:56,81917754,EURUSD,sell,0.03, 1.15692, 1.15692, 1.15461,2026.03.20 11:51:45, 1.15513,0.00,0.00, 5.37,,
2026.03.20 09:40:57,81917756,GBPUSD,sell,0.02, 1.34203, 1.34203, 1.33935,2026.03.20 11:40:49, 1.33976,0.00,0.00, 4.54,,
2026.03.20 09:43:00,81917774,EURUSD,sell,0.07, 1.15684, 1.15684, 1.15453,2026.03.20 11:52:00, 1.15505,0.00,0.00, 12.53,,
2026.03.20 09:43:01,81917776,GBPUSD,sell,0.02, 1.34234, 1.34234, 1.33966,2026.03.20 11:41:04, 1.33992,0.00,0.00, 4.84,,
2026.03.20 09:45:01,81917794,EURUSD,sell,0.16, 1.15712, 1.15712, 1.15481,2026.03.20 11:52:14, 1.15515,0.00,0.00, 31.52,,
2026.03.20 09:45:02,81917795,GBPUSD,sell,0.02, 1.34262, 1.34933, 1.33993,2026.03.20 11:39:53, 1.33993,0.00,0.00, 5.38,,
2026.03.20 09:47:02,81917830,EURUSD,sell,0.28, 1.15729, 1.15729, 1.15498,2026.03.20 11:52:29, 1.15511,0.00,0.00, 61.04,,
2026.03.20 09:47:04,81917831,GBPUSD,sell,0.02, 1.34294, 1.34964, 1.34024,2026.03.20 11:33:52, 1.34022,0.00,0.00, 5.44,,
2026.03.20 09:49:05,81917854,GBPUSD,sell,0.02, 1.34280, 1.34951, 1.34011,2026.03.20 11:33:53, 1.34010,0.00,0.00, 5.40,,
2026.03.20 09:49:09,81917857,EURUSD,sell,0.47, 1.15703, 1.15703, 1.15472,2026.03.20 11:52:51, 1.15507,0.00,0.00, 92.12,,
2026.03.20 09:51:10,81917873,GBPUSD,sell,0.02, 1.34257, 1.34928, 1.33988,2026.03.20 11:40:16, 1.33988,0.00,0.00, 5.38,,
2026.03.20 09:51:14,81917875,EURUSD,sell,0.83, 1.15699, 1.15699, 1.15468,2026.03.20 11:53:05, 1.15515,0.00,0.00, 152.72,,
2026.03.20 09:53:12,81917892,GBPUSD,sell,0.02, 1.34270, 1.34942, 1.34002,2026.03.20 11:39:32, 1.34000,0.00,0.00, 5.40,,
2026.03.20 09:53:16,81917893,EURUSD,sell,0.82, 1.15696, 1.15696, 1.15465,2026.03.20 11:53:20, 1.15508,0.00,0.00, 154.16,,
2026.03.20 09:55:14,81917907,GBPUSD,sell,0.02, 1.34247, 1.34918, 1.33979,2026.03.20 11:40:26, 1.33979,0.00,0.00, 5.36,,
2026.03.20 09:55:18,81917908,EURUSD,sell,0.11, 1.15678, 1.15678, 1.15447,2026.03.20 11:53:35, 1.15505,0.00,0.00, 19.03,,
2026.03.20 09:57:17,81917924,GBPUSD,sell,0.01, 1.34254, 1.34925, 1.33985,2026.03.20 11:40:23, 1.33984,0.00,0.00, 2.70,,
2026.03.20 10:45:13,81918430,EURUSD,sell,0.01, 1.15719, 1.15719, 1.15489,2026.03.20 11:53:50, 1.15493,0.00,0.00, 2.26,,
2026.03.20 10:47:24,81918465,EURUSD,sell,0.01, 1.15691, 1.15691, 1.15460,2026.03.20 11:54:05, 1.15497,0.00,0.00, 1.94,,
2026.03.20 11:00:56,81918600,EURUSD,sell,0.01, 1.15657, 1.16235, 1.15426,2026.03.20 11:54:20, 1.15495,0.00,0.00, 1.62,,
2026.03.20 11:06:03,81918654,EURUSD,sell,0.01, 1.15632, 1.16210, 1.15401,2026.03.20 11:54:34, 1.15486,0.00,0.00, 1.46,,
2026.03.20 11:11:45,81918718,EURUSD,sell,0.37, 1.15701, 1.15701, 1.15470,2026.03.20 11:54:49, 1.15490,0.00,0.00, 78.07,,
2026.03.20 11:11:47,81918719,GBPUSD,sell,0.02, 1.34134, 1.34805, 1.33866,2026.03.20 11:42:31, 1.33992,0.00,0.00, 2.84,,
2026.03.20 11:13:47,81918746,EURUSD,sell,0.03, 1.15704, 1.15704, 1.15474,2026.03.20 11:55:03, 1.15492,0.00,0.00, 6.36,,
2026.03.20 11:13:48,81918747,GBPUSD,sell,0.01, 1.34127, 1.34798, 1.33859,2026.03.20 11:42:46, 1.33976,0.00,0.00, 1.51,,
2026.03.20 11:15:48,81918778,EURUSD,sell,0.01, 1.15665, 1.15665, 1.15434,2026.03.20 11:55:18, 1.15485,0.00,0.00, 1.80,,
2026.03.20 11:16:34,81918785,GBPUSD,sell,0.01, 1.34086, 1.34756, 1.33818,2026.03.20 11:43:00, 1.33989,0.00,0.00, 0.97,,
2026.03.20 11:21:39,81918865,EURUSD,sell,0.01, 1.15641, 1.16219, 1.15410,2026.03.20 11:55:33, 1.15491,0.00,0.00, 1.50,,
2026.03.20 11:33:53,81918982,EURUSD,sell,0.03, 1.15618, 1.16196, 1.15387,2026.03.20 11:55:47, 1.15495,0.00,0.00, 3.69,,
2026.03.20 11:33:54,81918986,GBPUSD,sell,0.02, 1.34005, 1.34674, 1.33736,2026.03.20 11:43:15, 1.33978,0.00,0.00, 0.54,,
2026.03.20 11:36:45,81919017,EURUSD,sell,0.01, 1.15608, 1.15608, 1.15377,2026.03.20 12:09:16, 1.15377,0.00,0.00, 2.31,,
2026.03.20 11:40:20,81919058,EURUSD,sell,0.02, 1.15578, 1.15578, 1.15347,2026.03.20 12:42:04, 1.15578,0.00,0.00,0.00,,
2026.03.20 11:42:21,81919108,EURUSD,sell,0.08, 1.15581, 1.16159, 1.15350,2026.03.20 14:42:25, 1.15676,0.00,0.00,- 7.60,,
2026.03.20 11:44:25,81919148,EURUSD,sell,0.08, 1.15568, 1.16146, 1.15337,2026.03.20 14:44:30, 1.15689,0.00,0.00,- 9.68,,
2026.03.20 11:46:26,81919183,EURUSD,sell,0.01, 1.15563, 1.16141, 1.15332,2026.03.20 14:46:29, 1.15692,0.00,0.00,- 1.29,,
2026.03.20 12:42:08,81919990,GBPUSD,sell,1.4, 1.33812, 1.34013, 1.33585,2026.03.20 14:07:07, 1.34016,0.00,0.00,- 285.60,,
2026.03.20 14:07:11,81920718,USDCHF,sell,1.8, 0.78622, 0.78740, 0.78488,2026.03.20 15:12:37, 0.78740,0.00,0.00,- 269.75,,
2026.03.20 14:42:26,81920964,GBPUSD,buy,0.25, 1.33839, 1.33640, 1.34069,2026.03.20 15:10:52, 1.33637,0.00,0.00,- 50.50,,
2026.03.20 14:42:27,81920965,GBPUSD,sell,0.03, 1.33828, 1.33828, 1.33560,2026.03.20 15:11:12, 1.33631,0.00,0.00, 5.91,,
2026.03.20 14:44:27,81920985,GBPUSD,sell,0.07, 1.33834, 1.33834, 1.33566,2026.03.20 15:39:36, 1.33566,0.00,0.00, 18.76,,
2026.03.20 14:46:31,81921002,GBPUSD,sell,0.12, 1.33878, 1.34547, 1.33610,2026.03.20 15:39:04, 1.33606,0.00,0.00, 32.64,,
2026.03.20 14:48:33,81921027,GBPUSD,sell,0.12, 1.33808, 1.33808, 1.33540,2026.03.20 15:58:47, 1.33539,0.00,0.00, 32.28,,
2026.03.20 14:50:37,81921048,GBPUSD,sell,0.12, 1.33865, 1.34534, 1.33597,2026.03.20 15:39:07, 1.33597,0.00,0.00, 32.16,,
2026.03.20 14:52:40,81921075,GBPUSD,sell,0.12, 1.33885, 1.34554, 1.33617,2026.03.20 15:39:01, 1.33614,0.00,0.00, 32.52,,
2026.03.20 14:54:44,81921087,GBPUSD,sell,0.04, 1.33842, 1.34511, 1.33574,2026.03.20 15:39:34, 1.33573,0.00,0.00, 10.76,,
2026.03.20 14:56:53,81921104,GBPUSD,sell,0.01, 1.33780, 1.33780, 1.33512,2026.03.20 15:59:18, 1.33510,0.00,0.00, 2.70,,
2026.03.20 14:59:07,81921118,GBPUSD,sell,0.01, 1.33809, 1.34478, 1.33541,2026.03.20 15:58:47, 1.33539,0.00,0.00, 2.70,,
2026.03.20 15:39:47,81921658,EURUSD,buy,1.53, 1.15519, 1.15346, 1.15715,2026.03.20 16:18:17, 1.15339,0.00,0.00,- 275.40,,
2026.03.20 15:39:47,81921659,EURUSD,sell,0.23, 1.15511, 1.15511, 1.15280,2026.03.20 16:27:44, 1.15280,0.00,0.00, 53.13,,
2026.03.20 15:41:57,81921700,EURUSD,sell,0.44, 1.15560, 1.16138, 1.15329,2026.03.20 16:18:53, 1.15329,0.00,0.00, 101.64,,
2026.03.20 15:44:09,81921730,EURUSD,sell,0.76, 1.15565, 1.16143, 1.15334,2026.03.20 16:18:53, 1.15333,0.00,0.00, 176.32,,
2026.03.20 15:46:18,81921779,EURUSD,sell,0.76, 1.15576, 1.16154, 1.15345,2026.03.20 16:18:17, 1.15345,0.00,0.00, 175.56,,
2026.03.20 15:48:19,81921804,EURUSD,sell,0.76, 1.15567, 1.16145, 1.15336,2026.03.20 16:18:53, 1.15336,0.00,0.00, 175.56,,
2026.03.20 15:50:40,81921835,EURUSD,sell,0.35, 1.15511, 1.16089, 1.15280,2026.03.20 16:27:44, 1.15280,0.00,0.00, 80.85,,
2026.03.20 15:52:44,81921944,EURUSD,sell,0.09, 1.15422, 1.15999, 1.15191,2026.03.20 18:52:47, 1.15574,0.00,0.00,- 13.68,,
2026.03.20 15:57:59,81922074,EURUSD,sell,0.01, 1.15435, 1.16012, 1.15204,2026.03.20 18:58:08, 1.15613,0.00,0.00,- 1.78,,
2026.03.20 16:00:05,81922147,EURUSD,sell,0.15, 1.15405, 1.15982, 1.15174,2026.03.20 19:00:09, 1.15601,0.00,0.00,- 29.40,,
2026.03.20 16:02:10,81922223,EURUSD,sell,0.02, 1.15398, 1.15975, 1.15167,2026.03.20 19:02:23, 1.15607,0.00,0.00,- 4.18,,
2026.03.20 16:04:14,81922261,EURUSD,sell,0.01, 1.15385, 1.15962, 1.15154,2026.03.20 19:04:14, 1.15609,0.00,0.00,- 2.24,,
2026.03.20 16:07:48,81922315,EURUSD,sell,0.01, 1.15382, 1.15959, 1.15151,2026.03.20 19:07:57, 1.15622,0.00,0.00,- 2.40,,
2026.03.20 16:14:45,81922569,EURUSD,sell,0.01, 1.15364, 1.15941, 1.15133,2026.03.20 19:14:57, 1.15627,0.00,0.00,- 2.63,,
2026.03.20 19:02:25,81925457,GBPUSD,sell,1.51, 1.33240, 1.33440, 1.33013,2026.03.20 19:40:49, 1.33440,0.00,0.00,- 302.00,,
2026.03.20 19:04:42,81925477,USDCHF,sell,0.29, 0.78789, 0.78907, 0.78655,2026.03.20 22:04:45, 0.78822,0.00,0.00,- 12.14,,
2026.03.20 19:15:39,81925656,EURUSD,buy,0.05, 1.15636, 1.15463, 1.15833,2026.03.20 22:15:40, 1.15621,0.00,0.00,- 0.75,,
2026.03.20 19:15:53,81925658,EURUSD,sell,0.01, 1.15606, 1.16184, 1.15375,2026.03.20 22:15:55, 1.15627,0.00,0.00,- 0.21,,
2026.03.20 19:18:04,81925691,EURUSD,sell,0.02, 1.15605, 1.16183, 1.15374,2026.03.20 22:18:08, 1.15629,0.00,0.00,- 0.48,,
2026.03.20 19:20:05,81925709,EURUSD,sell,0.02, 1.15641, 1.16219, 1.15410,2026.03.20 22:20:06, 1.15656,0.00,0.00,- 0.30,,
2026.03.20 19:22:06,81925718,EURUSD,sell,0.02, 1.15635, 1.16213, 1.15404,2026.03.20 22:22:09, 1.15659,0.00,0.00,- 0.48,,
2026.03.20 19:24:09,81925735,EURUSD,sell,0.02, 1.15665, 1.16243, 1.15434,2026.03.20 22:24:13, 1.15642,0.00,0.00, 0.46,,
2026.03.20 19:26:10,81925752,EURUSD,sell,0.01, 1.15660, 1.16238, 1.15429,2026.03.20 22:26:14, 1.15643,0.00,0.00, 0.17,,
2026.03.20 19:40:54,81925923,EURUSD,sell,0.02, 1.15637, 1.16215, 1.15406,2026.03.20 22:40:54, 1.15662,0.00,0.00,- 0.50,,
2026.03.20 19:42:58,81925938,EURUSD,sell,0.02, 1.15622, 1.16200, 1.15391,2026.03.20 22:43:01, 1.15629,0.00,0.00,- 0.14,,
2026.03.20 19:45:10,81925969,EURUSD,sell,0.02, 1.15618, 1.16196, 1.15387,2026.03.20 22:45:14, 1.15629,0.00,0.00,- 0.22,,
2026.03.20 19:47:14,81925989,EURUSD,sell,0.02, 1.15615, 1.16193, 1.15384,2026.03.20 22:47:17, 1.15642,0.00,0.00,- 0.54,,
2026.03.20 19:49:27,81926013,EURUSD,sell,0.02, 1.15622, 1.16200, 1.15391,2026.03.20 22:49:31, 1.15654,0.00,0.00,- 0.64,,
2026.03.20 19:51:37,81926023,EURUSD,sell,0.02, 1.15621, 1.16199, 1.15390,2026.03.20 22:51:39, 1.15651,0.00,0.00,- 0.60,,
2026.03.20 19:53:43,81926039,EURUSD,sell,0.02, 1.15622, 1.16200, 1.15391,2026.03.20 22:53:43, 1.15666,0.00,0.00,- 0.88,,
2026.03.20 19:55:54,81926056,EURUSD,sell,0.02, 1.15594, 1.16172, 1.15363,2026.03.20 22:55:55, 1.15690,0.00,0.00,- 1.92,,
2026.03.20 19:58:02,81926073,EURUSD,sell,0.02, 1.15605, 1.16183, 1.15374,2026.03.23 07:33:37, 1.15374,0.00, 0.07, 4.62,,
2026.03.20 20:00:15,81926088,EURUSD,sell,0.02, 1.15596, 1.16174, 1.15365,2026.03.23 07:45:24, 1.15364,0.00, 0.07, 4.64,,
2026.03.20 20:02:26,81926103,EURUSD,sell,0.02, 1.15610, 1.16188, 1.15379,2026.03.23 07:32:49, 1.15378,0.00, 0.07, 4.64,,
2026.03.20 20:04:35,81926110,EURUSD,sell,0.02, 1.15596, 1.16175, 1.15366,2026.03.23 07:45:24, 1.15366,0.00, 0.07, 4.60,,
2026.03.20 20:06:46,81926136,EURUSD,sell,0.02, 1.15610, 1.16191, 1.15382,2026.03.22 23:33:38, 1.15382,0.00, 0.07, 4.56,,
2026.03.20 20:08:47,81926148,EURUSD,sell,0.02, 1.15605, 1.16183, 1.15374,2026.03.23 07:33:37, 1.15374,0.00, 0.07, 4.62,,
2026.03.20 20:10:49,81926169,EURUSD,sell,0.02, 1.15563, 1.16141, 1.15332,2026.03.23 08:00:18, 1.15331,0.00, 0.07, 4.64,,
2026.03.20 20:12:56,81926198,EURUSD,sell,0.02, 1.15606, 1.16184, 1.15375,2026.03.23 07:33:18, 1.15375,0.00, 0.07, 4.62,,
2026.03.20 20:15:06,81926214,EURUSD,sell,0.02, 1.15606, 1.16184, 1.15375,2026.03.23 07:33:18, 1.15375,0.00, 0.07, 4.62,,
2026.03.20 20:17:06,81926240,EURUSD,sell,0.02, 1.15613, 1.16191, 1.15382,2026.03.22 23:33:38, 1.15382,0.00, 0.07, 4.62,,
2026.03.20 20:19:17,81926251,EURUSD,sell,0.02, 1.15617, 1.16195, 1.15386,2026.03.22 23:02:30, 1.15385,0.00, 0.07, 4.64,,
2026.03.20 20:21:19,81926279,EURUSD,sell,0.02, 1.15627, 1.16205, 1.15396,2026.03.22 23:02:30, 1.15385,0.00, 0.07, 4.84,,
2026.03.20 20:23:33,81926357,EURUSD,sell,0.02, 1.15498, 1.16072, 1.15264,2026.03.23 08:12:30, 1.15263,0.00, 0.07, 4.70,,
2026.03.20 20:25:41,81926400,EURUSD,sell,0.02, 1.15614, 1.16191, 1.15382,2026.03.22 23:33:38, 1.15382,0.00, 0.07, 4.64,,
2026.03.20 20:27:42,81926463,EURUSD,sell,0.02, 1.15691, 1.16269, 1.15460,2026.03.22 23:02:30, 1.15385,0.00, 0.07, 6.12,,
2026.03.20 20:29:43,81926514,EURUSD,sell,0.02, 1.15662, 1.16240, 1.15431,2026.03.22 23:02:30, 1.15385,0.00, 0.07, 5.54,,
2026.03.20 20:31:53,81926550,EURUSD,sell,0.02, 1.15684, 1.16262, 1.15453,2026.03.22 23:02:30, 1.15385,0.00, 0.07, 5.98,,
2026.03.20 20:34:04,81926589,EURUSD,sell,0.02, 1.15684, 1.16262, 1.15453,2026.03.22 23:02:30, 1.15385,0.00, 0.07, 5.98,,
2026.03.20 20:36:14,81926622,EURUSD,sell,0.02, 1.15676, 1.16254, 1.15445,2026.03.22 23:02:30, 1.15385,0.00, 0.07, 5.82,,
2026.03.20 20:38:21,81926672,EURUSD,sell,0.02, 1.15651, 1.16229, 1.15420,2026.03.22 23:02:30, 1.15385,0.00, 0.07, 5.32,,
2026.03.20 20:40:24,81926705,EURUSD,sell,0.02, 1.15670, 1.16248, 1.15439,2026.03.22 23:02:30, 1.15385,0.00, 0.07, 5.70,,
2026.03.20 20:42:25,81926745,EURUSD,sell,0.02, 1.15627, 1.16205, 1.15396,2026.03.22 23:02:30, 1.15385,0.00, 0.07, 4.84,,
2026.03.20 20:44:26,81926817,EURUSD,sell,0.02, 1.15616, 1.16193, 1.15384,2026.03.22 23:33:37, 1.15383,0.00, 0.07, 4.66,,
2026.03.20 20:46:28,81926843,EURUSD,sell,0.02, 1.15604, 1.16182, 1.15373,2026.03.23 07:33:37, 1.15373,0.00, 0.07, 4.62,,
2026.03.20 20:48:29,81926876,EURUSD,sell,0.02, 1.15568, 1.16146, 1.15337,2026.03.23 08:00:17, 1.15337,0.00, 0.07, 4.62,,
2026.03.20 20:50:35,81926923,EURUSD,sell,0.02, 1.15538, 1.16116, 1.15307,2026.03.23 08:04:36, 1.15306,0.00, 0.07, 4.64,,
2026.03.20 20:52:46,81926957,EURUSD,sell,0.02, 1.15547, 1.16125, 1.15316,2026.03.23 08:04:16, 1.15314,0.00, 0.07, 4.66,,
2026.03.20 20:54:49,81926981,EURUSD,sell,0.02, 1.15544, 1.16121, 1.15312,2026.03.23 08:04:35, 1.15311,0.00, 0.07, 4.66,,
2026.03.20 20:57:00,81927021,EURUSD,sell,0.02, 1.15498, 1.16075, 1.15267,2026.03.23 08:12:30, 1.15266,0.00, 0.07, 4.64,,
2026.03.20 20:59:00,81927068,EURUSD,sell,0.02, 1.15489, 1.16066, 1.15258,2026.03.23 08:12:34, 1.15258,0.00, 0.07, 4.62,,
2026.03.20 21:01:08,81927112,EURUSD,sell,0.02, 1.15527, 1.16105, 1.15296,2026.03.23 08:05:43, 1.15296,0.00, 0.07, 4.62,,
2026.03.20 21:03:11,81927157,EURUSD,sell,0.02, 1.15530, 1.16108, 1.15299,2026.03.23 08:05:38, 1.15299,0.00, 0.07, 4.62,,
2026.03.20 21:05:18,81927175,EURUSD,sell,0.02, 1.15528, 1.16106, 1.15297,2026.03.23 08:05:43, 1.15296,0.00, 0.07, 4.64,,
2026.03.20 21:07:28,81927225,EURUSD,sell,0.02, 1.15502, 1.16080, 1.15271,2026.03.23 08:11:10, 1.15270,0.00, 0.07, 4.64,,
2026.03.20 21:09:28,81927246,EURUSD,sell,0.02, 1.15505, 1.16083, 1.15274,2026.03.23 08:11:00, 1.15272,0.00, 0.07, 4.66,,
2026.03.20 21:11:31,81927265,EURUSD,sell,0.02, 1.15480, 1.16057, 1.15249,2026.03.23 08:19:18, 1.15249,0.00, 0.07, 4.62,,
2026.03.20 21:13:34,81927285,EURUSD,sell,0.02, 1.15497, 1.16074, 1.15266,2026.03.23 08:12:30, 1.15266,0.00, 0.07, 4.62,,
2026.03.20 21:15:40,81927303,EURUSD,sell,0.02, 1.15535, 1.16113, 1.15304,2026.03.23 08:04:37, 1.15304,0.00, 0.07, 4.62,,
2026.03.20 21:17:53,81927334,EURUSD,sell,0.02, 1.15555, 1.16133, 1.15324,2026.03.23 08:02:39, 1.15324,0.00, 0.07, 4.62,,
2026.03.20 21:19:54,81927363,EURUSD,sell,0.02, 1.15541, 1.16119, 1.15310,2026.03.23 08:04:35, 1.15309,0.00, 0.07, 4.64,,
2026.03.20 21:22:06,81927386,EURUSD,sell,0.02, 1.15531, 1.16109, 1.15300,2026.03.23 08:05:37, 1.15300,0.00, 0.07, 4.62,,
2026.03.20 21:24:16,81927402,EURUSD,sell,0.02, 1.15522, 1.16100, 1.15291,2026.03.23 08:05:54, 1.15291,0.00, 0.07, 4.62,,
2026.03.20 21:26:17,81927461,EURUSD,sell,0.02, 1.15521, 1.16099, 1.15290,2026.03.23 08:05:54, 1.15290,0.00, 0.07, 4.62,,
2026.03.20 21:28:18,81927488,EURUSD,sell,0.02, 1.15515, 1.16093, 1.15284,2026.03.23 08:10:23, 1.15284,0.00, 0.07, 4.62,,
2026.03.20 21:30:21,81927510,EURUSD,sell,0.02, 1.15524, 1.16102, 1.15293,2026.03.23 08:05:54, 1.15291,0.00, 0.07, 4.66,,
2026.03.20 21:32:22,81927545,EURUSD,sell,0.02, 1.15519, 1.16093, 1.15284,2026.03.23 08:10:23, 1.15284,0.00, 0.07, 4.70,,
2026.03.20 21:34:28,81927579,EURUSD,sell,0.02, 1.15511, 1.16089, 1.15280,2026.03.23 08:10:24, 1.15280,0.00, 0.07, 4.62,,
2026.03.20 21:36:29,81927638,EURUSD,sell,0.02, 1.15485, 1.16062, 1.15254,2026.03.23 08:13:06, 1.15254,0.00, 0.07, 4.62,,
2026.03.20 21:38:36,81927704,EURUSD,sell,0.02, 1.15470, 1.16047, 1.15239,2026.03.23 08:20:03, 1.15238,0.00, 0.07, 4.64,,
2026.03.20 21:40:36,81927736,EURUSD,sell,0.02, 1.15508, 1.16086, 1.15277,2026.03.23 08:10:57, 1.15277,0.00, 0.07, 4.62,,
2026.03.20 21:42:39,81927753,EURUSD,sell,0.02, 1.15528, 1.16106, 1.15297,2026.03.23 08:05:43, 1.15296,0.00, 0.07, 4.64,,
2026.03.20 21:44:43,81927779,EURUSD,sell,0.02, 1.15592, 1.16170, 1.15361,2026.03.23 07:45:24, 1.15361,0.00, 0.07, 4.62,,
2026.03.20 21:46:58,81927807,EURUSD,sell,0.02, 1.15571, 1.16149, 1.15340,2026.03.23 08:00:15, 1.15339,0.00, 0.07, 4.64,,
2026.03.20 21:48:59,81927813,EURUSD,sell,0.02, 1.15553, 1.16131, 1.15322,2026.03.23 08:02:45, 1.15322,0.00, 0.07, 4.62,,
2026.03.20 21:51:08,81927829,EURUSD,sell,0.02, 1.15561, 1.16139, 1.15330,2026.03.23 08:00:18, 1.15330,0.00, 0.07, 4.62,,
2026.03.20 21:53:09,81927857,EURUSD,sell,0.02, 1.15576, 1.16154, 1.15345,2026.03.23 08:00:01, 1.15345,0.00, 0.07, 4.62,,
2026.03.20 21:55:13,81927886,EURUSD,sell,0.02, 1.15605, 1.16183, 1.15374,2026.03.23 07:33:37, 1.15374,0.00, 0.07, 4.62,,
2026.03.20 21:57:15,81927897,EURUSD,sell,0.02, 1.15587, 1.16165, 1.15356,2026.03.23 07:53:00, 1.15355,0.00, 0.07, 4.64,,
2026.03.20 21:59:16,81927915,EURUSD,sell,0.02, 1.15570, 1.16148, 1.15339,2026.03.23 08:00:15, 1.15339,0.00, 0.07, 4.62,,
2026.03.20 22:01:18,81927957,EURUSD,sell,0.02, 1.15606, 1.16184, 1.15375,2026.03.23 07:33:18, 1.15375,0.00, 0.07, 4.62,,
2026.03.20 22:03:19,81927967,EURUSD,sell,0.02, 1.15612, 1.16190, 1.15381,2026.03.23 07:32:49, 1.15381,0.00, 0.07, 4.62,,
2026.03.20 22:05:24,81928003,EURUSD,sell,0.02, 1.15606, 1.16184, 1.15375,2026.03.23 07:33:18, 1.15375,0.00, 0.07, 4.62,,
2026.03.20 22:07:35,81928013,EURUSD,sell,0.02, 1.15596, 1.16174, 1.15365,2026.03.23 07:45:24, 1.15364,0.00, 0.07, 4.64,,
2026.03.20 22:09:39,81928024,EURUSD,sell,0.02, 1.15601, 1.16179, 1.15370,2026.03.23 07:45:17, 1.15369,0.00, 0.07, 4.64,,
2026.03.20 22:11:43,81928044,EURUSD,sell,0.02, 1.15609, 1.16187, 1.15378,2026.03.23 07:32:49, 1.15378,0.00, 0.07, 4.62,,
2026.03.20 22:13:47,81928053,EURUSD,sell,0.02, 1.15611, 1.16189, 1.15380,2026.03.23 07:32:49, 1.15380,0.00, 0.07, 4.62,,
2026.03.23 14:12:07,81938428,EURUSD,buy,1.76, 1.15640, 1.15640, 1.15837,2026.03.23 14:41:18, 1.15839,0.00,0.00, 350.24,,
2026.03.23 14:12:07,81938429,EURUSD,sell,0.27, 1.15636, 1.16214, 1.15405,2026.03.23 14:41:29, 1.15934,0.00,0.00,- 80.46,,
2026.03.23 14:12:08,81938430,USDCHF,sell,0.57, 0.78940, 0.78940, 0.78806,2026.03.23 14:41:21, 0.78800,0.00,0.00, 101.27,,
2026.03.23 14:12:08,81938431,USDCHF,buy,0.09, 0.78958, 0.78561, 0.79114,2026.03.23 14:41:30, 0.78758,0.00,0.00,- 22.85,,
2026.03.23 14:14:10,81938448,EURUSD,sell,0.13, 1.15620, 1.16198, 1.15389,2026.03.23 14:41:44, 1.15927,0.00,0.00,- 39.91,,
2026.03.23 14:14:10,81938449,USDCHF,buy,0.28, 0.78965, 0.78570, 0.79123,2026.03.23 14:41:45, 0.78760,0.00,0.00,- 72.88,,
2026.03.23 14:16:14,81938471,EURUSD,sell,0.44, 1.15598, 1.16176, 1.15367,2026.03.23 14:41:59, 1.15860,0.00,0.00,- 115.28,,
2026.03.23 14:16:15,81938472,USDCHF,buy,0.28, 0.78984, 0.78589, 0.79142,2026.03.23 14:41:59, 0.78786,0.00,0.00,- 70.37,,
2026.03.23 14:18:17,81938530,EURUSD,sell,0.88, 1.15694, 1.16272, 1.15463,2026.03.23 14:42:13, 1.15877,0.00,0.00,- 161.04,,
2026.03.23 14:18:18,81938531,USDCHF,buy,0.28, 0.78930, 0.78535, 0.79088,2026.03.23 14:42:14, 0.78767,0.00,0.00,- 57.94,,
2026.03.23 14:20:18,81938590,EURUSD,sell,0.88, 1.15675, 1.16249, 1.15440,2026.03.23 14:41:21, 1.15876,0.00,0.00,- 176.88,,
2026.03.23 14:20:18,81938591,USDCHF,buy,0.28, 0.78921, 0.78526, 0.79079,2026.03.23 14:42:29, 0.78741,0.00,0.00,- 64.01,,
2026.03.23 14:22:22,81938626,EURUSD,sell,0.55, 1.15745, 1.16324, 1.15514,2026.03.23 14:42:28, 1.15935,0.00,0.00,- 104.50,,
2026.03.23 14:22:22,81938627,USDCHF,buy,0.09, 0.78883, 0.78489, 0.79041,2026.03.23 14:42:43, 0.78743,0.00,0.00,- 16.00,,
2026.03.23 14:24:26,81938654,EURUSD,sell,0.03, 1.15700, 1.16278, 1.15469,2026.03.23 14:42:43, 1.15953,0.00,0.00,- 7.59,,
2026.03.23 14:24:41,81938659,USDCHF,buy,0.01, 0.78904, 0.78509, 0.79062,2026.03.23 14:42:58, 0.78752,0.00,0.00,- 1.93,,
2026.03.23 14:26:30,81938689,EURUSD,sell,0.01, 1.15676, 1.16254, 1.15445,2026.03.23 14:42:58, 1.15930,0.00,0.00,- 2.54,,
2026.03.23 14:30:21,81938735,EURUSD,sell,0.01, 1.15666, 1.16244, 1.15435,2026.03.23 14:43:12, 1.15923,0.00,0.00,- 2.57,,
2026.03.23 14:30:28,81938742,USDCHF,buy,0.01, 0.78947, 0.78552, 0.79105,2026.03.23 14:43:13, 0.78755,0.00,0.00,- 2.44,,
2026.03.23 14:32:23,81938771,EURUSD,sell,0.01, 1.15618, 1.16196, 1.15387,2026.03.23 14:55:21, 1.16099,0.00,0.00,- 4.81,,
2026.03.23 14:32:28,81938773,USDCHF,buy,0.01, 0.78964, 0.78569, 0.79122,2026.03.23 14:51:58, 0.78626,0.00,0.00,- 4.30,,
2026.03.23 14:43:12,81939022,EURUSD,buy,1.61, 1.15923, 1.15923, 1.16120,2026.03.23 14:56:19, 1.16124,0.00,0.00, 323.61,,
2026.03.23 14:43:13,81939024,USDCHF,sell,0.31, 0.78755, 0.78755, 0.78621,2026.03.23 14:53:54, 0.78619,0.00,0.00, 53.63,,
2026.03.23 14:51:58,81939231,USDCHF,sell,0.11, 0.78632, 0.78744, 0.78492,2026.03.23 15:17:16, 0.78747,0.00,0.00,- 16.06,,
2026.03.23 14:51:58,81939232,USDCHF,buy,0.02, 0.78645, 0.78252, 0.78802,2026.03.23 15:19:50, 0.78742,0.00,0.00, 2.46,,
2026.03.23 14:54:00,81939303,USDCHF,buy,0.05, 0.78615, 0.78615, 0.78772,2026.03.23 15:20:50, 0.78746,0.00,0.00, 8.32,,
2026.03.23 14:55:21,81939345,EURUSD,sell,0.31, 1.16093, 1.16673, 1.15861,2026.03.23 14:56:34, 1.16120,0.00,0.00,- 8.37,,
2026.03.23 14:56:15,81939365,USDCHF,buy,0.05, 0.78571, 0.78183, 0.78733,2026.03.23 15:17:16, 0.78735,0.00,0.00, 10.41,,
2026.03.23 14:58:19,81939419,USDCHF,buy,0.05, 0.78577, 0.78184, 0.78734,2026.03.23 15:17:16, 0.78735,0.00,0.00, 10.03,,
2026.03.23 15:00:33,81939483,USDCHF,buy,0.05, 0.78557, 0.78155, 0.78705,2026.03.23 15:10:10, 0.78707,0.00,0.00, 9.53,,
2026.03.23 15:02:38,81939555,USDCHF,buy,0.05, 0.78657, 0.78264, 0.78814,2026.03.23 15:21:04, 0.78750,0.00,0.00, 5.90,,
2026.03.23 15:04:42,81939620,USDCHF,buy,0.05, 0.78595, 0.78202, 0.78752,2026.03.23 15:19:58, 0.78753,0.00,0.00, 10.03,,
2026.03.23 15:06:44,81939659,USDCHF,buy,0.05, 0.78677, 0.78284, 0.78834,2026.03.23 15:21:18, 0.78765,0.00,0.00, 5.59,,
2026.03.23 15:08:44,81939685,USDCHF,buy,0.05, 0.78703, 0.78308, 0.78859,2026.03.23 15:21:33, 0.78776,0.00,0.00, 4.63,,
2026.03.23 15:10:45,81939736,USDCHF,buy,0.05, 0.78710, 0.78318, 0.78869,2026.03.23 15:21:48, 0.78781,0.00,0.00, 4.51,,
2026.03.23 15:12:47,81939766,USDCHF,buy,0.05, 0.78724, 0.78330, 0.78881,2026.03.23 15:42:41, 0.78646,0.00,0.00,- 4.96,,
2026.03.23 15:15:08,81939795,USDCHF,buy,0.05, 0.78716, 0.78322, 0.78873,2026.03.23 16:19:43, 0.78524,0.00,0.00,- 12.23,,
2026.03.23 15:17:16,81939824,USDCHF,buy,0.05, 0.78740, 0.78342, 0.78893,2026.03.23 16:20:26, 0.78505,0.00,0.00,- 14.97,,
2026.03.23 15:21:48,81939906,USDCHF,sell,1.88, 0.78780, 0.78899, 0.78647,2026.03.23 15:42:28, 0.78644,0.00,0.00, 325.11,,
2026.03.23 15:42:41,81940254,USDCHF,sell,2, 0.78646, 0.78764, 0.78512,2026.03.23 16:20:21, 0.78512,0.00,0.00, 341.35,,
2026.03.23 15:42:42,81940256,GBPUSD,buy,0.34, 1.34188, 1.34188, 1.34416,2026.03.23 16:20:13, 1.34417,0.00,0.00, 77.86,,
2026.03.23 15:42:42,81940258,GBPUSD,sell,0.05, 1.34173, 1.34846, 1.33907,2026.03.23 16:20:26, 1.34430,0.00,0.00,- 12.85,,
2026.03.23 15:44:54,81940331,GBPUSD,sell,0.05, 1.34053, 1.34723, 1.33785,2026.03.23 16:21:08, 1.34478,0.00,0.00,- 21.25,,
2026.03.23 15:47:03,81940382,GBPUSD,sell,0.11, 1.34112, 1.34783, 1.33844,2026.03.23 16:21:52, 1.34510,0.00,0.00,- 43.78,,
2026.03.23 15:49:08,81940415,GBPUSD,sell,0.17, 1.34124, 1.34796, 1.33857,2026.03.23 16:22:33, 1.34513,0.00,0.00,- 66.13,,
2026.03.23 15:51:14,81940455,GBPUSD,sell,0.17, 1.34161, 1.34832, 1.33893,2026.03.23 16:23:15, 1.34553,0.00,0.00,- 66.64,,
2026.03.23 15:53:20,81940494,GBPUSD,sell,0.15, 1.34183, 1.34854, 1.33915,2026.03.23 16:23:57, 1.34545,0.00,0.00,- 54.30,,
2026.03.23 15:55:28,81940547,GBPUSD,sell,0.01, 1.34064, 1.34736, 1.33798,2026.03.23 16:24:39, 1.34619,0.00,0.00,- 5.55,,
2026.03.23 15:59:56,81940599,GBPUSD,sell,0.01, 1.34145, 1.34816, 1.33877,2026.03.23 16:25:21, 1.34614,0.00,0.00,- 4.69,,
2026.03.23 16:02:07,81940654,GBPUSD,sell,0.02, 1.34219, 1.34890, 1.33951,2026.03.23 16:26:02, 1.34615,0.00,0.00,- 7.92,,
2026.03.23 16:08:02,81940782,GBPUSD,sell,0.01, 1.34210, 1.34881, 1.33942,2026.03.23 17:16:48, 1.34413,0.00,0.00,- 2.03,,
2026.03.23 16:16:24,81940904,GBPUSD,sell,0.01, 1.34228, 1.34899, 1.33960,2026.03.23 17:18:56, 1.34393,0.00,0.00,- 1.65,,
2026.03.23 16:18:30,81940959,GBPUSD,sell,0.01, 1.34344, 1.35016, 1.34075,2026.03.23 17:19:38, 1.34405,0.00,0.00,- 0.61,,
2026.03.23 16:26:02,81941240,GBPUSD,buy,1.54, 1.34615, 1.34413, 1.34844,2026.03.23 16:52:51, 1.34412,0.00,0.00,- 312.62,,
2026.03.23 16:53:19,81941777,EURUSD,buy,1.72, 1.16189, 1.16015, 1.16387,2026.03.23 17:38:05, 1.16013,0.00,0.00,- 302.72,,
2026.03.23 16:53:20,81941778,EURUSD,sell,0.25, 1.16178, 1.16178, 1.15945,2026.03.23 17:40:30, 1.16011,0.00,0.00, 41.75,,
2026.03.23 16:55:25,81941805,EURUSD,sell,0.47, 1.16185, 1.16185, 1.15950,2026.03.23 17:41:13, 1.16011,0.00,0.00, 81.78,,
2026.03.23 16:57:31,81941826,EURUSD,sell,0.86, 1.16184, 1.16184, 1.15951,2026.03.23 17:43:17, 1.16006,0.00,0.00, 153.08,,
2026.03.23 16:59:38,81941848,EURUSD,sell,0.86, 1.16168, 1.16168, 1.15936,2026.03.23 17:45:24, 1.16006,0.00,0.00, 139.32,,
2026.03.23 17:01:42,81941903,EURUSD,sell,0.86, 1.16211, 1.16211, 1.15979,2026.03.23 17:46:08, 1.15986,0.00,0.00, 193.50,,
2026.03.23 17:03:50,81941984,EURUSD,sell,0.34, 1.16277, 1.16858, 1.16044,2026.03.23 17:35:52, 1.16044,0.00,0.00, 79.22,,
2026.03.23 17:05:54,81942031,EURUSD,sell,0.06, 1.16257, 1.16838, 1.16024,2026.03.23 17:38:03, 1.16024,0.00,0.00, 13.98,,
2026.03.23 17:08:42,81942079,EURUSD,sell,0.01, 1.16250, 1.16831, 1.16018,2026.03.23 17:38:06, 1.16018,0.00,0.00, 2.32,,
2026.03.23 17:11:55,81942125,EURUSD,sell,0.01, 1.16238, 1.16819, 1.16006,2026.03.23 17:38:47, 1.16006,0.00,0.00, 2.32,,
2026.03.23 17:14:27,81942186,EURUSD,sell,0.01, 1.16209, 1.16796, 1.15983,2026.03.23 17:46:12, 1.15981,0.00,0.00, 2.28,,
2026.03.23 17:16:32,81942217,EURUSD,sell,0.02, 1.16179, 1.16179, 1.15947,2026.03.23 17:46:51, 1.15963,0.00,0.00, 4.32,,
2026.03.23 17:18:41,81942254,EURUSD,sell,0.01, 1.16176, 1.16176, 1.15944,2026.03.23 17:47:33, 1.15966,0.00,0.00, 2.10,,
2026.03.23 17:20:46,81942301,EURUSD,sell,0.05, 1.16118, 1.16699, 1.15886,2026.03.23 17:48:24, 1.16000,0.00,0.00, 5.90,,
2026.03.23 17:27:21,81942437,EURUSD,sell,0.01, 1.16116, 1.16695, 1.15882,2026.03.23 17:49:06, 1.16000,0.00,0.00, 1.16,,
2026.03.23 17:29:26,81942489,EURUSD,sell,0.01, 1.16085, 1.16665, 1.15853,2026.03.23 17:49:49, 1.16006,0.00,0.00, 0.79,,
2026.03.23 17:33:18,81942543,EURUSD,sell,0.01, 1.16079, 1.16659, 1.15847,2026.03.23 17:52:18, 1.15847,0.00,0.00, 2.32,,
2026.03.23 17:35:31,81942578,EURUSD,sell,0.01, 1.16043, 1.16043, 1.15811,2026.03.23 18:03:50, 1.15810,0.00,0.00, 2.33,,
2026.03.23 17:37:42,81942628,EURUSD,sell,0.3, 1.16027, 1.16027, 1.15795,2026.03.23 18:04:11, 1.15816,0.00,0.00, 63.30,,
2026.03.23 17:49:49,81942891,EURUSD,buy,1.58, 1.16006, 1.15832, 1.16203,2026.03.23 17:52:19, 1.15831,0.00,0.00,- 276.50,,
2026.03.23 17:52:40,81942966,GBPUSD,buy,1.33, 1.34014, 1.33812, 1.34241,2026.03.23 18:03:36, 1.33812,0.00,0.00,- 268.66,,
2026.03.23 17:52:40,81942967,GBPUSD,sell,0.19, 1.34001, 1.34001, 1.33733,2026.03.23 18:04:07, 1.33811,0.00,0.00, 36.10,,
2026.03.23 17:54:52,81943025,GBPUSD,sell,0.33, 1.33897, 1.34567, 1.33630,2026.03.23 18:04:08, 1.33800,0.00,0.00, 32.01,,
2026.03.23 17:56:54,81943095,GBPUSD,sell,0.61, 1.33878, 1.34548, 1.33611,2026.03.23 18:04:10, 1.33801,0.00,0.00, 46.97,,
2026.03.23 17:58:55,81943131,GBPUSD,sell,0.66, 1.33845, 1.34514, 1.33577,2026.03.23 18:04:10, 1.33815,0.00,0.00, 19.80,,
2026.03.23 18:00:57,81943170,GBPUSD,sell,0.66, 1.33840, 1.34509, 1.33572,2026.03.23 18:04:13, 1.33824,0.00,0.00, 10.56,,
2026.03.23 18:02:59,81943211,GBPUSD,sell,0.33, 1.33891, 1.34560, 1.33623,2026.03.23 18:04:09, 1.33803,0.00,0.00, 29.04,,
2026.03.23 18:04:11,81943244,EURUSD,buy,1.14, 1.15816, 1.15642, 1.16013,2026.03.23 18:49:58, 1.15976,0.00,0.00, 182.40,,
2026.03.23 18:04:11,81943245,EURUSD,sell,0.16, 1.15808, 1.16387, 1.15576,2026.03.23 20:36:31, 1.16287,0.00,0.00,- 76.64,,
2026.03.23 18:04:11,81943246,USDCHF,sell,0.35, 0.78792, 0.78910, 0.78658,2026.03.23 19:31:06, 0.78686,0.00,0.00, 47.15,,
2026.03.23 18:04:12,81943247,USDCHF,buy,0.05, 0.78803, 0.78409, 0.78961,2026.03.23 20:50:37, 0.78471,0.00,0.00,- 21.15,,
2026.03.23 18:06:21,81943273,EURUSD,sell,0.57, 1.15775, 1.16354, 1.15543,2026.03.23 20:34:28, 1.16252,0.00,0.00,- 271.89,,
2026.03.23 18:06:22,81943274,USDCHF,buy,0.17, 0.78831, 0.78437, 0.78989,2026.03.23 20:51:19, 0.78486,0.00,0.00,- 74.73,,
2026.03.23 18:08:27,81943319,EURUSD,sell,0.57, 1.15876, 1.16457, 1.15646,2026.03.23 20:37:13, 1.16335,0.00,0.00,- 261.63,,
2026.03.23 18:08:28,81943320,USDCHF,buy,0.17, 0.78775, 0.78381, 0.78933,2026.03.23 20:52:01, 0.78488,0.00,0.00,- 62.16,,
2026.03.23 18:10:31,81943345,EURUSD,sell,0.57, 1.15827, 1.16406, 1.15595,2026.03.23 20:37:55, 1.16332,0.00,0.00,- 287.85,,
2026.03.23 18:10:32,81943346,USDCHF,buy,0.17, 0.78790, 0.78396, 0.78948,2026.03.23 20:52:44, 0.78497,0.00,0.00,- 63.45,,
2026.03.23 18:12:36,81943386,EURUSD,sell,0.57, 1.15854, 1.16433, 1.15622,2026.03.23 20:38:47, 1.16347,0.00,0.00,- 281.01,,
2026.03.23 18:12:37,81943388,USDCHF,buy,0.17, 0.78772, 0.78379, 0.78931,2026.03.23 21:12:45, 0.78515,0.00,0.00,- 55.65,,
2026.03.23 18:14:50,81943423,EURUSD,sell,0.39, 1.15839, 1.16418, 1.15607,2026.03.23 20:39:29, 1.16316,0.00,0.00,- 186.03,,
2026.03.23 18:14:50,81943424,USDCHF,buy,0.07, 0.78774, 0.78384, 0.78936,2026.03.23 21:14:54, 0.78533,0.00,0.00,- 21.48,,
2026.03.23 18:16:54,81943454,EURUSD,sell,0.02, 1.15817, 1.16396, 1.15585,2026.03.23 20:40:10, 1.16271,0.00,0.00,- 9.08,,
2026.03.23 18:17:09,81943457,USDCHF,buy,0.01, 0.78809, 0.78415, 0.78967,2026.03.23 21:17:17, 0.78545,0.00,0.00,- 3.36,,
2026.03.23 18:18:58,81943488,EURUSD,sell,0.01, 1.15787, 1.16366, 1.15555,2026.03.23 20:40:51, 1.16276,0.00,0.00,- 4.89,,
2026.03.23 18:21:03,81943510,EURUSD,sell,0.01, 1.15767, 1.16346, 1.15535,2026.03.23 20:38:20, 1.16347,0.00,0.00,- 5.80,,
2026.03.23 20:52:44,81945437,USDCHF,sell,1.48, 0.78497, 0.78615, 0.78364,2026.03.23 21:31:13, 0.78616,0.00,0.00,- 224.03,,
2026.03.23 21:13:13,81945585,EURUSD,buy,0.42, 1.16290, 1.16116, 1.16488,2026.03.23 22:00:23, 1.16116,0.00,0.00,- 73.08,,
2026.03.23 21:13:14,81945586,EURUSD,sell,0.06, 1.16283, 1.16864, 1.16050,2026.03.23 22:03:19, 1.16111,0.00,0.00, 10.32,,
2026.03.23 21:15:22,81945611,EURUSD,sell,0.05, 1.16250, 1.16831, 1.16018,2026.03.23 22:26:29, 1.16112,0.00,0.00, 6.90,,
2026.03.23 21:17:17,81945696,USDCHF,buy,0.09, 0.78556, 0.78163, 0.78713,2026.03.23 21:41:53, 0.78617,0.00,0.00, 6.98,,
2026.03.23 21:17:31,81945702,EURUSD,sell,0.14, 1.16218, 1.16799, 1.15986,2026.03.23 22:26:43, 1.16110,0.00,0.00, 15.12,,
2026.03.23 21:19:32,81945715,EURUSD,sell,0.21, 1.16225, 1.16806, 1.15993,2026.03.23 22:26:57, 1.16113,0.00,0.00, 23.52,,
2026.03.23 21:19:33,81945717,USDCHF,buy,0.43, 0.78567, 0.78174, 0.78724,2026.03.23 21:44:36, 0.78614,0.00,0.00, 25.71,,
2026.03.23 21:21:42,81945731,EURUSD,sell,0.21, 1.16221, 1.16802, 1.15989,2026.03.23 22:27:42, 1.16114,0.00,0.00, 22.47,,
2026.03.23 21:21:43,81945732,USDCHF,buy,0.59, 0.78563, 0.78171, 0.78721,2026.03.23 21:50:54, 0.78614,0.00,0.00, 38.28,,
2026.03.23 21:23:49,81945748,EURUSD,sell,0.21, 1.16222, 1.16803, 1.15990,2026.03.23 22:27:57, 1.16114,0.00,0.00, 22.68,,
2026.03.23 21:23:50,81945749,USDCHF,buy,0.74, 0.78559, 0.78166, 0.78716,2026.03.23 21:55:12, 0.78614,0.00,0.00, 51.77,,
2026.03.23 21:26:03,81945766,EURUSD,sell,0.21, 1.16215, 1.16796, 1.15983,2026.03.23 22:28:12, 1.16114,0.00,0.00, 21.21,,
2026.03.23 21:26:03,81945767,USDCHF,buy,0.67, 0.78569, 0.78176, 0.78726,2026.03.23 21:55:55, 0.78612,0.00,0.00, 36.65,,
2026.03.23 21:28:11,81945788,EURUSD,sell,0.09, 1.16183, 1.16765, 1.15952,2026.03.23 22:29:21, 1.16113,0.00,0.00, 6.30,,
2026.03.23 21:28:12,81945789,USDCHF,buy,0.02, 0.78587, 0.78194, 0.78744,2026.03.23 21:57:19, 0.78613,0.00,0.00, 0.66,,
2026.03.23 21:30:21,81945807,EURUSD,sell,0.01, 1.16172, 1.16753, 1.15940,2026.03.23 22:29:36, 1.16113,0.00,0.00, 0.59,,
2026.03.23 21:30:36,81945810,USDCHF,buy,0.01, 0.78607, 0.78214, 0.78764,2026.03.23 22:00:09, 0.78621,0.00,0.00, 0.18,,
2026.03.23 21:55:26,81945972,EURUSD,sell,0.21, 1.16137, 1.16718, 1.15905,2026.03.23 22:42:46, 1.16131,0.00,0.00, 1.26,,
2026.03.23 21:57:32,81945991,EURUSD,sell,0.21, 1.16132, 1.16713, 1.15900,2026.03.23 22:42:45, 1.16131,0.00,0.00, 0.21,,
2026.03.23 21:59:41,81945999,EURUSD,sell,0.21, 1.16140, 1.16721, 1.15908,2026.03.23 22:42:47, 1.16131,0.00,0.00, 1.89,,
2026.03.23 22:29:36,81946224,EURUSD,buy,0.92, 1.16113, 1.15939, 1.16310,2026.03.23 22:42:48, 1.16119,0.00,0.00, 5.52,,
Orders,,,,,,,,,,,,,,
Open Time,Order,Symbol,Type,Volume,Price,S / L,T / P,Time,State,,Comment,,,
2026.03.12 21:07:38,81860421,EURUSD,sell,2.21 / 2.21,market, 1.15321, 1.14952,2026.03.12 21:07:38,filled,,MM SELL 03122107,,,
2026.03.12 21:07:40,81860422,GBPUSD,sell,0.28 / 0.28,market, 1.33630, 1.33203,2026.03.12 21:07:40,filled,,MM SELL 03122107,,,
2026.03.12 21:10:06,81860432,USDCHF,buy,0.05 / 0.05,market, 0.78447, 0.78699,2026.03.12 21:10:06,filled,,MM BUY 031221100,,,
2026.03.12 21:10:06,81860433,USDCHF,sell,0.01 / 0.01,market, 0.78946, 0.78396,2026.03.12 21:10:06,filled,,MM SELL 03122110,,,
2026.03.12 21:13:28,81860475,USDCHF,sell,0.02 / 0.02,market, 0.78960, 0.78410,2026.03.12 21:13:28,filled,,MM SELL 03122113,,,
2026.03.12 21:16:17,81860486,USDCHF,sell,0.02 / 0.02,market, 0.78956, 0.78406,2026.03.12 21:16:17,filled,,MM SELL 03122116,,,
2026.03.12 21:18:59,81860517,USDCHF,sell,0.02 / 0.02,market, 0.78948, 0.78398,2026.03.12 21:18:59,filled,,MM SELL 03122118,,,
2026.03.12 21:22:05,81860534,USDCHF,sell,0.02 / 0.02,market, 0.78953, 0.78403,2026.03.12 21:22:05,filled,,MM SELL 03122122,,,
2026.03.12 21:25:16,81860544,USDCHF,sell,0.02 / 0.02,market, 0.78952, 0.78402,2026.03.12 21:25:16,filled,,MM SELL 03122125,,,
2026.03.12 21:28:02,81860549,USDCHF,sell,0.02 / 0.02,market, 0.78967, 0.78417,2026.03.12 21:28:02,filled,,MM SELL 03122128,,,
2026.03.12 22:08:05,81860782,USDCHF,sell,0.01 / 0.01,market, 0.78985, 0.78435,2026.03.12 22:08:05,filled,,MM SELL 03122208,,,
2026.03.12 22:28:17,81860927,USDCHF,sell,0.01 / 0.01,market, 0.79008, 0.78458,2026.03.12 22:28:17,filled,,MM SELL 03122228,,,
2026.03.13 00:37:41,81861292,EURUSD,buy,2.21 / 2.21,market,,,2026.03.13 00:37:41,filled,,MM CLOSE 0313003,,,
2026.03.13 00:37:43,81861293,USDCHF,sell,0.02 / 0.02,market, 0.78970, 0.78420,2026.03.13 00:37:43,filled,,MM SELL 03130037,,,
2026.03.13 00:37:43,81861294,GBPUSD,buy,0.28 / 0.28,market,,,2026.03.13 00:37:43,filled,,MM CLOSE 0313003,,,
2026.03.13 00:39:43,81861300,USDCHF,sell,0.02 / 0.02,market, 0.78965, 0.78415,2026.03.13 00:39:43,filled,,MM SELL 03130039,,,
2026.03.13 00:40:07,81861302,USDCHF,sell,0.05 / 0.05,market,,,2026.03.13 00:40:07,filled,,MM CLOSE 0313004,,,
2026.03.13 00:40:12,81861303,USDCHF,buy,0.01 / 0.01,market,,,2026.03.13 00:40:12,filled,,MM CLOSE 0313004,,,
2026.03.13 00:43:32,81861312,USDCHF,buy,0.02 / 0.02,market,,,2026.03.13 00:43:32,filled,,MM CLOSE 0313004,,,
2026.03.13 00:43:38,81861313,GBPUSD,buy,1.78 / 1.78,market, 1.33317, 1.33744,2026.03.13 00:43:38,filled,,MM BUY 031300433,,,
2026.03.13 00:43:38,81861314,GBPUSD,sell,0.27 / 0.27,market, 1.34171, 1.33236,2026.03.13 00:43:38,filled,,MM SELL 03130043,,,
2026.03.13 00:45:43,81861319,GBPUSD,sell,0.49 / 0.49,market, 1.34159, 1.33225,2026.03.13 00:45:43,filled,,MM SELL 03130045,,,
2026.03.13 00:46:20,81861321,USDCHF,buy,0.02 / 0.02,market,,,2026.03.13 00:46:20,filled,,MM CLOSE 0313004,,,
2026.03.13 00:47:47,81861325,GBPUSD,sell,0.89 / 0.89,market, 1.34169, 1.33234,2026.03.13 00:47:47,filled,,MM SELL 03130047,,,
2026.03.13 00:49:03,81861326,USDCHF,buy,0.02 / 0.02,market,,,2026.03.13 00:49:03,filled,,MM CLOSE 0313004,,,
2026.03.13 00:49:47,81861329,GBPUSD,sell,0.89 / 0.89,market, 1.34149, 1.33215,2026.03.13 00:49:47,filled,,MM SELL 03130049,,,
2026.03.13 00:51:47,81861331,GBPUSD,sell,0.89 / 0.89,market, 1.34152, 1.33218,2026.03.13 00:51:47,filled,,MM SELL 03130051,,,
2026.03.13 00:52:05,81861332,USDCHF,buy,0.02 / 0.02,market,,,2026.03.13 00:52:05,filled,,MM CLOSE 0313005,,,
2026.03.13 00:54:06,81861333,GBPUSD,sell,0.4 / 0.4,market, 1.34158, 1.33224,2026.03.13 00:54:06,filled,,MM SELL 03130054,,,
2026.03.13 00:55:21,81861337,USDCHF,buy,0.02 / 0.02,market,,,2026.03.13 00:55:21,filled,,MM CLOSE 0313005,,,
2026.03.13 00:56:10,81861341,GBPUSD,sell,0.07 / 0.07,market, 1.34158, 1.33224,2026.03.13 00:56:10,filled,,MM SELL 03130056,,,
2026.03.13 00:58:04,81861343,USDCHF,buy,0.02 / 0.02,market,,,2026.03.13 00:58:04,filled,,MM CLOSE 0313005,,,
2026.03.13 00:58:15,81861344,GBPUSD,sell,0.03 / 0.03,market, 1.34158, 1.33224,2026.03.13 00:58:15,filled,,MM SELL 03130058,,,
2026.03.13 01:01:54,81861359,GBPUSD,sell,0.01 / 0.01,market, 1.34143, 1.33209,2026.03.13 01:01:54,filled,,MM SELL 03130101,,,
2026.03.13 01:18:54,81861383,GBPUSD,sell,0.01 / 0.01,market, 1.34130, 1.33196,2026.03.13 01:18:54,filled,,MM SELL 03130118,,,
2026.03.13 01:38:07,81861403,USDCHF,buy,0.01 / 0.01,market,,,2026.03.13 01:38:07,filled,,MM CLOSE 0313013,,,
2026.03.13 03:53:07,81861707,USDCHF,buy,0.01 / 0.01,market,,,2026.03.13 03:53:07,filled,,MM CLOSE 0313035,,,
2026.03.13 04:07:47,81861723,USDCHF,buy,0.02 / 0.02,market,,,2026.03.13 04:07:47,filled,,MM CLOSE 0313040,,,
2026.03.13 04:09:44,81861724,USDCHF,buy,0.02 / 0.02,market,,,2026.03.13 04:09:44,filled,,MM CLOSE 0313040,,,
2026.03.13 04:13:40,81861735,GBPUSD,sell,1.78 / 1.78,market,,,2026.03.13 04:13:40,filled,,MM CLOSE 0313041,,,
2026.03.13 04:13:45,81861736,GBPUSD,buy,0.27 / 0.27,market,,,2026.03.13 04:13:45,filled,,MM CLOSE 0313041,,,
2026.03.13 04:15:44,81861740,GBPUSD,buy,0.49 / 0.49,market,,,2026.03.13 04:15:44,filled,,MM CLOSE 0313041,,,
2026.03.13 04:17:49,81861742,GBPUSD,buy,0.89 / 0.89,market,,,2026.03.13 04:17:49,filled,,MM CLOSE 0313041,,,
2026.03.13 04:19:50,81861746,GBPUSD,buy,0.89 / 0.89,market,,,2026.03.13 04:19:50,filled,,MM CLOSE 0313041,,,
2026.03.13 04:19:54,81861747,EURUSD,buy,0.75 / 0.75,market, 1.15004, 1.15373,2026.03.13 04:19:54,filled,,MM BUY 031304195,,,
2026.03.13 04:19:54,81861748,EURUSD,sell,0.11 / 0.11,market, 1.15745, 1.14939,2026.03.13 04:19:54,filled,,MM SELL 03130419,,,
2026.03.13 04:19:54,81861749,USDCHF,sell,0.24 / 0.24,market, 0.78701, 0.78449,2026.03.13 04:19:54,filled,,MM SELL 03130419,,,
2026.03.13 04:21:50,81861751,GBPUSD,buy,0.89 / 0.89,market,,,2026.03.13 04:21:50,filled,,MM CLOSE 0313042,,,
2026.03.13 04:21:55,81861752,EURUSD,sell,0.37 / 0.37,market, 1.15745, 1.14939,2026.03.13 04:21:55,filled,,MM SELL 03130421,,,
2026.03.13 04:23:56,81861755,EURUSD,sell,0.37 / 0.37,market, 1.15746, 1.14940,2026.03.13 04:23:56,filled,,MM SELL 03130423,,,
2026.03.13 04:24:06,81861757,GBPUSD,buy,0.4 / 0.4,market,,,2026.03.13 04:24:06,filled,,MM CLOSE 0313042,,,
2026.03.13 04:25:56,81861761,EURUSD,sell,0.37 / 0.37,market, 1.15747, 1.14941,2026.03.13 04:25:56,filled,,MM SELL 03130425,,,
2026.03.13 04:26:10,81861762,GBPUSD,buy,0.07 / 0.07,market,,,2026.03.13 04:26:10,filled,,MM CLOSE 0313042,,,
2026.03.13 04:27:57,81861766,EURUSD,sell,0.37 / 0.37,market, 1.15739, 1.14933,2026.03.13 04:27:57,filled,,MM SELL 03130427,,,
2026.03.13 04:28:16,81861767,GBPUSD,buy,0.03 / 0.03,market,,,2026.03.13 04:28:16,filled,,MM CLOSE 0313042,,,
2026.03.13 04:29:59,81861768,EURUSD,sell,0.37 / 0.37,market, 1.15741, 1.14935,2026.03.13 04:29:59,filled,,MM SELL 03130429,,,
2026.03.13 04:31:55,81861769,GBPUSD,buy,0.01 / 0.01,market,,,2026.03.13 04:31:55,filled,,MM CLOSE 0313043,,,
2026.03.13 04:31:59,81861770,EURUSD,sell,0.37 / 0.37,market, 1.15757, 1.14951,2026.03.13 04:31:59,filled,,MM SELL 03130431,,,
2026.03.13 04:34:01,81861771,EURUSD,sell,0.37 / 0.37,market, 1.15751, 1.14945,2026.03.13 04:34:01,filled,,MM SELL 03130434,,,
2026.03.13 04:36:01,81861772,EURUSD,sell,0.29 / 0.29,market, 1.15751, 1.14945,2026.03.13 04:36:01,filled,,MM SELL 03130436,,,
2026.03.13 04:38:08,81861776,EURUSD,sell,0.05 / 0.05,market, 1.15726, 1.14920,2026.03.13 04:38:08,filled,,MM SELL 03130438,,,
2026.03.13 04:40:09,81861780,EURUSD,sell,0.01 / 0.01,market, 1.15713, 1.14907,2026.03.13 04:40:09,filled,,MM SELL 03130440,,,
2026.03.13 04:42:12,81861788,EURUSD,sell,0.01 / 0.01,market, 1.15707, 1.14901,2026.03.13 04:42:12,filled,,MM SELL 03130442,,,
2026.03.13 04:46:16,81861800,EURUSD,sell,0.01 / 0.01,market, 1.15691, 1.14885,2026.03.13 04:46:16,filled,,MM SELL 03130446,,,
2026.03.13 04:48:56,81861803,GBPUSD,buy,0.01 / 0.01,market,,,2026.03.13 04:48:56,filled,,MM CLOSE 0313044,,,
2026.03.13 04:49:00,81861804,EURUSD,sell,0.01 / 0.01,market, 1.15690, 1.14884,2026.03.13 04:49:00,filled,,MM SELL 03130449,,,
2026.03.13 05:14:25,81861865,EURUSD,sell,0.01 / 0.01,market, 1.15678, 1.14872,2026.03.13 05:14:25,filled,,MM SELL 03130514,,,
2026.03.13 05:19:32,81861896,EURUSD,sell,0.01 / 0.01,market, 1.15661, 1.14856,2026.03.13 05:19:32,filled,,MM SELL 03130519,,,
2026.03.13 05:30:28,81861920,EURUSD,sell,0.01 / 0.01,market, 1.15641, 1.14836,2026.03.13 05:30:28,filled,,MM SELL 03130530,,,
2026.03.13 05:32:29,81861939,EURUSD,sell,0.01 / 0.01,market, 1.15623, 1.14818,2026.03.13 05:32:29,filled,,MM SELL 03130532,,,
2026.03.13 06:30:28,81862146,USDCHF,buy,0.24 / 0.24, 0.78701,,,2026.03.13 06:30:28,filled,,[sl 0.78701],,,
2026.03.13 06:30:31,81862147,EURUSD,sell,0.18 / 0.18,market, 1.15612, 1.14807,2026.03.13 06:30:31,filled,,MM SELL 03130630,,,
2026.03.13 06:32:32,81862166,EURUSD,sell,0.03 / 0.03,market, 1.15602, 1.14797,2026.03.13 06:32:32,filled,,MM SELL 03130632,,,
2026.03.13 06:34:34,81862172,EURUSD,sell,0.01 / 0.01,market, 1.15598, 1.14793,2026.03.13 06:34:34,filled,,MM SELL 03130634,,,
2026.03.13 06:36:36,81862201,EURUSD,sell,0.01 / 0.01,market, 1.15584, 1.14779,2026.03.13 06:36:36,filled,,MM SELL 03130636,,,
2026.03.13 06:36:39,81862204,EURUSD,sell,0.75 / 0.75, 1.15004,,,2026.03.13 06:36:39,filled,,[sl 1.15004],,,
2026.03.13 08:34:07,81863012,EURUSD,buy,0.37 / 0.37, 1.14951,,,2026.03.13 08:34:07,filled,,[tp 1.14951],,,
2026.03.13 08:34:14,81863015,EURUSD,buy,0.37 / 0.37, 1.14945,,,2026.03.13 08:34:14,filled,,[tp 1.14945],,,
2026.03.13 08:34:14,81863016,EURUSD,buy,0.29 / 0.29, 1.14945,,,2026.03.13 08:34:14,filled,,[tp 1.14945],,,
2026.03.13 08:34:21,81863021,EURUSD,buy,0.37 / 0.37, 1.14940,,,2026.03.13 08:34:21,filled,,[tp 1.14940],,,
2026.03.13 08:34:21,81863022,EURUSD,buy,0.37 / 0.37, 1.14941,,,2026.03.13 08:34:21,filled,,[tp 1.14941],,,
2026.03.13 08:34:27,81863023,EURUSD,buy,0.11 / 0.11, 1.14939,,,2026.03.13 08:34:27,filled,,[tp 1.14939],,,
2026.03.13 08:34:27,81863024,EURUSD,buy,0.37 / 0.37, 1.14939,,,2026.03.13 08:34:27,filled,,[tp 1.14939],,,
2026.03.13 08:34:35,81863025,EURUSD,buy,0.37 / 0.37, 1.14935,,,2026.03.13 08:34:35,filled,,[tp 1.14935],,,
2026.03.13 08:35:27,81863034,EURUSD,buy,0.37 / 0.37, 1.14933,,,2026.03.13 08:35:27,filled,,[tp 1.14933],,,
2026.03.13 08:36:52,81863058,EURUSD,buy,0.05 / 0.05, 1.14920,,,2026.03.13 08:36:52,filled,,[tp 1.14920],,,
2026.03.13 08:49:28,81863152,EURUSD,buy,0.01 / 0.01, 1.14907,,,2026.03.13 08:49:28,filled,,[tp 1.14907],,,
2026.03.13 08:49:31,81863155,EURUSD,buy,0.01 / 0.01, 1.14901,,,2026.03.13 08:49:31,filled,,[tp 1.14901],,,
2026.03.13 08:56:13,81863211,EURUSD,buy,0.01 / 0.01, 1.14885,,,2026.03.13 08:56:13,filled,,[tp 1.14885],,,
2026.03.13 08:56:14,81863212,GBPUSD,sell,1.76 / 1.76,market, 1.33372, 1.32946,2026.03.13 08:56:14,filled,,MM SELL 03130856,,,
2026.03.13 08:56:22,81863213,EURUSD,buy,0.01 / 0.01, 1.14884,,,2026.03.13 08:56:22,filled,,[tp 1.14884],,,
2026.03.13 08:56:32,81863214,USDCHF,buy,0.35 / 0.35,market, 0.78652, 0.78904,2026.03.13 08:56:32,filled,,MM BUY 031308563,,,
2026.03.13 08:56:32,81863215,USDCHF,sell,0.05 / 0.05,market, 0.79153, 0.78601,2026.03.13 08:56:32,filled,,MM SELL 03130856,,,
2026.03.13 08:58:22,81863229,EURUSD,buy,0.01 / 0.01, 1.14872,,,2026.03.13 08:58:22,filled,,[tp 1.14872],,,
2026.03.13 08:58:28,81863236,EURUSD,buy,0.01 / 0.01, 1.14856,,,2026.03.13 08:58:28,filled,,[tp 1.14856],,,
2026.03.13 08:58:35,81863239,USDCHF,sell,0.12 / 0.12,market, 0.79156, 0.78604,2026.03.13 08:58:35,filled,,MM SELL 03130858,,,
2026.03.13 08:59:17,81863249,EURUSD,buy,0.01 / 0.01, 1.14836,,,2026.03.13 08:59:17,filled,,[tp 1.14836],,,
2026.03.13 09:00:03,81863266,EURUSD,buy,0.01 / 0.01, 1.14818,,,2026.03.13 09:00:03,filled,,[tp 1.14818],,,
2026.03.13 09:00:03,81863267,EURUSD,buy,0.18 / 0.18, 1.14807,,,2026.03.13 09:00:03,filled,,[tp 1.14807],,,
2026.03.13 09:00:28,81863279,EURUSD,buy,0.03 / 0.03, 1.14797,,,2026.03.13 09:00:28,filled,,[tp 1.14797],,,
2026.03.13 09:00:38,81863284,USDCHF,sell,0.17 / 0.17,market, 0.79178, 0.78626,2026.03.13 09:00:38,filled,,MM SELL 03130900,,,
2026.03.13 09:00:48,81863287,EURUSD,buy,0.01 / 0.01, 1.14793,,,2026.03.13 09:00:48,filled,,[tp 1.14793],,,
2026.03.13 09:02:42,81863371,USDCHF,sell,0.17 / 0.17,market, 0.79155, 0.78603,2026.03.13 09:02:42,filled,,MM SELL 03130902,,,
2026.03.13 09:04:44,81863406,USDCHF,sell,0.17 / 0.17,market, 0.79182, 0.78630,2026.03.13 09:04:44,filled,,MM SELL 03130904,,,
2026.03.13 09:06:17,81863437,EURUSD,buy,0.01 / 0.01, 1.14779,,,2026.03.13 09:06:17,filled,,[tp 1.14779],,,
2026.03.13 09:06:18,81863444,GBPUSD,buy,1.76 / 1.76, 1.32946,,,2026.03.13 09:06:18,filled,,[tp 1.32946],,,
2026.03.13 09:06:21,81863449,EURUSD,sell,2.12 / 2.12,market, 1.14932, 1.14565,2026.03.13 09:06:21,filled,,MM SELL 03130906,,,
2026.03.13 09:06:22,81863450,GBPUSD,sell,0.27 / 0.27,market, 1.33149, 1.32724,2026.03.13 09:06:22,filled,,MM SELL 03130906,,,
2026.03.13 09:06:45,81863464,USDCHF,sell,0.06 / 0.06,market, 0.79206, 0.78654,2026.03.13 09:06:45,filled,,MM SELL 03130906,,,
2026.03.13 09:10:42,81863508,USDCHF,sell,0.01 / 0.01,market, 0.79209, 0.78657,2026.03.13 09:10:42,filled,,MM SELL 03130910,,,
2026.03.13 09:13:54,81863523,USDCHF,sell,0.01 / 0.01,market, 0.79190, 0.78638,2026.03.13 09:13:54,filled,,MM SELL 03130913,,,
2026.03.13 09:16:42,81863568,USDCHF,sell,0.01 / 0.01,market, 0.79203, 0.78651,2026.03.13 09:16:42,filled,,MM SELL 03130916,,,
2026.03.13 09:19:06,81863601,USDCHF,sell,0.01 / 0.01,market, 0.79208, 0.78656,2026.03.13 09:19:06,filled,,MM SELL 03130919,,,
2026.03.13 09:21:27,81863629,USDCHF,sell,0.01 / 0.01,market, 0.79209, 0.78657,2026.03.13 09:21:27,filled,,MM SELL 03130921,,,
2026.03.13 09:23:30,81863664,USDCHF,sell,0.01 / 0.01,market, 0.79207, 0.78655,2026.03.13 09:23:30,filled,,MM SELL 03130923,,,
2026.03.13 09:25:48,81863678,USDCHF,sell,0.01 / 0.01,market, 0.79207, 0.78655,2026.03.13 09:25:48,filled,,MM SELL 03130925,,,
2026.03.13 09:36:46,81863767,EURUSD,buy,2.12 / 2.12,market,,,2026.03.13 09:36:46,filled,,,,,
2026.03.13 09:36:46,81863768,USDCHF,sell,0.17 / 0.17,market, 0.79158, 0.78606,2026.03.13 09:36:46,filled,,MM SELL 03130936,,,
2026.03.13 09:38:48,81863787,USDCHF,sell,0.17 / 0.17,market, 0.79176, 0.78624,2026.03.13 09:38:48,filled,,MM SELL 03130938,,,
2026.03.13 09:40:52,81863800,USDCHF,sell,0.17 / 0.17,market, 0.79177, 0.78625,2026.03.13 09:40:52,filled,,MM SELL 03130940,,,
2026.03.13 09:42:56,81863814,USDCHF,sell,0.17 / 0.17,market, 0.79180, 0.78628,2026.03.13 09:42:56,filled,,MM SELL 03130942,,,
2026.03.13 09:44:59,81863836,USDCHF,sell,0.17 / 0.17,market, 0.79197, 0.78645,2026.03.13 09:44:59,filled,,MM SELL 03130944,,,
2026.03.13 09:47:01,81863848,USDCHF,sell,0.17 / 0.17,market, 0.79202, 0.78650,2026.03.13 09:47:01,filled,,MM SELL 03130947,,,
2026.03.13 09:49:05,81863892,USDCHF,sell,0.17 / 0.17,market, 0.79233, 0.78681,2026.03.13 09:49:05,filled,,MM SELL 03130949,,,
2026.03.13 09:51:09,81863912,USDCHF,sell,0.17 / 0.17,market, 0.79212, 0.78660,2026.03.13 09:51:09,filled,,MM SELL 03130951,,,
2026.03.13 09:53:13,81863927,USDCHF,sell,0.17 / 0.17,market, 0.79224, 0.78672,2026.03.13 09:53:13,filled,,MM SELL 03130953,,,
2026.03.13 09:55:18,81863964,USDCHF,sell,0.17 / 0.17,market, 0.79247, 0.78695,2026.03.13 09:55:18,filled,,MM SELL 03130955,,,
2026.03.13 09:57:21,81863993,USDCHF,sell,0.17 / 0.17,market, 0.79275, 0.78723,2026.03.13 09:57:21,filled,,MM SELL 03130957,,,
2026.03.13 09:59:23,81864008,USDCHF,sell,0.17 / 0.17,market, 0.79254, 0.78702,2026.03.13 09:59:23,filled,,MM SELL 03130959,,,
2026.03.13 10:01:26,81864041,USDCHF,sell,0.17 / 0.17,market, 0.79275, 0.78723,2026.03.13 10:01:26,filled,,MM SELL 03131001,,,
2026.03.13 10:02:58,81864081,GBPUSD,buy,0.27 / 0.27, 1.32724,,,2026.03.13 10:02:58,filled,,[tp 1.32724],,,
2026.03.13 10:03:31,81864094,USDCHF,sell,0.17 / 0.17,market, 0.79253, 0.78701,2026.03.13 10:03:31,filled,,MM SELL 03131003,,,
2026.03.13 10:05:38,81864145,USDCHF,sell,0.17 / 0.17,market, 0.79290, 0.78738,2026.03.13 10:05:38,filled,,MM SELL 03131005,,,
2026.03.13 10:06:40,81864171,USDCHF,sell,0.35 / 0.35, 0.78904,,,2026.03.13 10:06:40,filled,,[tp 0.78904],,,
2026.03.13 10:06:54,81864173,USDCHF,buy,0.05 / 0.05,market,,,2026.03.13 10:06:54,filled,,MM CLOSE 0313100,,,
2026.03.13 10:07:08,81864177,USDCHF,buy,0.12 / 0.12,market,,,2026.03.13 10:07:08,filled,,MM CLOSE 0313100,,,
2026.03.13 10:07:22,81864179,USDCHF,buy,0.17 / 0.17,market,,,2026.03.13 10:07:22,filled,,MM CLOSE 0313100,,,
2026.03.13 10:07:36,81864182,USDCHF,buy,0.17 / 0.17,market,,,2026.03.13 10:07:36,filled,,MM CLOSE 0313100,,,
2026.03.13 10:07:52,81864188,USDCHF,buy,0.17 / 0.17,market,,,2026.03.13 10:07:52,filled,,MM CLOSE 0313100,,,
2026.03.13 10:08:05,81864189,USDCHF,buy,0.06 / 0.06,market,,,2026.03.13 10:08:05,filled,,MM CLOSE 0313100,,,
2026.03.13 10:08:20,81864190,USDCHF,buy,0.01 / 0.01,market,,,2026.03.13 10:08:20,filled,,MM CLOSE 0313100,,,
2026.03.13 10:08:34,81864192,USDCHF,buy,0.01 / 0.01,market,,,2026.03.13 10:08:34,filled,,MM CLOSE 0313100,,,
2026.03.13 10:08:49,81864195,USDCHF,buy,0.01 / 0.01,market,,,2026.03.13 10:08:49,filled,,MM CLOSE 0313100,,,
2026.03.13 10:09:03,81864197,USDCHF,buy,0.01 / 0.01,market,,,2026.03.13 10:09:03,filled,,MM CLOSE 0313100,,,
2026.03.13 10:09:17,81864206,USDCHF,buy,0.01 / 0.01,market,,,2026.03.13 10:09:17,filled,,MM CLOSE 0313100,,,
2026.03.13 10:09:41,81864212,USDCHF,buy,0.01 / 0.01,market,,,2026.03.13 10:09:41,filled,,MM CLOSE 0313100,,,
2026.03.13 10:09:56,81864216,USDCHF,buy,0.01 / 0.01,market,,,2026.03.13 10:09:56,filled,,MM CLOSE 0313100,,,
2026.03.13 10:10:10,81864221,USDCHF,buy,0.17 / 0.17,market,,,2026.03.13 10:10:10,filled,,MM CLOSE 0313101,,,
2026.03.13 10:10:24,81864228,USDCHF,buy,0.17 / 0.17,market,,,2026.03.13 10:10:24,filled,,MM CLOSE 0313101,,,
2026.03.13 10:10:40,81864231,USDCHF,buy,0.17 / 0.17,market,,,2026.03.13 10:10:40,filled,,MM CLOSE 0313101,,,
2026.03.13 10:10:54,81864234,USDCHF,buy,0.17 / 0.17,market,,,2026.03.13 10:10:54,filled,,MM CLOSE 0313101,,,
2026.03.13 10:11:08,81864242,USDCHF,buy,0.17 / 0.17,market,,,2026.03.13 10:11:08,filled,,MM CLOSE 0313101,,,
2026.03.13 10:11:22,81864248,USDCHF,buy,0.17 / 0.17,market,,,2026.03.13 10:11:22,filled,,MM CLOSE 0313101,,,
2026.03.13 10:11:22,81864249,USDCHF,buy,1.36 / 1.36,market, 0.78799, 0.79051,2026.03.13 10:11:22,filled,,MM BUY 031310112,,,
2026.03.13 11:03:10,81864753,USDCHF,sell,1.36 / 1.36, 0.78799,,,2026.03.13 11:03:10,filled,,[sl 0.78799],,,
2026.03.13 11:03:10,81864754,EURUSD,sell,1.18 / 1.18,market, 1.14699, 1.14332,2026.03.13 11:03:10,filled,,MM SELL 03131103,,,
2026.03.13 11:05:29,81864789,USDCHF,buy,0.17 / 0.17,market,,,2026.03.13 11:05:29,filled,,MM CLOSE 0313110,,,
2026.03.13 11:05:29,81864790,USDCHF,buy,0.35 / 0.35,market, 0.78678, 0.78930,2026.03.13 11:05:29,filled,,MM BUY 031311052,,,
2026.03.13 11:30:12,81864968,USDCHF,buy,0.17 / 0.17, 0.78738,,,2026.03.13 11:30:12,filled,,[tp 0.78738],,,
2026.03.13 11:30:17,81864971,GBPUSD,sell,0.6 / 0.6,market, 1.32992, 1.32567,2026.03.13 11:30:17,filled,,MM SELL 03131130,,,
2026.03.13 12:26:51,81865370,GBPUSD,buy,0.6 / 0.6, 1.32567,,,2026.03.13 12:26:51,filled,,[tp 1.32567],,,
2026.03.13 12:26:53,81865372,GBPUSD,sell,0.61 / 0.61,market, 1.32752, 1.32328,2026.03.13 12:26:53,filled,,MM SELL 03131226,,,
2026.03.13 12:50:44,81865576,EURUSD,buy,1.18 / 1.18, 1.14699,,,2026.03.13 12:50:44,filled,,[sl 1.14699],,,
2026.03.13 12:50:49,81865579,EURUSD,sell,1.07 / 1.07,market, 1.14871, 1.14504,2026.03.13 12:50:49,filled,,MM SELL 03131250,,,
2026.03.13 12:50:57,81865580,GBPUSD,buy,0.61 / 0.61, 1.32752,,,2026.03.13 12:50:57,filled,,[sl 1.32752],,,
2026.03.13 12:51:00,81865583,GBPUSD,sell,0.65 / 0.65,market, 1.32937, 1.32512,2026.03.13 12:51:00,filled,,MM SELL 03131251,,,
2026.03.13 13:10:51,81865742,GBPUSD,buy,0.65 / 0.65, 1.32512,,,2026.03.13 13:10:51,filled,,[tp 1.32512],,,
2026.03.13 13:10:53,81865743,GBPUSD,sell,0.7 / 0.7,market, 1.32699, 1.32275,2026.03.13 13:10:53,filled,,MM SELL 03131310,,,
2026.03.13 13:38:50,81865868,USDCHF,buy,0.17 / 0.17,market,,,2026.03.13 13:38:50,filled,,MM CLOSE 0313133,,,
2026.03.13 13:46:01,81865889,USDCHF,buy,0.17 / 0.17, 0.78723,,,2026.03.13 13:46:01,filled,,[tp 0.78723],,,
2026.03.13 13:46:01,81865890,USDCHF,buy,0.17 / 0.17, 0.78723,,,2026.03.13 13:46:01,filled,,[tp 0.78723],,,
2026.03.13 13:51:37,81865913,USDCHF,buy,0.17 / 0.17, 0.78702,,,2026.03.13 13:51:37,filled,,[tp 0.78702],,,
2026.03.13 13:51:37,81865914,USDCHF,buy,0.17 / 0.17, 0.78701,,,2026.03.13 13:51:37,filled,,[tp 0.78701],,,
2026.03.13 14:28:30,81866133,GBPUSD,buy,0.7 / 0.7, 1.32699,,,2026.03.13 14:28:30,filled,,[sl 1.32699],,,
2026.03.13 14:28:35,81866134,GBPUSD,sell,1.19 / 1.19,market, 1.32891, 1.32466,2026.03.13 14:28:35,filled,,MM SELL 03131428,,,
2026.03.13 14:29:49,81866140,USDCHF,buy,0.17 / 0.17,market,,,2026.03.13 14:29:49,filled,,,,,
2026.03.13 14:29:50,81866141,USDCHF,buy,0.17 / 0.17,market,,,2026.03.13 14:29:50,filled,,,,,
2026.03.13 14:29:54,81866142,GBPUSD,buy,1.19 / 1.19,market,,,2026.03.13 14:29:54,filled,,,,,
2026.03.13 14:29:55,81866143,USDCHF,sell,0.17 / 0.17,market, 0.79116, 0.78565,2026.03.13 14:29:55,filled,,MM SELL 03131429,,,
2026.03.13 14:29:55,81866144,GBPUSD,sell,1.1 / 1.1,market, 1.32820, 1.32396,2026.03.13 14:29:55,filled,,MM SELL 03131429,,,
2026.03.13 14:31:12,81866167,USDCHF,buy,0.17 / 0.17,market,,,2026.03.13 14:31:12,filled,,,,,
2026.03.13 14:37:02,81866224,USDCHF,sell,0.35 / 0.35, 0.78678,,,2026.03.13 14:37:02,filled,,[sl 0.78678],,,
2026.03.13 14:45:56,81866366,GBPUSD,buy,1.1 / 1.1, 1.32820,,,2026.03.13 14:45:56,filled,,[sl 1.32820],,,
2026.03.13 14:45:58,81866370,EURUSD,buy,1.07 / 1.07, 1.14871,,,2026.03.13 14:45:58,filled,,[sl 1.14871],,,
2026.03.13 15:05:17,81866571,USDCHF,sell,2.54 / 2.54,market, 0.78837, 0.78585,2026.03.13 15:05:17,filled,,MM SELL 03131505,,,
2026.03.13 15:05:18,81866572,GBPUSD,sell,0.28 / 0.28,market, 1.32873, 1.32448,2026.03.13 15:05:18,filled,,MM SELL 03131505,,,
2026.03.13 15:05:26,81866573,EURUSD,buy,0.05 / 0.05,market, 1.14586, 1.14953,2026.03.13 15:05:26,filled,,MM BUY 031315052,,,
2026.03.13 15:05:27,81866574,EURUSD,sell,0.01 / 0.01,market, 1.15326, 1.14522,2026.03.13 15:05:27,filled,,MM SELL 03131505,,,
2026.03.13 15:07:29,81866590,EURUSD,sell,0.02 / 0.02,market, 1.15330, 1.14526,2026.03.13 15:07:29,filled,,MM SELL 03131507,,,
2026.03.13 15:09:33,81866622,EURUSD,sell,0.02 / 0.02,market, 1.15331, 1.14527,2026.03.13 15:09:33,filled,,MM SELL 03131509,,,
2026.03.13 15:11:38,81866643,EURUSD,sell,0.02 / 0.02,market, 1.15337, 1.14533,2026.03.13 15:11:38,filled,,MM SELL 03131511,,,
2026.03.13 15:13:40,81866658,EURUSD,sell,0.02 / 0.02,market, 1.15406, 1.14602,2026.03.13 15:13:40,filled,,MM SELL 03131513,,,
2026.03.13 15:15:44,81866679,EURUSD,sell,0.02 / 0.02,market, 1.15360, 1.14556,2026.03.13 15:15:44,filled,,MM SELL 03131515,,,
2026.03.13 15:22:25,81866723,EURUSD,sell,0.01 / 0.01,market, 1.15344, 1.14540,2026.03.13 15:22:25,filled,,MM SELL 03131522,,,
2026.03.13 15:27:09,81866743,EURUSD,sell,0.01 / 0.01,market, 1.15348, 1.14544,2026.03.13 15:27:09,filled,,MM SELL 03131527,,,
2026.03.13 15:30:25,81866772,EURUSD,sell,0.02 / 0.02,market, 1.15395, 1.14591,2026.03.13 15:30:25,filled,,MM SELL 03131530,,,
2026.03.13 15:35:58,81866859,EURUSD,sell,0.01 / 0.01,market, 1.15368, 1.14564,2026.03.13 15:35:58,filled,,MM SELL 03131535,,,
2026.03.13 15:38:58,81866903,EURUSD,sell,0.01 / 0.01,market, 1.15432, 1.14628,2026.03.13 15:38:58,filled,,MM SELL 03131538,,,
2026.03.13 15:44:42,81866980,EURUSD,sell,0.01 / 0.01,market, 1.15439, 1.14635,2026.03.13 15:44:42,filled,,MM SELL 03131544,,,
2026.03.13 15:48:28,81867040,GBPUSD,buy,0.28 / 0.28, 1.32873,,,2026.03.13 15:48:28,filled,,[sl 1.32873],,,
2026.03.13 15:48:34,81867041,EURUSD,sell,0.02 / 0.02,market, 1.15464, 1.14660,2026.03.13 15:48:34,filled,,MM SELL 03131548,,,
2026.03.13 15:50:52,81867076,EURUSD,sell,0.02 / 0.02,market, 1.15403, 1.14599,2026.03.13 15:50:52,filled,,MM SELL 03131550,,,
2026.03.13 15:53:20,81867111,EURUSD,sell,0.02 / 0.02,market, 1.15390, 1.14586,2026.03.13 15:53:20,filled,,MM SELL 03131553,,,
2026.03.13 15:55:37,81867145,EURUSD,sell,0.02 / 0.02,market, 1.15427, 1.14623,2026.03.13 15:55:37,filled,,MM SELL 03131555,,,
2026.03.13 15:58:14,81867183,EURUSD,sell,0.02 / 0.02,market, 1.15358, 1.14554,2026.03.13 15:58:14,filled,,MM SELL 03131558,,,
2026.03.13 16:00:46,81867234,EURUSD,sell,0.02 / 0.02,market, 1.15339, 1.14535,2026.03.13 16:00:46,filled,,MM SELL 03131600,,,
2026.03.13 16:03:52,81867297,EURUSD,sell,0.02 / 0.02,market, 1.15316, 1.14513,2026.03.13 16:03:52,filled,,MM SELL 03131603,,,
2026.03.13 16:07:13,81867327,EURUSD,sell,0.02 / 0.02,market, 1.15322, 1.14519,2026.03.13 16:07:13,filled,,MM SELL 03131607,,,
2026.03.13 16:10:35,81867369,EURUSD,sell,0.02 / 0.02,market, 1.15332, 1.14528,2026.03.13 16:10:35,filled,,MM SELL 03131610,,,
2026.03.13 16:13:02,81867399,EURUSD,sell,0.02 / 0.02,market, 1.15352, 1.14548,2026.03.13 16:13:02,filled,,MM SELL 03131613,,,
2026.03.13 16:20:04,81867502,EURUSD,sell,0.02 / 0.02,market, 1.15297, 1.14494,2026.03.13 16:20:04,filled,,MM SELL 03131620,,,
2026.03.13 16:27:12,81867559,EURUSD,sell,0.01 / 0.01,market, 1.15347, 1.14543,2026.03.13 16:27:12,filled,,MM SELL 03131627,,,
2026.03.13 16:32:09,81867644,EURUSD,sell,0.01 / 0.01,market, 1.15385, 1.14581,2026.03.13 16:32:09,filled,,MM SELL 03131632,,,
2026.03.13 16:44:51,81867834,USDCHF,buy,2.54 / 2.54, 0.78837,,,2026.03.13 16:44:51,filled,,[sl 0.78837],,,
2026.03.13 16:45:06,81867849,EURUSD,buy,0.02 / 0.02, 1.14660,,,2026.03.13 16:45:06,filled,,[tp 1.14660],,,
2026.03.13 16:45:29,81867858,EURUSD,sell,0.02 / 0.02,market, 1.15229, 1.14427,2026.03.13 16:45:29,filled,,MM SELL 03131645,,,
2026.03.13 16:48:58,81867919,EURUSD,sell,0.02 / 0.02,market, 1.15217, 1.14415,2026.03.13 16:48:58,filled,,MM SELL 03131648,,,
2026.03.13 16:49:27,81867935,EURUSD,buy,0.01 / 0.01, 1.14635,,,2026.03.13 16:49:27,filled,,[tp 1.14635],,,
2026.03.13 16:49:49,81867940,EURUSD,buy,0.01 / 0.01, 1.14628,,,2026.03.13 16:49:49,filled,,[tp 1.14628],,,
2026.03.13 16:52:15,81867971,EURUSD,sell,0.02 / 0.02,market, 1.15191, 1.14389,2026.03.13 16:52:15,filled,,MM SELL 03131652,,,
2026.03.13 16:52:17,81867972,EURUSD,buy,0.02 / 0.02, 1.14623,,,2026.03.13 16:52:17,filled,,[tp 1.14623],,,
2026.03.13 16:55:43,81868025,EURUSD,buy,0.02 / 0.02, 1.14602,,,2026.03.13 16:55:43,filled,,[tp 1.14602],,,
2026.03.13 16:55:44,81868027,EURUSD,buy,0.02 / 0.02, 1.14599,,,2026.03.13 16:55:44,filled,,[tp 1.14599],,,
2026.03.13 16:55:52,81868029,EURUSD,sell,0.05 / 0.05, 1.14586,,,2026.03.13 16:55:52,filled,,[sl 1.14586],,,
2026.03.13 16:55:52,81868030,EURUSD,buy,0.02 / 0.02, 1.14591,,,2026.03.13 16:55:52,filled,,[tp 1.14591],,,
2026.03.13 16:55:58,81868037,EURUSD,buy,0.02 / 0.02, 1.14586,,,2026.03.13 16:55:58,filled,,[tp 1.14586],,,
2026.03.13 16:56:00,81868042,EURUSD,buy,0.01 / 0.01, 1.14581,,,2026.03.13 16:56:00,filled,,[tp 1.14581],,,
2026.03.13 16:57:25,81868090,EURUSD,buy,0.01 / 0.01, 1.14564,,,2026.03.13 16:57:25,filled,,[tp 1.14564],,,
2026.03.13 16:58:25,81868107,EURUSD,buy,0.02 / 0.02,market,,,2026.03.13 16:58:25,filled,,,,,
2026.03.13 16:58:26,81868108,EURUSD,buy,0.02 / 0.02,market,,,2026.03.13 16:58:26,filled,,,,,
2026.03.13 16:58:27,81868109,EURUSD,buy,0.02 / 0.02,market,,,2026.03.13 16:58:27,filled,,,,,
2026.03.13 16:58:29,81868114,EURUSD,buy,0.02 / 0.02,market,,,2026.03.13 16:58:29,filled,,,,,
2026.03.13 16:58:30,81868116,EURUSD,buy,0.02 / 0.02,market,,,2026.03.13 16:58:30,filled,,,,,
2026.03.13 16:58:30,81868117,EURUSD,buy,0.02 / 0.02,market,,,2026.03.13 16:58:30,filled,,,,,
2026.03.13 16:58:31,81868118,EURUSD,buy,0.01 / 0.01,market,,,2026.03.13 16:58:31,filled,,,,,
2026.03.13 16:58:32,81868120,EURUSD,buy,0.02 / 0.02,market,,,2026.03.13 16:58:32,filled,,,,,
2026.03.13 16:58:32,81868121,EURUSD,buy,0.02 / 0.02,market,,,2026.03.13 16:58:32,filled,,,,,
2026.03.13 16:58:33,81868123,EURUSD,buy,0.02 / 0.02,market,,,2026.03.13 16:58:33,filled,,,,,
2026.03.13 16:58:34,81868124,EURUSD,buy,0.02 / 0.02,market,,,2026.03.13 16:58:34,filled,,,,,
2026.03.13 16:58:34,81868125,EURUSD,buy,0.02 / 0.02,market,,,2026.03.13 16:58:34,filled,,,,,
2026.03.13 16:58:35,81868126,EURUSD,buy,0.01 / 0.01,market,,,2026.03.13 16:58:35,filled,,,,,
2026.03.13 16:58:36,81868127,EURUSD,buy,0.01 / 0.01,market,,,2026.03.13 16:58:36,filled,,,,,
2026.03.13 16:58:37,81868128,EURUSD,buy,0.01 / 0.01,market,,,2026.03.13 16:58:37,filled,,,,,
2026.03.13 16:58:37,81868129,EURUSD,buy,0.02 / 0.02,market,,,2026.03.13 16:58:37,filled,,,,,
2026.03.13 16:58:38,81868131,EURUSD,buy,0.02 / 0.02,market,,,2026.03.13 16:58:38,filled,,,,,
2026.03.13 16:58:39,81868132,EURUSD,buy,0.02 / 0.02,market,,,2026.03.13 16:58:39,filled,,,,,
2026.03.13 16:59:16,81868143,EURUSD,buy,2.14 / 2.14,market, 1.14396, 1.14763,2026.03.13 16:59:16,filled,,MM BUY 031316591,,,
2026.03.13 16:59:16,81868144,EURUSD,sell,0.32 / 0.32,market, 1.15133, 1.14331,2026.03.13 16:59:16,filled,,MM SELL 03131659,,,
2026.03.13 16:59:17,81868145,USDCHF,sell,0.68 / 0.68,market, 0.79000, 0.78748,2026.03.13 16:59:17,filled,,MM SELL 03131659,,,
2026.03.13 16:59:18,81868146,GBPUSD,buy,0.07 / 0.07,market, 1.32367, 1.32791,2026.03.13 16:59:18,filled,,MM BUY 031316591,,,
2026.03.13 16:59:18,81868147,GBPUSD,sell,0.01 / 0.01,market, 1.33219, 1.32291,2026.03.13 16:59:18,filled,,MM SELL 03131659,,,
2026.03.13 17:02:46,81868206,EURUSD,sell,0.02 / 0.02,market, 1.15138, 1.14336,2026.03.13 17:02:46,filled,,MM SELL 03131702,,,
2026.03.13 17:02:47,81868207,GBPUSD,sell,0.03 / 0.03,market, 1.33183, 1.32255,2026.03.13 17:02:47,filled,,MM SELL 03131702,,,
2026.03.13 17:06:22,81868256,EURUSD,sell,0.06 / 0.06,market, 1.15121, 1.14319,2026.03.13 17:06:22,filled,,MM SELL 03131706,,,
2026.03.13 17:06:24,81868257,GBPUSD,sell,0.03 / 0.03,market, 1.33207, 1.32279,2026.03.13 17:06:24,filled,,MM SELL 03131706,,,
2026.03.13 17:09:49,81868300,EURUSD,sell,0.16 / 0.16,market, 1.15154, 1.14352,2026.03.13 17:09:49,filled,,MM SELL 03131709,,,
2026.03.13 17:09:50,81868301,GBPUSD,sell,0.03 / 0.03,market, 1.33256, 1.32328,2026.03.13 17:09:50,filled,,MM SELL 03131709,,,
2026.03.13 17:13:09,81868340,EURUSD,sell,0.27 / 0.27,market, 1.15156, 1.14354,2026.03.13 17:13:09,filled,,MM SELL 03131713,,,
2026.03.13 17:13:11,81868341,GBPUSD,sell,0.03 / 0.03,market, 1.33232, 1.32304,2026.03.13 17:13:11,filled,,MM SELL 03131713,,,
2026.03.13 17:16:50,81868390,EURUSD,sell,0.45 / 0.45,market, 1.15125, 1.14323,2026.03.13 17:16:50,filled,,MM SELL 03131716,,,
2026.03.13 17:16:52,81868391,GBPUSD,sell,0.03 / 0.03,market, 1.33179, 1.32251,2026.03.13 17:16:52,filled,,MM SELL 03131716,,,
2026.03.13 17:20:12,81868429,EURUSD,sell,0.8 / 0.8,market, 1.15106, 1.14304,2026.03.13 17:20:12,filled,,MM SELL 03131720,,,
2026.03.13 17:20:21,81868431,GBPUSD,sell,0.03 / 0.03,market, 1.33162, 1.32235,2026.03.13 17:20:21,filled,,MM SELL 03131720,,,
2026.03.13 17:22:21,81868458,EURUSD,sell,1.07 / 1.07,market, 1.15122, 1.14320,2026.03.13 17:22:21,filled,,MM SELL 03131722,,,
2026.03.13 17:22:22,81868460,GBPUSD,sell,0.03 / 0.03,market, 1.33193, 1.32265,2026.03.13 17:22:22,filled,,MM SELL 03131722,,,
2026.03.13 17:25:49,81868534,EURUSD,sell,0.63 / 0.63,market, 1.15050, 1.14249,2026.03.13 17:25:49,filled,,MM SELL 03131725,,,
2026.03.13 17:25:50,81868535,GBPUSD,sell,0.03 / 0.03,market, 1.33085, 1.32158,2026.03.13 17:25:50,filled,,MM SELL 03131725,,,
2026.03.13 17:29:33,81868568,EURUSD,sell,0.05 / 0.05,market, 1.15070, 1.14269,2026.03.13 17:29:33,filled,,MM SELL 03131729,,,
2026.03.13 17:29:34,81868569,GBPUSD,sell,0.01 / 0.01,market, 1.33109, 1.32182,2026.03.13 17:29:34,filled,,MM SELL 03131729,,,
2026.03.13 17:32:57,81868592,EURUSD,sell,0.01 / 0.01,market, 1.15034, 1.14233,2026.03.13 17:32:57,filled,,MM SELL 03131732,,,
2026.03.13 17:36:23,81868632,EURUSD,sell,0.02 / 0.02,market, 1.14991, 1.14190,2026.03.13 17:36:23,filled,,MM SELL 03131736,,,
2026.03.13 17:37:19,81868652,GBPUSD,sell,0.07 / 0.07, 1.32367,,,2026.03.13 17:37:19,filled,,[sl 1.32367],,,
2026.03.13 17:43:01,81868721,EURUSD,sell,2.14 / 2.14, 1.14396,,,2026.03.13 17:43:01,filled,,[sl 1.14396],,,
2026.03.13 17:43:12,81868733,GBPUSD,buy,0.03 / 0.03, 1.32328,,,2026.03.13 17:43:12,filled,,[tp 1.32328],,,
2026.03.13 17:44:16,81868763,EURUSD,buy,0.27 / 0.27, 1.14354,,,2026.03.13 17:44:16,filled,,[tp 1.14354],,,
2026.03.13 17:44:23,81868765,EURUSD,buy,0.16 / 0.16, 1.14352,,,2026.03.13 17:44:23,filled,,[tp 1.14352],,,
2026.03.13 18:00:17,81868964,EURUSD,buy,1.07 / 1.07,market,,,2026.03.13 18:00:17,filled,,,,,
2026.03.13 18:00:17,81868966,EURUSD,buy,0.06 / 0.06,market,,,2026.03.13 18:00:17,filled,,,,,
2026.03.13 18:00:18,81868968,EURUSD,buy,0.8 / 0.8,market,,,2026.03.13 18:00:18,filled,,,,,
2026.03.13 18:00:19,81868969,EURUSD,buy,0.05 / 0.05,market,,,2026.03.13 18:00:19,filled,,,,,
2026.03.13 18:00:20,81868970,EURUSD,buy,0.63 / 0.63,market,,,2026.03.13 18:00:20,filled,,,,,
2026.03.13 18:00:21,81868971,EURUSD,buy,0.45 / 0.45,market,,,2026.03.13 18:00:21,filled,,,,,
2026.03.13 18:00:22,81868973,EURUSD,buy,0.32 / 0.32,market,,,2026.03.13 18:00:22,filled,,,,,
2026.03.13 18:00:23,81868974,EURUSD,buy,0.02 / 0.02,market,,,2026.03.13 18:00:23,filled,,,,,
2026.03.13 18:00:24,81868976,GBPUSD,buy,0.03 / 0.03,market,,,2026.03.13 18:00:24,filled,,,,,
2026.03.13 18:00:24,81868977,GBPUSD,buy,0.01 / 0.01,market,,,2026.03.13 18:00:24,filled,,,,,
2026.03.13 18:00:25,81868978,GBPUSD,buy,0.03 / 0.03,market,,,2026.03.13 18:00:25,filled,,,,,
2026.03.13 18:00:25,81868979,GBPUSD,buy,0.03 / 0.03,market,,,2026.03.13 18:00:25,filled,,,,,
2026.03.13 18:00:26,81868980,GBPUSD,buy,0.03 / 0.03,market,,,2026.03.13 18:00:26,filled,,,,,
2026.03.13 18:00:27,81868981,GBPUSD,buy,0.03 / 0.03,market,,,2026.03.13 18:00:27,filled,,,,,
2026.03.13 18:00:27,81868983,GBPUSD,buy,0.03 / 0.03,market,,,2026.03.13 18:00:27,filled,,,,,
2026.03.13 18:00:28,81868985,GBPUSD,buy,0.01 / 0.01,market,,,2026.03.13 18:00:28,filled,,,,,
2026.03.13 18:00:29,81868986,GBPUSD,buy,0.03 / 0.03,market,,,2026.03.13 18:00:29,filled,,,,,
2026.03.13 18:00:30,81868987,EURUSD,buy,0.01 / 0.01,market,,,2026.03.13 18:00:30,filled,,,,,
2026.03.13 18:00:36,81868989,GBPUSD,sell,1.4 / 1.4,market, 1.32571, 1.32147,2026.03.13 18:00:36,filled,,MM SELL 03131800,,,
2026.03.13 18:01:43,81869009,USDCHF,buy,0.68 / 0.68,market,,,2026.03.13 18:01:43,filled,,,,,
2026.03.13 18:03:04,81869031,GBPUSD,buy,1.4 / 1.4,market,,,2026.03.13 18:03:04,filled,,,,,
2026.03.13 18:03:06,81869032,EURUSD,buy,0.02 / 0.02,market,,,2026.03.13 18:03:06,filled,,,,,
2026.03.13 22:25:15,81871392,GBPUSD,sell,1.85 / 1.85,market, 1.32411, 1.31988,2026.03.13 22:25:15,filled,,MM SELL 03132225,,,
2026.03.13 22:25:48,81871395,EURUSD,sell,0.32 / 0.32,market, 1.14310, 1.13945,2026.03.13 22:25:48,filled,,MM SELL 03132225,,,
2026.03.13 22:30:26,81871410,USDCHF,buy,0.05 / 0.05,market, 0.79035, 0.79289,2026.03.13 22:30:26,filled,,MM BUY 031322302,,,
2026.03.13 22:37:09,81871437,USDCHF,sell,0.01 / 0.01,market, 0.79547, 0.78993,2026.03.13 22:37:09,filled,,MM SELL 03132237,,,
2026.03.13 22:39:12,81871444,USDCHF,sell,0.02 / 0.02,market, 0.79548, 0.78994,2026.03.13 22:39:12,filled,,MM SELL 03132239,,,
2026.03.13 22:42:52,81871467,USDCHF,sell,0.02 / 0.02,market, 0.79556, 0.79002,2026.03.13 22:42:52,filled,,MM SELL 03132242,,,
2026.03.13 22:45:22,81871473,USDCHF,sell,0.02 / 0.02,market, 0.79538, 0.78984,2026.03.13 22:45:22,filled,,MM SELL 03132245,,,
2026.03.13 22:48:17,81871481,USDCHF,sell,0.02 / 0.02,market, 0.79525, 0.78971,2026.03.13 22:48:17,filled,,MM SELL 03132248,,,
2026.03.13 22:51:15,81871499,USDCHF,sell,0.01 / 0.01,market, 0.79525, 0.78971,2026.03.13 22:51:15,filled,,MM SELL 03132251,,,
2026.03.13 22:54:21,81871514,USDCHF,sell,0.01 / 0.01,market, 0.79545, 0.78991,2026.03.13 22:54:21,filled,,MM SELL 03132254,,,
2026.03.15 23:02:31,81871551,GBPUSD,buy,1.85 / 1.85, 1.32411,,,2026.03.15 23:02:31,filled,,[sl 1.32411],,,
2026.03.15 23:02:31,81871558,USDCHF,sell,0.05 / 0.05, 0.79035,,,2026.03.15 23:02:31,filled,,[sl 0.79035],,,
2026.03.15 23:14:25,81871570,USDCHF,buy,0.02 / 0.02, 0.79002,,,2026.03.15 23:14:25,filled,,[tp 0.79002],,,
2026.03.16 00:00:08,81871596,EURUSD,buy,0.32 / 0.32, 1.14310,,,2026.03.16 00:00:08,filled,,[sl 1.14310],,,
2026.03.16 02:00:08,81872251,USDCHF,buy,0.01 / 0.01, 0.78993,,,2026.03.16 02:00:08,filled,,[tp 0.78993],,,
2026.03.16 02:00:08,81872252,USDCHF,buy,0.02 / 0.02, 0.78994,,,2026.03.16 02:00:08,filled,,[tp 0.78994],,,
2026.03.16 02:00:21,81872253,USDCHF,buy,0.01 / 0.01, 0.78991,,,2026.03.16 02:00:21,filled,,[tp 0.78991],,,
2026.03.16 02:01:09,81872256,USDCHF,buy,0.02 / 0.02, 0.78984,,,2026.03.16 02:01:09,filled,,[tp 0.78984],,,
2026.03.16 02:02:34,81872266,USDCHF,buy,0.02 / 0.02, 0.78971,,,2026.03.16 02:02:34,filled,,[tp 0.78971],,,
2026.03.16 02:02:34,81872267,USDCHF,buy,0.01 / 0.01, 0.78971,,,2026.03.16 02:02:34,filled,,[tp 0.78971],,,
2026.03.16 11:32:18,81874399,USDCHF,sell,2.26 / 2.26,market, 0.79066, 0.78814,2026.03.16 11:32:18,filled,,MM SELL 03161132,,,
2026.03.16 11:34:21,81874407,GBPUSD,sell,0.25 / 0.25,market, 1.32634, 1.32210,2026.03.16 11:34:21,filled,,MM SELL 03161134,,,
2026.03.16 11:35:05,81874416,EURUSD,buy,0.05 / 0.05,market, 1.14286, 1.14653,2026.03.16 11:35:05,filled,,MM BUY 031611350,,,
2026.03.16 11:35:05,81874417,EURUSD,sell,0.01 / 0.01,market, 1.15023, 1.14222,2026.03.16 11:35:05,filled,,MM SELL 03161135,,,
2026.03.16 11:38:27,81874428,EURUSD,sell,0.02 / 0.02,market, 1.15022, 1.14221,2026.03.16 11:38:27,filled,,MM SELL 03161138,,,
2026.03.16 11:41:48,81874446,EURUSD,sell,0.02 / 0.02,market, 1.15024, 1.14223,2026.03.16 11:41:48,filled,,MM SELL 03161141,,,
2026.03.16 11:45:29,81874475,EURUSD,sell,0.02 / 0.02,market, 1.15062, 1.14261,2026.03.16 11:45:29,filled,,MM SELL 03161145,,,
2026.03.16 11:49:08,81874532,EURUSD,sell,0.02 / 0.02,market, 1.15079, 1.14277,2026.03.16 11:49:08,filled,,MM SELL 03161149,,,
2026.03.16 11:51:13,81874554,EURUSD,sell,0.02 / 0.02,market, 1.15068, 1.14267,2026.03.16 11:51:13,filled,,MM SELL 03161151,,,
2026.03.16 11:54:50,81874584,EURUSD,sell,0.02 / 0.02,market, 1.15084, 1.14282,2026.03.16 11:54:50,filled,,MM SELL 03161154,,,
2026.03.16 12:13:51,81874798,EURUSD,sell,0.01 / 0.01,market, 1.15152, 1.14350,2026.03.16 12:13:51,filled,,MM SELL 03161213,,,
2026.03.16 12:16:55,81874837,EURUSD,sell,0.01 / 0.01,market, 1.15186, 1.14384,2026.03.16 12:16:55,filled,,MM SELL 03161216,,,
2026.03.16 12:18:57,81874855,EURUSD,sell,0.05 / 0.05, 1.14653,,,2026.03.16 12:18:57,filled,,[tp 1.14653],,,
2026.03.16 12:19:39,81874867,GBPUSD,buy,0.25 / 0.25, 1.32634,,,2026.03.16 12:19:39,filled,,[sl 1.32634],,,
2026.03.16 12:22:16,81874910,EURUSD,buy,0.01 / 0.01,market,,,2026.03.16 12:22:16,filled,,MM CLOSE 0316122,,,
2026.03.16 12:22:16,81874911,EURUSD,buy,0.24 / 0.24,market, 1.14548, 1.14915,2026.03.16 12:22:16,filled,,MM BUY 031612221,,,
2026.03.16 12:24:18,81874950,USDCHF,buy,2.26 / 2.26, 0.78814,,,2026.03.16 12:24:18,filled,,[tp 0.78814],,,
2026.03.16 12:24:56,81874968,USDCHF,sell,2.25 / 2.25,market, 0.78924, 0.78672,2026.03.16 12:24:56,filled,,MM SELL 03161224,,,
2026.03.16 13:56:27,81875637,USDCHF,buy,2.25 / 2.25,market,,,2026.03.16 13:56:27,filled,,,,,
2026.03.16 13:56:30,81875638,EURUSD,sell,0.24 / 0.24,market,,,2026.03.16 13:56:30,filled,,,,,
2026.03.16 13:58:23,81875648,USDCHF,sell,2.25 / 2.25,market, 0.78883, 0.78631,2026.03.16 13:58:23,filled,,MM SELL 03161358,,,
2026.03.16 13:58:57,81875650,GBPUSD,buy,0.25 / 0.25,market, 1.32598, 1.33023,2026.03.16 13:58:57,filled,,MM BUY 031613585,,,
2026.03.16 13:58:57,81875651,GBPUSD,sell,0.03 / 0.03,market, 1.33451, 1.32521,2026.03.16 13:58:57,filled,,MM SELL 03161358,,,
2026.03.16 14:01:01,81875667,GBPUSD,sell,0.06 / 0.06,market, 1.33450, 1.32520,2026.03.16 14:01:01,filled,,MM SELL 03161401,,,
2026.03.16 14:04:36,81875695,GBPUSD,sell,0.12 / 0.12,market, 1.33493, 1.32563,2026.03.16 14:04:36,filled,,MM SELL 03161404,,,
2026.03.16 14:08:17,81875731,GBPUSD,sell,0.12 / 0.12,market, 1.33487, 1.32557,2026.03.16 14:08:17,filled,,MM SELL 03161408,,,
2026.03.16 14:10:28,81875742,GBPUSD,sell,0.12 / 0.12,market, 1.33470, 1.32540,2026.03.16 14:10:28,filled,,MM SELL 03161410,,,
2026.03.16 14:12:46,81875769,GBPUSD,sell,0.1 / 0.1,market, 1.33530, 1.32600,2026.03.16 14:12:46,filled,,MM SELL 03161412,,,
2026.03.16 14:17:01,81875798,GBPUSD,sell,0.01 / 0.01,market, 1.33500, 1.32570,2026.03.16 14:17:01,filled,,MM SELL 03161417,,,
2026.03.16 14:32:07,81875878,GBPUSD,sell,0.01 / 0.01,market, 1.33528, 1.32598,2026.03.16 14:32:07,filled,,MM SELL 03161432,,,
2026.03.16 14:33:16,81875888,USDCHF,buy,2.25 / 2.25,market,,,2026.03.16 14:33:16,filled,,,,,
2026.03.16 14:36:42,81875921,GBPUSD,sell,0.12 / 0.12,market, 1.33537, 1.32607,2026.03.16 14:36:42,filled,,MM SELL 03161436,,,
2026.03.16 14:39:26,81875939,GBPUSD,sell,0.12 / 0.12,market, 1.33509, 1.32579,2026.03.16 14:39:26,filled,,MM SELL 03161439,,,
2026.03.16 14:42:43,81875957,GBPUSD,sell,0.12 / 0.12,market, 1.33527, 1.32597,2026.03.16 14:42:43,filled,,MM SELL 03161442,,,
2026.03.16 14:45:57,81875968,GBPUSD,sell,0.12 / 0.12,market, 1.33541, 1.32611,2026.03.16 14:45:57,filled,,MM SELL 03161445,,,
2026.03.16 14:49:36,81875992,GBPUSD,sell,0.12 / 0.12,market, 1.33489, 1.32559,2026.03.16 14:49:36,filled,,MM SELL 03161449,,,
2026.03.16 14:53:53,81876022,GBPUSD,sell,0.12 / 0.12,market, 1.33456, 1.32526,2026.03.16 14:53:53,filled,,MM SELL 03161453,,,
2026.03.16 14:56:14,81876039,GBPUSD,sell,0.12 / 0.12,market, 1.33436, 1.32506,2026.03.16 14:56:14,filled,,MM SELL 03161456,,,
2026.03.16 14:59:42,81876060,GBPUSD,sell,0.12 / 0.12,market, 1.33432, 1.32502,2026.03.16 14:59:42,filled,,MM SELL 03161459,,,
2026.03.16 15:03:59,81876091,GBPUSD,sell,0.12 / 0.12,market, 1.33456, 1.32526,2026.03.16 15:03:59,filled,,MM SELL 03161503,,,
2026.03.16 15:06:40,81876111,GBPUSD,sell,0.12 / 0.12,market, 1.33458, 1.32528,2026.03.16 15:06:40,filled,,MM SELL 03161506,,,
2026.03.16 15:08:35,81876121,EURUSD,buy,0.02 / 0.02,market,,,2026.03.16 15:08:35,filled,,MM CLOSE 0316150,,,
2026.03.16 15:10:07,81876129,GBPUSD,sell,0.12 / 0.12,market, 1.33487, 1.32557,2026.03.16 15:10:07,filled,,MM SELL 03161510,,,
2026.03.16 15:13:14,81876148,GBPUSD,sell,0.12 / 0.12,market, 1.33520, 1.32590,2026.03.16 15:13:14,filled,,MM SELL 03161513,,,
2026.03.16 15:13:17,81876149,EURUSD,buy,0.02 / 0.02,market,,,2026.03.16 15:13:17,filled,,MM CLOSE 0316151,,,
2026.03.16 15:16:49,81876166,GBPUSD,sell,0.12 / 0.12,market, 1.33490, 1.32560,2026.03.16 15:16:49,filled,,MM SELL 03161516,,,
2026.03.16 15:16:53,81876167,EURUSD,buy,0.02 / 0.02,market,,,2026.03.16 15:16:53,filled,,MM CLOSE 0316151,,,
2026.03.16 15:20:17,81876194,GBPUSD,sell,0.12 / 0.12,market, 1.33479, 1.32549,2026.03.16 15:20:17,filled,,MM SELL 03161520,,,
2026.03.16 15:20:20,81876195,EURUSD,buy,0.02 / 0.02,market,,,2026.03.16 15:20:20,filled,,MM CLOSE 0316152,,,
2026.03.16 15:21:47,81876201,EURUSD,buy,0.02 / 0.02,market,,,2026.03.16 15:21:47,filled,,MM CLOSE 0316152,,,
2026.03.16 15:23:38,81876221,GBPUSD,sell,0.06 / 0.06,market, 1.33535, 1.32605,2026.03.16 15:23:38,filled,,MM SELL 03161523,,,
2026.03.16 15:25:19,81876236,EURUSD,buy,0.02 / 0.02,market,,,2026.03.16 15:25:19,filled,,MM CLOSE 0316152,,,
2026.03.16 15:27:03,81876241,GBPUSD,sell,0.03 / 0.03,market, 1.33530, 1.32600,2026.03.16 15:27:03,filled,,MM SELL 03161527,,,
2026.03.16 15:46:51,81876498,GBPUSD,sell,0.25 / 0.25, 1.33023,,,2026.03.16 15:46:51,filled,,[tp 1.33023],,,
2026.03.16 15:48:59,81876535,EURUSD,buy,0.01 / 0.01,market,,,2026.03.16 15:48:59,filled,,MM CLOSE 0316154,,,
2026.03.16 15:58:21,81876649,EURUSD,buy,0.01 / 0.01,market,,,2026.03.16 15:58:21,filled,,MM CLOSE 0316155,,,
2026.03.16 16:00:34,81876680,GBPUSD,buy,0.03 / 0.03,market,,,2026.03.16 16:00:34,filled,,MM CLOSE 0316160,,,
2026.03.16 16:27:05,81876907,GBPUSD,buy,0.06 / 0.06,market,,,2026.03.16 16:27:05,filled,,MM CLOSE 0316162,,,
2026.03.16 17:21:04,81877373,GBPUSD,buy,0.12 / 0.12,market,,,2026.03.16 17:21:04,filled,,MM CLOSE 0316172,,,
2026.03.16 17:47:12,81877617,GBPUSD,buy,0.12 / 0.12,market,,,2026.03.16 17:47:12,filled,,MM CLOSE 0316174,,,
2026.03.16 17:47:57,81877622,GBPUSD,buy,0.12 / 0.12,market,,,2026.03.16 17:47:57,filled,,MM CLOSE 0316174,,,
2026.03.16 17:56:01,81877710,GBPUSD,buy,0.1 / 0.1,market,,,2026.03.16 17:56:01,filled,,MM CLOSE 0316175,,,
2026.03.16 18:03:44,81877785,GBPUSD,buy,0.01 / 0.01,market,,,2026.03.16 18:03:44,filled,,MM CLOSE 0316180,,,
2026.03.16 18:12:43,81877863,GBPUSD,buy,0.01 / 0.01,market,,,2026.03.16 18:12:43,filled,,MM CLOSE 0316181,,,
2026.03.16 18:13:19,81877868,GBPUSD,buy,0.12 / 0.12,market,,,2026.03.16 18:13:19,filled,,MM CLOSE 0316181,,,
2026.03.16 18:21:19,81877917,GBPUSD,buy,0.12 / 0.12,market,,,2026.03.16 18:21:19,filled,,MM CLOSE 0316182,,,
2026.03.16 18:29:27,81878048,GBPUSD,buy,0.12 / 0.12,market,,,2026.03.16 18:29:27,filled,,MM CLOSE 0316182,,,
2026.03.16 18:39:17,81878157,GBPUSD,buy,0.12 / 0.12,market,,,2026.03.16 18:39:17,filled,,MM CLOSE 0316183,,,
2026.03.16 18:40:08,81878162,GBPUSD,buy,0.12 / 0.12,market,,,2026.03.16 18:40:08,filled,,MM CLOSE 0316184,,,
2026.03.16 18:40:24,81878166,GBPUSD,buy,0.12 / 0.12,market,,,2026.03.16 18:40:24,filled,,MM CLOSE 0316184,,,
2026.03.16 18:40:25,81878167,GBPUSD,buy,0.12 / 0.12,market,,,2026.03.16 18:40:25,filled,,MM CLOSE 0316184,,,
2026.03.16 18:40:25,81878168,GBPUSD,buy,0.95 / 0.95,market, 1.32792, 1.33217,2026.03.16 18:40:25,filled,,MM BUY 031618402,,,
2026.03.16 18:41:03,81878172,GBPUSD,buy,0.12 / 0.12,market,,,2026.03.16 18:41:03,filled,,MM CLOSE 0316184,,,
2026.03.16 18:41:18,81878174,GBPUSD,buy,0.12 / 0.12,market,,,2026.03.16 18:41:18,filled,,MM CLOSE 0316184,,,
2026.03.16 18:41:33,81878181,EURUSD,buy,1.75 / 1.75,market, 1.14733, 1.15100,2026.03.16 18:41:33,filled,,MM BUY 031618413,,,
2026.03.16 18:41:33,81878182,EURUSD,sell,0.26 / 0.26,market, 1.15472, 1.14668,2026.03.16 18:41:33,filled,,MM SELL 03161841,,,
2026.03.16 18:41:34,81878183,GBPUSD,buy,0.12 / 0.12,market,,,2026.03.16 18:41:34,filled,,MM CLOSE 0316184,,,
2026.03.16 18:41:53,81878188,GBPUSD,buy,0.12 / 0.12,market,,,2026.03.16 18:41:53,filled,,MM CLOSE 0316184,,,
2026.03.16 18:42:20,81878195,USDCHF,buy,0.29 / 0.29,market, 0.78669, 0.78921,2026.03.16 18:42:20,filled,,MM BUY 031618422,,,
2026.03.16 18:42:21,81878196,USDCHF,sell,0.05 / 0.05,market, 0.79171, 0.78619,2026.03.16 18:42:21,filled,,MM SELL 03161842,,,
2026.03.16 18:43:27,81878201,GBPUSD,buy,0.12 / 0.12,market,,,2026.03.16 18:43:27,filled,,MM CLOSE 0316184,,,
2026.03.16 18:45:32,81878225,GBPUSD,buy,0.12 / 0.12,market,,,2026.03.16 18:45:32,filled,,MM CLOSE 0316184,,,
2026.03.16 18:46:48,81878240,GBPUSD,buy,0.12 / 0.12,market,,,2026.03.16 18:46:48,filled,,MM CLOSE 0316184,,,
2026.03.16 18:47:37,81878243,GBPUSD,buy,0.06 / 0.06,market,,,2026.03.16 18:47:37,filled,,MM CLOSE 0316184,,,
2026.03.16 18:48:25,81878246,GBPUSD,buy,0.03 / 0.03,market,,,2026.03.16 18:48:25,filled,,MM CLOSE 0316184,,,
2026.03.16 19:00:29,81878318,EURUSD,sell,1.75 / 1.75,market,,,2026.03.16 19:00:29,filled,,,,,
2026.03.16 19:00:29,81878319,GBPUSD,sell,0.95 / 0.95,market,,,2026.03.16 19:00:29,filled,,,,,
2026.03.16 19:00:31,81878320,USDCHF,buy,0.05 / 0.05,market,,,2026.03.16 19:00:31,filled,,,,,
2026.03.16 19:00:42,81878325,USDCHF,sell,0.14 / 0.14,market, 0.79146, 0.78594,2026.03.16 19:00:42,filled,,MM SELL 03161900,,,
2026.03.16 19:01:03,81878345,USDCHF,sell,0.29 / 0.29,market,,,2026.03.16 19:01:03,filled,,,,,
2026.03.16 19:01:03,81878346,EURUSD,buy,0.26 / 0.26,market,,,2026.03.16 19:01:03,filled,,,,,
2026.03.16 19:01:04,81878349,USDCHF,buy,0.14 / 0.14,market,,,2026.03.16 19:01:04,filled,,,,,
2026.03.16 19:06:25,81878388,EURUSD,buy,2.03 / 2.03,market, 1.14836, 1.15205,2026.03.16 19:06:25,filled,,MM BUY 031619062,,,
2026.03.16 19:06:25,81878389,EURUSD,sell,0.3 / 0.3,market, 1.15576, 1.14771,2026.03.16 19:06:25,filled,,MM SELL 03161906,,,
2026.03.16 19:06:26,81878390,USDCHF,buy,0.64 / 0.64,market, 0.78634, 0.78886,2026.03.16 19:06:26,filled,,MM BUY 031619062,,,
2026.03.16 19:06:26,81878391,USDCHF,sell,0.09 / 0.09,market, 0.79134, 0.78583,2026.03.16 19:06:26,filled,,MM SELL 03161906,,,
2026.03.16 19:06:26,81878392,GBPUSD,buy,0.12 / 0.12,market, 1.32937, 1.33363,2026.03.16 19:06:26,filled,,MM BUY 031619062,,,
2026.03.16 19:06:27,81878393,GBPUSD,sell,0.02 / 0.02,market, 1.33792, 1.32860,2026.03.16 19:06:27,filled,,MM SELL 03161906,,,
2026.03.16 19:08:33,81878411,EURUSD,sell,0.04 / 0.04,market, 1.15575, 1.14770,2026.03.16 19:08:33,filled,,MM SELL 03161908,,,
2026.03.16 19:08:35,81878412,USDCHF,sell,0.09 / 0.09,market, 0.79132, 0.78581,2026.03.16 19:08:35,filled,,MM SELL 03161908,,,
2026.03.16 19:08:35,81878413,GBPUSD,sell,0.06 / 0.06,market, 1.33793, 1.32861,2026.03.16 19:08:35,filled,,MM SELL 03161908,,,
2026.03.16 19:10:43,81878429,EURUSD,sell,0.2 / 0.2,market, 1.15562, 1.14757,2026.03.16 19:10:43,filled,,MM SELL 03161910,,,
2026.03.16 19:10:44,81878430,USDCHF,sell,0.32 / 0.32,market, 0.79136, 0.78585,2026.03.16 19:10:44,filled,,MM SELL 03161910,,,
2026.03.16 19:10:45,81878432,GBPUSD,sell,0.06 / 0.06,market, 1.33791, 1.32859,2026.03.16 19:10:45,filled,,MM SELL 03161910,,,
2026.03.16 19:12:53,81878457,EURUSD,sell,0.63 / 0.63,market, 1.15578, 1.14773,2026.03.16 19:12:53,filled,,MM SELL 03161912,,,
2026.03.16 19:12:54,81878460,USDCHF,sell,0.32 / 0.32,market, 0.79119, 0.78568,2026.03.16 19:12:54,filled,,MM SELL 03161912,,,
2026.03.16 19:12:54,81878462,GBPUSD,sell,0.06 / 0.06,market, 1.33815, 1.32883,2026.03.16 19:12:54,filled,,MM SELL 03161912,,,
2026.03.16 19:15:02,81878490,EURUSD,sell,1.01 / 1.01,market, 1.15572, 1.14767,2026.03.16 19:15:02,filled,,MM SELL 03161915,,,
2026.03.16 19:15:03,81878491,USDCHF,sell,0.32 / 0.32,market, 0.79132, 0.78581,2026.03.16 19:15:03,filled,,MM SELL 03161915,,,
2026.03.16 19:15:04,81878492,GBPUSD,sell,0.06 / 0.06,market, 1.33787, 1.32855,2026.03.16 19:15:04,filled,,MM SELL 03161915,,,
2026.03.16 19:17:09,81878507,EURUSD,sell,1.01 / 1.01,market, 1.15535, 1.14730,2026.03.16 19:17:09,filled,,MM SELL 03161917,,,
2026.03.16 19:17:10,81878508,USDCHF,sell,0.32 / 0.32,market, 0.79157, 0.78605,2026.03.16 19:17:10,filled,,MM SELL 03161917,,,
2026.03.16 19:17:11,81878509,GBPUSD,sell,0.06 / 0.06,market, 1.33759, 1.32828,2026.03.16 19:17:11,filled,,MM SELL 03161917,,,
2026.03.16 19:19:19,81878525,EURUSD,sell,0.22 / 0.22,market, 1.15550, 1.14745,2026.03.16 19:19:19,filled,,MM SELL 03161919,,,
2026.03.16 19:19:19,81878526,USDCHF,sell,0.03 / 0.03,market, 0.79143, 0.78592,2026.03.16 19:19:19,filled,,MM SELL 03161919,,,
2026.03.16 19:19:20,81878527,GBPUSD,sell,0.01 / 0.01,market, 1.33774, 1.32842,2026.03.16 19:19:20,filled,,MM SELL 03161919,,,
2026.03.16 19:53:35,81878789,EURUSD,sell,2.03 / 2.03,market,,,2026.03.16 19:53:35,filled,,,,,
2026.03.16 19:53:53,81878795,GBPUSD,sell,0.12 / 0.12,market,,,2026.03.16 19:53:53,filled,,,,,
2026.03.16 19:53:58,81878798,USDCHF,buy,0.32 / 0.32,market,,,2026.03.16 19:53:58,filled,,,,,
2026.03.16 19:54:00,81878799,USDCHF,buy,0.32 / 0.32,market,,,2026.03.16 19:54:00,filled,,,,,
2026.03.16 19:54:02,81878800,USDCHF,buy,0.32 / 0.32,market,,,2026.03.16 19:54:02,filled,,,,,
2026.03.16 19:54:05,81878801,USDCHF,buy,0.32 / 0.32,market,,,2026.03.16 19:54:05,filled,,,,,
2026.03.16 19:54:54,81878808,USDCHF,buy,0.09 / 0.09,market,,,2026.03.16 19:54:54,filled,,,,,
2026.03.16 19:54:55,81878809,USDCHF,buy,0.03 / 0.03,market,,,2026.03.16 19:54:55,filled,,,,,
2026.03.16 19:54:57,81878810,USDCHF,buy,0.09 / 0.09,market,,,2026.03.16 19:54:57,filled,,,,,
2026.03.16 19:55:01,81878811,USDCHF,sell,0.64 / 0.64,market,,,2026.03.16 19:55:01,filled,,,,,
2026.03.16 19:55:02,81878812,EURUSD,buy,1.01 / 1.01,market,,,2026.03.16 19:55:02,filled,,,,,
2026.03.16 19:55:03,81878813,EURUSD,buy,0.22 / 0.22,market,,,2026.03.16 19:55:03,filled,,,,,
2026.03.16 19:55:03,81878814,EURUSD,buy,0.2 / 0.2,market,,,2026.03.16 19:55:03,filled,,,,,
2026.03.16 19:55:04,81878815,EURUSD,buy,1.01 / 1.01,market,,,2026.03.16 19:55:04,filled,,,,,
2026.03.16 19:55:04,81878817,EURUSD,buy,0.04 / 0.04,market,,,2026.03.16 19:55:04,filled,,,,,
2026.03.16 19:55:05,81878818,EURUSD,buy,0.3 / 0.3,market,,,2026.03.16 19:55:05,filled,,,,,
2026.03.16 19:55:05,81878819,EURUSD,buy,0.63 / 0.63,market,,,2026.03.16 19:55:05,filled,,,,,
2026.03.16 19:55:06,81878820,GBPUSD,buy,0.06 / 0.06,market,,,2026.03.16 19:55:06,filled,,,,,
2026.03.16 19:55:06,81878821,GBPUSD,buy,0.01 / 0.01,market,,,2026.03.16 19:55:06,filled,,,,,
2026.03.16 19:55:07,81878822,GBPUSD,buy,0.06 / 0.06,market,,,2026.03.16 19:55:07,filled,,,,,
2026.03.16 19:55:08,81878823,GBPUSD,buy,0.06 / 0.06,market,,,2026.03.16 19:55:08,filled,,,,,
2026.03.16 19:55:09,81878824,GBPUSD,buy,0.02 / 0.02,market,,,2026.03.16 19:55:09,filled,,,,,
2026.03.16 19:55:09,81878825,GBPUSD,buy,0.06 / 0.06,market,,,2026.03.16 19:55:09,filled,,,,,
2026.03.16 19:55:11,81878826,GBPUSD,buy,0.06 / 0.06,market,,,2026.03.16 19:55:11,filled,,,,,
2026.03.16 19:55:14,81878828,GBPUSD,sell,1.74 / 1.74,market, 1.33223, 1.32797,2026.03.16 19:55:14,filled,,MM SELL 03161955,,,
2026.03.16 19:55:27,81878830,USDCHF,buy,0.34 / 0.34,market, 0.78710, 0.78962,2026.03.16 19:55:27,filled,,MM BUY 031619552,,,
2026.03.16 19:55:27,81878831,USDCHF,sell,0.05 / 0.05,market, 0.79212, 0.78660,2026.03.16 19:55:27,filled,,MM SELL 03161955,,,
2026.03.16 19:55:41,81878832,GBPUSD,buy,1.74 / 1.74,market,,,2026.03.16 19:55:41,filled,,,,,
2026.03.16 19:55:42,81878833,USDCHF,sell,0.34 / 0.34,market,,,2026.03.16 19:55:42,filled,,,,,
2026.03.16 19:55:43,81878834,USDCHF,buy,0.05 / 0.05,market,,,2026.03.16 19:55:43,filled,,,,,
2026.03.16 19:57:05,81878842,GBPUSD,sell,1.73 / 1.73,market, 1.33239, 1.32813,2026.03.16 19:57:05,filled,,MM SELL 03161957,,,
2026.03.16 19:57:32,81878845,EURUSD,buy,0.3 / 0.3,market, 1.14770, 1.15137,2026.03.16 19:57:32,filled,,MM BUY 031619573,,,
2026.03.16 19:57:32,81878846,EURUSD,sell,0.05 / 0.05,market, 1.15510, 1.14705,2026.03.16 19:57:32,filled,,MM SELL 03161957,,,
2026.03.16 19:57:33,81878847,USDCHF,buy,0.1 / 0.1,market, 0.78709, 0.78961,2026.03.16 19:57:33,filled,,MM BUY 031619573,,,
2026.03.16 19:57:33,81878848,USDCHF,sell,0.02 / 0.02,market, 0.79210, 0.78658,2026.03.16 19:57:33,filled,,MM SELL 03161957,,,
2026.03.16 19:59:44,81878862,EURUSD,sell,0.04 / 0.04,market, 1.15498, 1.14693,2026.03.16 19:59:44,filled,,MM SELL 03161959,,,
2026.03.16 19:59:44,81878863,USDCHF,sell,0.05 / 0.05,market, 0.79228, 0.78676,2026.03.16 19:59:44,filled,,MM SELL 03161959,,,
2026.03.16 20:01:48,81878886,EURUSD,sell,0.09 / 0.09,market, 1.15534, 1.14729,2026.03.16 20:01:48,filled,,MM SELL 03162001,,,
2026.03.16 20:01:49,81878887,USDCHF,sell,0.05 / 0.05,market, 0.79206, 0.78654,2026.03.16 20:01:49,filled,,MM SELL 03162001,,,
2026.03.16 20:03:52,81878906,EURUSD,sell,0.15 / 0.15,market, 1.15556, 1.14751,2026.03.16 20:03:52,filled,,MM SELL 03162003,,,
2026.03.16 20:03:53,81878907,USDCHF,sell,0.05 / 0.05,market, 0.79185, 0.78633,2026.03.16 20:03:53,filled,,MM SELL 03162003,,,
2026.03.16 20:05:53,81878950,EURUSD,sell,0.15 / 0.15,market, 1.15581, 1.14776,2026.03.16 20:05:53,filled,,MM SELL 03162005,,,
2026.03.16 20:05:54,81878951,USDCHF,sell,0.05 / 0.05,market, 0.79168, 0.78616,2026.03.16 20:05:54,filled,,MM SELL 03162005,,,
2026.03.16 20:08:01,81878987,USDCHF,sell,0.01 / 0.01,market, 0.79158, 0.78606,2026.03.16 20:08:01,filled,,MM SELL 03162008,,,
2026.03.16 20:12:04,81879050,USDCHF,sell,0.01 / 0.01,market, 0.79165, 0.78613,2026.03.16 20:12:04,filled,,MM SELL 03162012,,,
2026.03.16 20:24:11,81879123,GBPUSD,buy,1.73 / 1.73, 1.33239,,,2026.03.16 20:24:11,filled,,[sl 1.33239],,,
2026.03.16 20:24:17,81879133,EURUSD,sell,0.15 / 0.15,market, 1.15697, 1.14891,2026.03.16 20:24:17,filled,,MM SELL 03162024,,,
2026.03.16 20:24:18,81879135,USDCHF,sell,0.05 / 0.05,market, 0.79110, 0.78559,2026.03.16 20:24:18,filled,,MM SELL 03162024,,,
2026.03.16 20:25:37,81879150,USDCHF,sell,0.1 / 0.1, 0.78709,,,2026.03.16 20:25:37,filled,,[sl 0.78709],,,
2026.03.16 20:25:37,81879151,EURUSD,sell,0.3 / 0.3, 1.15137,,,2026.03.16 20:25:37,filled,,[tp 1.15137],,,
2026.03.16 20:26:18,81879162,EURUSD,buy,0.05 / 0.05,market,,,2026.03.16 20:26:18,filled,,MM CLOSE 0316202,,,
2026.03.16 20:27:05,81879188,EURUSD,buy,0.04 / 0.04,market,,,2026.03.16 20:27:05,filled,,MM CLOSE 0316202,,,
2026.03.16 20:27:53,81879205,USDCHF,buy,0.05 / 0.05, 0.78676,,,2026.03.16 20:27:53,filled,,[tp 0.78676],,,
2026.03.16 20:28:00,81879210,EURUSD,buy,0.09 / 0.09,market,,,2026.03.16 20:28:00,filled,,MM CLOSE 0316202,,,
2026.03.16 20:28:56,81879225,EURUSD,buy,0.15 / 0.15,market,,,2026.03.16 20:28:56,filled,,MM CLOSE 0316202,,,
2026.03.16 20:28:56,81879226,EURUSD,buy,1.48 / 1.48,market, 1.15026, 1.15395,2026.03.16 20:28:56,filled,,MM BUY 031620285,,,
2026.03.16 20:45:13,81879365,USDCHF,buy,0.02 / 0.02, 0.78658,,,2026.03.16 20:45:13,filled,,[tp 0.78658],,,
2026.03.16 20:45:26,81879369,GBPUSD,buy,0.66 / 0.66,market, 1.33169, 1.33596,2026.03.16 20:45:26,filled,,MM BUY 031620452,,,
2026.03.16 20:45:26,81879370,GBPUSD,sell,0.09 / 0.09,market, 1.34024, 1.33090,2026.03.16 20:45:26,filled,,MM SELL 03162045,,,
2026.03.16 20:47:35,81879387,GBPUSD,sell,0.16 / 0.16,market, 1.34014, 1.33080,2026.03.16 20:47:35,filled,,MM SELL 03162047,,,
2026.03.16 20:49:44,81879400,GBPUSD,sell,0.29 / 0.29,market, 1.33993, 1.33059,2026.03.16 20:49:44,filled,,MM SELL 03162049,,,
2026.03.16 20:51:51,81879419,GBPUSD,sell,0.33 / 0.33,market, 1.33966, 1.33033,2026.03.16 20:51:51,filled,,MM SELL 03162051,,,
2026.03.16 20:53:59,81879431,GBPUSD,sell,0.33 / 0.33,market, 1.33976, 1.33042,2026.03.16 20:53:59,filled,,MM SELL 03162053,,,
2026.03.16 20:56:08,81879437,GBPUSD,sell,0.18 / 0.18,market, 1.33991, 1.33057,2026.03.16 20:56:08,filled,,MM SELL 03162056,,,
2026.03.16 20:58:20,81879449,GBPUSD,sell,0.02 / 0.02,market, 1.33983, 1.33049,2026.03.16 20:58:20,filled,,MM SELL 03162058,,,
2026.03.16 21:00:29,81879462,GBPUSD,sell,0.01 / 0.01,market, 1.34004, 1.33070,2026.03.16 21:00:29,filled,,MM SELL 03162100,,,
2026.03.16 22:00:33,81879896,GBPUSD,buy,0.09 / 0.09,market,,,2026.03.16 22:00:33,filled,,,,,
2026.03.16 22:00:34,81879897,GBPUSD,buy,0.01 / 0.01,market,,,2026.03.16 22:00:34,filled,,,,,
2026.03.16 22:00:34,81879898,GBPUSD,sell,0.07 / 0.07,market, 1.33925, 1.32992,2026.03.16 22:00:34,filled,,MM SELL 03162200,,,
2026.03.16 22:00:35,81879899,GBPUSD,buy,0.18 / 0.18,market,,,2026.03.16 22:00:35,filled,,,,,
2026.03.16 22:00:35,81879900,GBPUSD,buy,0.29 / 0.29,market,,,2026.03.16 22:00:35,filled,,,,,
2026.03.16 22:00:36,81879901,GBPUSD,buy,0.02 / 0.02,market,,,2026.03.16 22:00:36,filled,,,,,
2026.03.16 22:00:37,81879902,GBPUSD,buy,0.16 / 0.16,market,,,2026.03.16 22:00:37,filled,,,,,
2026.03.16 22:00:38,81879903,GBPUSD,buy,0.33 / 0.33,market,,,2026.03.16 22:00:38,filled,,,,,
2026.03.16 22:00:39,81879904,GBPUSD,buy,0.33 / 0.33,market,,,2026.03.16 22:00:39,filled,,,,,
2026.03.16 22:00:40,81879905,EURUSD,buy,0.15 / 0.15,market,,,2026.03.16 22:00:40,filled,,,,,
2026.03.16 22:00:41,81879906,USDCHF,buy,0.05 / 0.05,market,,,2026.03.16 22:00:41,filled,,,,,
2026.03.16 22:00:42,81879907,USDCHF,buy,0.05 / 0.05,market,,,2026.03.16 22:00:42,filled,,,,,
2026.03.16 22:00:43,81879908,USDCHF,buy,0.05 / 0.05,market,,,2026.03.16 22:00:43,filled,,,,,
2026.03.16 22:00:43,81879909,USDCHF,buy,0.01 / 0.01,market,,,2026.03.16 22:00:43,filled,,,,,
2026.03.16 22:00:44,81879910,USDCHF,buy,0.01 / 0.01,market,,,2026.03.16 22:00:44,filled,,,,,
2026.03.16 22:11:54,81879946,EURUSD,sell,1.48 / 1.48,market,,,2026.03.16 22:11:54,filled,,,,,
2026.03.16 22:11:55,81879947,GBPUSD,sell,0.66 / 0.66,market,,,2026.03.16 22:11:55,filled,,,,,
2026.03.16 22:11:55,81879948,GBPUSD,buy,0.07 / 0.07,market,,,2026.03.16 22:11:55,filled,,,,,
2026.03.16 22:11:57,81879949,EURUSD,buy,0.15 / 0.15,market,,,2026.03.16 22:11:57,filled,,,,,
2026.03.16 22:11:57,81879950,USDCHF,buy,0.05 / 0.05,market,,,2026.03.16 22:11:57,filled,,,,,
2026.03.17 11:03:46,81882566,USDCHF,sell,2.17 / 2.17,market, 0.78819, 0.78567,2026.03.17 11:03:46,filled,,MM SELL 03171103,,,
2026.03.17 11:03:50,81882567,EURUSD,buy,0.27 / 0.27,market, 1.14967, 1.15336,2026.03.17 11:03:50,filled,,MM BUY 031711035,,,
2026.03.17 11:03:50,81882568,EURUSD,sell,0.04 / 0.04,market, 1.15708, 1.14902,2026.03.17 11:03:50,filled,,MM SELL 03171103,,,
2026.03.17 11:03:52,81882573,GBPUSD,buy,0.07 / 0.07,market, 1.33129, 1.33556,2026.03.17 11:03:52,filled,,MM BUY 031711035,,,
2026.03.17 11:03:52,81882574,GBPUSD,sell,0.01 / 0.01,market, 1.33987, 1.33053,2026.03.17 11:03:52,filled,,MM SELL 03171103,,,
2026.03.17 11:05:53,81882595,EURUSD,sell,0.02 / 0.02,market, 1.15712, 1.14906,2026.03.17 11:05:53,filled,,MM SELL 03171105,,,
2026.03.17 11:05:54,81882597,GBPUSD,sell,0.03 / 0.03,market, 1.33984, 1.33050,2026.03.17 11:05:54,filled,,MM SELL 03171105,,,
2026.03.17 11:07:56,81882613,EURUSD,sell,0.06 / 0.06,market, 1.15713, 1.14907,2026.03.17 11:07:56,filled,,MM SELL 03171107,,,
2026.03.17 11:07:58,81882614,GBPUSD,sell,0.03 / 0.03,market, 1.33975, 1.33041,2026.03.17 11:07:58,filled,,MM SELL 03171107,,,
2026.03.17 11:09:56,81882630,EURUSD,sell,0.13 / 0.13,market, 1.15717, 1.14911,2026.03.17 11:09:56,filled,,MM SELL 03171109,,,
2026.03.17 11:10:02,81882632,GBPUSD,sell,0.03 / 0.03,market, 1.33973, 1.33039,2026.03.17 11:10:02,filled,,MM SELL 03171110,,,
2026.03.17 11:11:58,81882648,EURUSD,sell,0.13 / 0.13,market, 1.15710, 1.14904,2026.03.17 11:11:58,filled,,MM SELL 03171111,,,
2026.03.17 11:12:04,81882649,GBPUSD,sell,0.03 / 0.03,market, 1.33960, 1.33027,2026.03.17 11:12:04,filled,,MM SELL 03171112,,,
2026.03.17 11:13:58,81882653,EURUSD,sell,0.12 / 0.12,market, 1.15696, 1.14890,2026.03.17 11:13:58,filled,,MM SELL 03171113,,,
2026.03.17 11:14:04,81882654,GBPUSD,sell,0.01 / 0.01,market, 1.33939, 1.33006,2026.03.17 11:14:04,filled,,MM SELL 03171114,,,
2026.03.17 11:16:01,81882665,EURUSD,sell,0.02 / 0.02,market, 1.15697, 1.14891,2026.03.17 11:16:01,filled,,MM SELL 03171116,,,
2026.03.17 11:26:08,81882719,GBPUSD,sell,0.01 / 0.01,market, 1.34010, 1.33076,2026.03.17 11:26:08,filled,,MM SELL 03171126,,,
2026.03.17 11:28:19,81882760,EURUSD,sell,0.01 / 0.01,market, 1.15806, 1.15000,2026.03.17 11:28:19,filled,,MM SELL 03171128,,,
2026.03.17 11:29:47,81882772,GBPUSD,sell,0.01 / 0.01,market, 1.34031, 1.33097,2026.03.17 11:29:47,filled,,MM SELL 03171129,,,
2026.03.17 11:30:44,81882786,EURUSD,sell,0.01 / 0.01,market, 1.15792, 1.14986,2026.03.17 11:30:44,filled,,MM SELL 03171130,,,
2026.03.17 12:57:58,81883364,USDCHF,buy,2.17 / 2.17,market,,,2026.03.17 12:57:58,filled,,,,,
2026.03.17 12:57:59,81883365,EURUSD,sell,0.13 / 0.13,market, 1.15638, 1.14833,2026.03.17 12:57:59,filled,,MM SELL 03171257,,,
2026.03.17 12:58:01,81883366,GBPUSD,sell,0.03 / 0.03,market, 1.33907, 1.32975,2026.03.17 12:58:01,filled,,MM SELL 03171258,,,
2026.03.17 12:58:21,81883367,EURUSD,buy,0.13 / 0.13,market,,,2026.03.17 12:58:21,filled,,,,,
2026.03.17 12:58:23,81883368,EURUSD,buy,0.13 / 0.13,market,,,2026.03.17 12:58:23,filled,,,,,
2026.03.17 13:00:00,81883371,EURUSD,sell,0.13 / 0.13,market, 1.15634, 1.14829,2026.03.17 13:00:00,filled,,MM SELL 03171300,,,
2026.03.17 13:00:05,81883373,GBPUSD,sell,0.03 / 0.03,market, 1.33900, 1.32968,2026.03.17 13:00:05,filled,,MM SELL 03171300,,,
2026.03.17 13:02:01,81883387,EURUSD,sell,0.13 / 0.13,market, 1.15624, 1.14819,2026.03.17 13:02:01,filled,,MM SELL 03171302,,,
2026.03.17 13:02:07,81883388,GBPUSD,sell,0.03 / 0.03,market, 1.33892, 1.32960,2026.03.17 13:02:07,filled,,MM SELL 03171302,,,
2026.03.17 13:04:05,81883392,EURUSD,sell,0.13 / 0.13,market, 1.15646, 1.14841,2026.03.17 13:04:05,filled,,MM SELL 03171304,,,
2026.03.17 13:04:11,81883393,GBPUSD,sell,0.03 / 0.03,market, 1.33934, 1.33001,2026.03.17 13:04:11,filled,,MM SELL 03171304,,,
2026.03.17 13:06:07,81883398,EURUSD,sell,0.13 / 0.13,market, 1.15655, 1.14850,2026.03.17 13:06:07,filled,,MM SELL 03171306,,,
2026.03.17 13:06:17,81883399,GBPUSD,sell,0.03 / 0.03,market, 1.33924, 1.32991,2026.03.17 13:06:17,filled,,MM SELL 03171306,,,
2026.03.17 13:08:12,81883409,EURUSD,sell,0.13 / 0.13,market, 1.15695, 1.14889,2026.03.17 13:08:12,filled,,MM SELL 03171308,,,
2026.03.17 13:08:18,81883410,GBPUSD,sell,0.03 / 0.03,market, 1.33961, 1.33028,2026.03.17 13:08:18,filled,,MM SELL 03171308,,,
2026.03.17 13:10:12,81883423,EURUSD,sell,0.13 / 0.13,market, 1.15693, 1.14887,2026.03.17 13:10:12,filled,,MM SELL 03171310,,,
2026.03.17 13:10:23,81883426,GBPUSD,sell,0.03 / 0.03,market, 1.33984, 1.33050,2026.03.17 13:10:23,filled,,MM SELL 03171310,,,
2026.03.17 13:12:12,81883432,EURUSD,sell,0.13 / 0.13,market, 1.15701, 1.14895,2026.03.17 13:12:12,filled,,MM SELL 03171312,,,
2026.03.17 13:12:23,81883433,GBPUSD,sell,0.03 / 0.03,market, 1.33996, 1.33062,2026.03.17 13:12:23,filled,,MM SELL 03171312,,,
2026.03.17 13:14:14,81883446,EURUSD,sell,0.13 / 0.13,market, 1.15689, 1.14883,2026.03.17 13:14:14,filled,,MM SELL 03171314,,,
2026.03.17 13:14:25,81883447,GBPUSD,sell,0.03 / 0.03,market, 1.33990, 1.33056,2026.03.17 13:14:25,filled,,MM SELL 03171314,,,
2026.03.17 13:16:19,81883459,EURUSD,sell,0.13 / 0.13,market, 1.15721, 1.14915,2026.03.17 13:16:19,filled,,MM SELL 03171316,,,
2026.03.17 13:16:30,81883460,GBPUSD,sell,0.03 / 0.03,market, 1.33999, 1.33065,2026.03.17 13:16:30,filled,,MM SELL 03171316,,,
2026.03.17 13:18:23,81883471,EURUSD,sell,0.13 / 0.13,market, 1.15702, 1.14896,2026.03.17 13:18:23,filled,,MM SELL 03171318,,,
2026.03.17 13:18:34,81883473,GBPUSD,sell,0.03 / 0.03,market, 1.33983, 1.33049,2026.03.17 13:18:34,filled,,MM SELL 03171318,,,
2026.03.17 13:20:25,81883479,EURUSD,sell,0.13 / 0.13,market, 1.15713, 1.14907,2026.03.17 13:20:25,filled,,MM SELL 03171320,,,
2026.03.17 13:20:35,81883480,GBPUSD,sell,0.03 / 0.03,market, 1.33979, 1.33045,2026.03.17 13:20:35,filled,,MM SELL 03171320,,,
2026.03.17 13:22:27,81883490,EURUSD,sell,0.09 / 0.09,market, 1.15733, 1.14927,2026.03.17 13:22:27,filled,,MM SELL 03171322,,,
2026.03.17 13:22:38,81883497,GBPUSD,sell,0.01 / 0.01,market, 1.34011, 1.33077,2026.03.17 13:22:38,filled,,MM SELL 03171322,,,
2026.03.17 13:24:29,81883504,EURUSD,sell,0.01 / 0.01,market, 1.15726, 1.14920,2026.03.17 13:24:29,filled,,MM SELL 03171324,,,
2026.03.17 13:29:04,81883522,EURUSD,sell,0.01 / 0.01,market, 1.15717, 1.14911,2026.03.17 13:29:04,filled,,MM SELL 03171329,,,
2026.03.17 13:30:39,81883533,GBPUSD,sell,0.01 / 0.01,market, 1.33971, 1.33037,2026.03.17 13:30:39,filled,,MM SELL 03171330,,,
2026.03.17 13:33:25,81883538,EURUSD,sell,0.01 / 0.01,market, 1.15675, 1.14870,2026.03.17 13:33:25,filled,,MM SELL 03171333,,,
2026.03.17 13:54:04,81883615,EURUSD,sell,0.01 / 0.01,market, 1.15674, 1.14869,2026.03.17 13:54:04,filled,,MM SELL 03171354,,,
2026.03.17 13:55:18,81883619,GBPUSD,sell,0.01 / 0.01,market, 1.33837, 1.32905,2026.03.17 13:55:18,filled,,MM SELL 03171355,,,
2026.03.17 13:57:07,81883626,EURUSD,sell,0.01 / 0.01,market, 1.15642, 1.14837,2026.03.17 13:57:07,filled,,MM SELL 03171357,,,
2026.03.17 14:01:38,81883651,EURUSD,sell,0.01 / 0.01,market, 1.15619, 1.14814,2026.03.17 14:01:38,filled,,MM SELL 03171401,,,
2026.03.17 14:03:47,81883663,GBPUSD,sell,0.07 / 0.07, 1.33129,,,2026.03.17 14:03:47,filled,,[sl 1.33129],,,
2026.03.17 14:03:52,81883665,EURUSD,sell,0.27 / 0.27,market,,,2026.03.17 14:03:52,filled,,MM CLOSE 0317140,,,
2026.03.17 14:03:54,81883666,GBPUSD,buy,0.01 / 0.01,market,,,2026.03.17 14:03:54,filled,,MM CLOSE 0317140,,,
2026.03.17 14:04:08,81883667,GBPUSD,buy,0.03 / 0.03,market,,,2026.03.17 14:04:08,filled,,MM CLOSE 0317140,,,
2026.03.17 14:04:30,81883671,EURUSD,buy,0.04 / 0.04,market,,,2026.03.17 14:04:30,filled,,MM CLOSE 0317140,,,
2026.03.17 14:05:55,81883685,EURUSD,buy,0.02 / 0.02,market,,,2026.03.17 14:05:55,filled,,MM CLOSE 0317140,,,
2026.03.17 14:07:59,81883708,EURUSD,buy,0.06 / 0.06,market,,,2026.03.17 14:07:59,filled,,MM CLOSE 0317140,,,
2026.03.17 14:08:01,81883709,GBPUSD,buy,0.03 / 0.03,market,,,2026.03.17 14:08:01,filled,,MM CLOSE 0317140,,,
2026.03.17 14:10:03,81883738,GBPUSD,buy,0.03 / 0.03,market,,,2026.03.17 14:10:03,filled,,MM CLOSE 0317141,,,
2026.03.17 14:12:05,81883744,GBPUSD,buy,0.03 / 0.03,market,,,2026.03.17 14:12:05,filled,,MM CLOSE 0317141,,,
2026.03.17 14:14:01,81883756,EURUSD,buy,0.12 / 0.12,market,,,2026.03.17 14:14:01,filled,,MM CLOSE 0317141,,,
2026.03.17 14:14:06,81883757,GBPUSD,buy,0.01 / 0.01,market,,,2026.03.17 14:14:06,filled,,MM CLOSE 0317141,,,
2026.03.17 14:16:01,81883765,EURUSD,buy,0.02 / 0.02,market,,,2026.03.17 14:16:01,filled,,MM CLOSE 0317141,,,
2026.03.17 14:31:52,81883862,GBPUSD,buy,0.01 / 0.01,market,,,2026.03.17 14:31:52,filled,,MM CLOSE 0317143,,,
2026.03.17 14:32:06,81883869,EURUSD,buy,0.01 / 0.01,market,,,2026.03.17 14:32:06,filled,,MM CLOSE 0317143,,,
2026.03.17 14:32:07,81883870,GBPUSD,buy,0.01 / 0.01,market,,,2026.03.17 14:32:07,filled,,MM CLOSE 0317143,,,
2026.03.17 14:32:11,81883871,EURUSD,buy,0.01 / 0.01,market,,,2026.03.17 14:32:11,filled,,MM CLOSE 0317143,,,
2026.03.17 15:01:53,81884055,EURUSD,buy,0.13 / 0.13,market,,,2026.03.17 15:01:53,filled,,MM CLOSE 0317150,,,
2026.03.17 15:02:29,81884066,EURUSD,buy,0.13 / 0.13,market,,,2026.03.17 15:02:29,filled,,MM CLOSE 0317150,,,
2026.03.17 15:02:43,81884069,EURUSD,buy,0.13 / 0.13,market,,,2026.03.17 15:02:43,filled,,MM CLOSE 0317150,,,
2026.03.17 15:02:58,81884103,EURUSD,buy,0.13 / 0.13,market,,,2026.03.17 15:02:58,filled,,MM CLOSE 0317150,,,
2026.03.17 15:03:12,81884105,EURUSD,buy,0.13 / 0.13,market,,,2026.03.17 15:03:12,filled,,MM CLOSE 0317150,,,
2026.03.17 15:03:27,81884110,EURUSD,buy,0.13 / 0.13,market,,,2026.03.17 15:03:27,filled,,MM CLOSE 0317150,,,
2026.03.17 15:03:41,81884113,EURUSD,buy,0.13 / 0.13,market,,,2026.03.17 15:03:41,filled,,MM CLOSE 0317150,,,
2026.03.17 15:03:56,81884118,EURUSD,buy,0.13 / 0.13,market,,,2026.03.17 15:03:56,filled,,MM CLOSE 0317150,,,
2026.03.17 15:04:11,81884122,EURUSD,buy,0.13 / 0.13,market,,,2026.03.17 15:04:11,filled,,MM CLOSE 0317150,,,
2026.03.17 15:04:26,81884127,EURUSD,buy,0.13 / 0.13,market,,,2026.03.17 15:04:26,filled,,MM CLOSE 0317150,,,
2026.03.17 15:04:41,81884129,EURUSD,buy,0.13 / 0.13,market,,,2026.03.17 15:04:41,filled,,MM CLOSE 0317150,,,
2026.03.17 15:04:56,81884133,EURUSD,buy,0.13 / 0.13,market,,,2026.03.17 15:04:56,filled,,MM CLOSE 0317150,,,
2026.03.17 15:05:10,81884138,EURUSD,buy,0.09 / 0.09,market,,,2026.03.17 15:05:10,filled,,MM CLOSE 0317150,,,
2026.03.17 15:05:25,81884142,EURUSD,buy,0.01 / 0.01,market,,,2026.03.17 15:05:25,filled,,MM CLOSE 0317150,,,
2026.03.17 15:05:39,81884147,EURUSD,buy,0.01 / 0.01,market,,,2026.03.17 15:05:39,filled,,MM CLOSE 0317150,,,
2026.03.17 15:05:54,81884150,EURUSD,buy,0.01 / 0.01,market,,,2026.03.17 15:05:54,filled,,MM CLOSE 0317150,,,
2026.03.17 15:06:22,81884154,EURUSD,buy,0.01 / 0.01,market,,,2026.03.17 15:06:22,filled,,MM CLOSE 0317150,,,
2026.03.17 15:06:53,81884161,EURUSD,buy,0.01 / 0.01,market,,,2026.03.17 15:06:53,filled,,MM CLOSE 0317150,,,
2026.03.17 15:07:08,81884167,EURUSD,buy,0.01 / 0.01,market,,,2026.03.17 15:07:08,filled,,MM CLOSE 0317150,,,
2026.03.17 15:24:10,81884343,GBPUSD,buy,0.03 / 0.03,market,,,2026.03.17 15:24:10,filled,,MM CLOSE 0317152,,,
2026.03.17 15:24:25,81884355,GBPUSD,buy,0.03 / 0.03,market,,,2026.03.17 15:24:25,filled,,MM CLOSE 0317152,,,
2026.03.17 15:33:09,81884517,GBPUSD,buy,0.03 / 0.03,market,,,2026.03.17 15:33:09,filled,,MM CLOSE 0317153,,,
2026.03.17 15:33:55,81884524,GBPUSD,buy,0.03 / 0.03,market,,,2026.03.17 15:33:55,filled,,MM CLOSE 0317153,,,
2026.03.17 15:34:41,81884540,GBPUSD,buy,0.03 / 0.03,market,,,2026.03.17 15:34:41,filled,,MM CLOSE 0317153,,,
2026.03.17 15:35:26,81884545,GBPUSD,buy,0.03 / 0.03,market,,,2026.03.17 15:35:26,filled,,MM CLOSE 0317153,,,
2026.03.17 15:36:07,81884556,GBPUSD,buy,0.03 / 0.03,market,,,2026.03.17 15:36:07,filled,,MM CLOSE 0317153,,,
2026.03.17 15:36:49,81884564,GBPUSD,buy,0.03 / 0.03,market,,,2026.03.17 15:36:49,filled,,MM CLOSE 0317153,,,
2026.03.17 15:37:33,81884573,GBPUSD,buy,0.03 / 0.03,market,,,2026.03.17 15:37:33,filled,,MM CLOSE 0317153,,,
2026.03.17 15:38:16,81884586,GBPUSD,buy,0.03 / 0.03,market,,,2026.03.17 15:38:16,filled,,MM CLOSE 0317153,,,
2026.03.17 15:38:58,81884601,GBPUSD,buy,0.03 / 0.03,market,,,2026.03.17 15:38:58,filled,,MM CLOSE 0317153,,,
2026.03.17 15:39:40,81884606,GBPUSD,buy,0.03 / 0.03,market,,,2026.03.17 15:39:40,filled,,MM CLOSE 0317153,,,
2026.03.17 15:39:40,81884607,GBPUSD,buy,1.5 / 1.5,market, 1.33368, 1.33795,2026.03.17 15:39:40,filled,,MM BUY 031715394,,,
2026.03.17 16:22:44,81885165,GBPUSD,buy,0.01 / 0.01,market,,,2026.03.17 16:22:44,filled,,MM CLOSE 0317162,,,
2026.03.17 16:22:58,81885171,USDCHF,sell,0.32 / 0.32,market, 0.78773, 0.78521,2026.03.17 16:22:58,filled,,MM SELL 03171622,,,
2026.03.17 16:30:51,81885336,GBPUSD,buy,0.01 / 0.01,market,,,2026.03.17 16:30:51,filled,,MM CLOSE 0317163,,,
2026.03.17 16:43:53,81885565,EURUSD,buy,0.06 / 0.06,market, 1.15150, 1.15519,2026.03.17 16:43:53,filled,,MM BUY 031716435,,,
2026.03.17 16:43:54,81885566,EURUSD,sell,0.01 / 0.01,market, 1.15893, 1.15085,2026.03.17 16:43:54,filled,,MM SELL 03171643,,,
2026.03.17 16:45:58,81885613,EURUSD,sell,0.03 / 0.03,market, 1.15929, 1.15121,2026.03.17 16:45:58,filled,,MM SELL 03171645,,,
2026.03.17 16:48:07,81885633,EURUSD,sell,0.03 / 0.03,market, 1.15923, 1.15115,2026.03.17 16:48:07,filled,,MM SELL 03171648,,,
2026.03.17 16:50:15,81885655,EURUSD,sell,0.03 / 0.03,market, 1.15942, 1.15134,2026.03.17 16:50:15,filled,,MM SELL 03171650,,,
2026.03.17 16:52:21,81885684,EURUSD,sell,0.02 / 0.02,market, 1.15922, 1.15114,2026.03.17 16:52:21,filled,,MM SELL 03171652,,,
2026.03.17 16:54:26,81885705,EURUSD,sell,0.01 / 0.01,market, 1.15938, 1.15130,2026.03.17 16:54:26,filled,,MM SELL 03171654,,,
2026.03.17 16:55:22,81885709,GBPUSD,buy,0.01 / 0.01,market,,,2026.03.17 16:55:22,filled,,MM CLOSE 0317165,,,
2026.03.17 17:04:09,81885895,EURUSD,sell,0.01 / 0.01,market, 1.15952, 1.15144,2026.03.17 17:04:09,filled,,MM SELL 03171704,,,
2026.03.17 17:36:50,81886352,GBPUSD,sell,1.5 / 1.5, 1.33368,,,2026.03.17 17:36:50,filled,,[sl 1.33368],,,
2026.03.17 17:36:59,81886359,EURUSD,sell,0.03 / 0.03,market, 1.15785, 1.14979,2026.03.17 17:36:59,filled,,MM SELL 03171736,,,
2026.03.17 17:39:07,81886397,EURUSD,sell,0.03 / 0.03,market, 1.15826, 1.15020,2026.03.17 17:39:07,filled,,MM SELL 03171739,,,
2026.03.17 17:41:15,81886445,EURUSD,sell,0.03 / 0.03,market, 1.15807, 1.15001,2026.03.17 17:41:15,filled,,MM SELL 03171741,,,
2026.03.17 17:43:24,81886490,EURUSD,sell,0.03 / 0.03,market, 1.15804, 1.14998,2026.03.17 17:43:24,filled,,MM SELL 03171743,,,
2026.03.17 17:45:32,81886524,EURUSD,sell,0.03 / 0.03,market, 1.15815, 1.15009,2026.03.17 17:45:32,filled,,MM SELL 03171745,,,
2026.03.17 17:47:37,81886549,EURUSD,sell,0.03 / 0.03,market, 1.15835, 1.15028,2026.03.17 17:47:37,filled,,MM SELL 03171747,,,
2026.03.17 17:49:40,81886568,EURUSD,sell,0.03 / 0.03,market, 1.15807, 1.15001,2026.03.17 17:49:40,filled,,MM SELL 03171749,,,
2026.03.17 17:51:44,81886585,EURUSD,sell,0.03 / 0.03,market, 1.15799, 1.14993,2026.03.17 17:51:44,filled,,MM SELL 03171751,,,
2026.03.17 17:53:52,81886612,EURUSD,sell,0.03 / 0.03,market, 1.15812, 1.15006,2026.03.17 17:53:52,filled,,MM SELL 03171753,,,
2026.03.17 17:56:02,81886632,EURUSD,sell,0.03 / 0.03,market, 1.15822, 1.15016,2026.03.17 17:56:02,filled,,MM SELL 03171756,,,
2026.03.17 17:58:10,81886652,EURUSD,sell,0.03 / 0.03,market, 1.15818, 1.15012,2026.03.17 17:58:10,filled,,MM SELL 03171758,,,
2026.03.17 18:00:16,81886660,EURUSD,sell,0.03 / 0.03,market, 1.15825, 1.15019,2026.03.17 18:00:16,filled,,MM SELL 03171800,,,
2026.03.17 18:02:32,81886673,EURUSD,sell,0.03 / 0.03,market, 1.15776, 1.14970,2026.03.17 18:02:32,filled,,MM SELL 03171802,,,
2026.03.17 18:04:41,81886707,EURUSD,sell,0.03 / 0.03,market, 1.15777, 1.14971,2026.03.17 18:04:41,filled,,MM SELL 03171804,,,
2026.03.17 18:06:44,81886723,EURUSD,sell,0.03 / 0.03,market, 1.15806, 1.15000,2026.03.17 18:06:44,filled,,MM SELL 03171806,,,
2026.03.17 18:08:55,81886753,EURUSD,sell,0.03 / 0.03,market, 1.15792, 1.14986,2026.03.17 18:08:55,filled,,MM SELL 03171808,,,
2026.03.17 18:11:03,81886778,EURUSD,sell,0.03 / 0.03,market, 1.15820, 1.15014,2026.03.17 18:11:03,filled,,MM SELL 03171811,,,
2026.03.17 18:13:11,81886804,EURUSD,sell,0.03 / 0.03,market, 1.15830, 1.15023,2026.03.17 18:13:11,filled,,MM SELL 03171813,,,
2026.03.17 18:15:13,81886817,EURUSD,sell,0.03 / 0.03,market, 1.15819, 1.15013,2026.03.17 18:15:13,filled,,MM SELL 03171815,,,
2026.03.17 18:17:20,81886828,EURUSD,sell,0.03 / 0.03,market, 1.15830, 1.15023,2026.03.17 18:17:20,filled,,MM SELL 03171817,,,
2026.03.17 18:19:26,81886869,EURUSD,sell,0.03 / 0.03,market, 1.15866, 1.15059,2026.03.17 18:19:26,filled,,MM SELL 03171819,,,
2026.03.17 18:21:30,81886892,EURUSD,sell,0.03 / 0.03,market, 1.15862, 1.15055,2026.03.17 18:21:30,filled,,MM SELL 03171821,,,
2026.03.17 18:23:24,81886910,USDCHF,buy,0.32 / 0.32, 0.78521,,,2026.03.17 18:23:24,filled,,[tp 0.78521],,,
2026.03.17 18:23:31,81886913,EURUSD,sell,0.03 / 0.03,market, 1.15861, 1.15054,2026.03.17 18:23:31,filled,,MM SELL 03171823,,,
2026.03.17 18:25:34,81886943,EURUSD,sell,0.03 / 0.03,market, 1.15856, 1.15049,2026.03.17 18:25:34,filled,,MM SELL 03171825,,,
2026.03.17 18:27:46,81886973,EURUSD,sell,0.03 / 0.03,market, 1.15853, 1.15046,2026.03.17 18:27:46,filled,,MM SELL 03171827,,,
2026.03.17 18:29:51,81886985,EURUSD,sell,0.03 / 0.03,market, 1.15869, 1.15062,2026.03.17 18:29:51,filled,,MM SELL 03171829,,,
2026.03.17 18:32:02,81887016,EURUSD,sell,0.03 / 0.03,market, 1.15861, 1.15054,2026.03.17 18:32:02,filled,,MM SELL 03171832,,,
2026.03.17 18:34:07,81887042,EURUSD,sell,0.03 / 0.03,market, 1.15861, 1.15054,2026.03.17 18:34:07,filled,,MM SELL 03171834,,,
2026.03.17 18:36:12,81887065,EURUSD,sell,0.03 / 0.03,market, 1.15854, 1.15047,2026.03.17 18:36:12,filled,,MM SELL 03171836,,,
2026.03.17 18:38:14,81887076,EURUSD,sell,0.03 / 0.03,market, 1.15841, 1.15034,2026.03.17 18:38:14,filled,,MM SELL 03171838,,,
2026.03.17 18:40:18,81887087,EURUSD,sell,0.03 / 0.03,market, 1.15878, 1.15070,2026.03.17 18:40:18,filled,,MM SELL 03171840,,,
2026.03.17 18:42:19,81887100,EURUSD,sell,0.03 / 0.03,market, 1.15867, 1.15060,2026.03.17 18:42:19,filled,,MM SELL 03171842,,,
2026.03.17 18:44:24,81887116,EURUSD,sell,0.03 / 0.03,market, 1.15871, 1.15064,2026.03.17 18:44:24,filled,,MM SELL 03171844,,,
2026.03.17 18:46:34,81887137,EURUSD,sell,0.03 / 0.03,market, 1.15897, 1.15089,2026.03.17 18:46:34,filled,,MM SELL 03171846,,,
2026.03.17 18:48:40,81887148,EURUSD,sell,0.03 / 0.03,market, 1.15888, 1.15080,2026.03.17 18:48:40,filled,,MM SELL 03171848,,,
2026.03.17 18:50:40,81887154,EURUSD,sell,0.03 / 0.03,market, 1.15868, 1.15061,2026.03.17 18:50:40,filled,,MM SELL 03171850,,,
2026.03.17 18:52:48,81887161,EURUSD,sell,0.03 / 0.03,market, 1.15869, 1.15062,2026.03.17 18:52:48,filled,,MM SELL 03171852,,,
2026.03.17 18:54:57,81887169,EURUSD,sell,0.03 / 0.03,market, 1.15884, 1.15076,2026.03.17 18:54:57,filled,,MM SELL 03171854,,,
2026.03.17 18:57:08,81887175,EURUSD,sell,0.03 / 0.03,market, 1.15868, 1.15061,2026.03.17 18:57:08,filled,,MM SELL 03171857,,,
2026.03.17 18:59:18,81887180,EURUSD,sell,0.03 / 0.03,market, 1.15868, 1.15061,2026.03.17 18:59:18,filled,,MM SELL 03171859,,,
2026.03.17 19:01:20,81887191,EURUSD,sell,0.03 / 0.03,market, 1.15850, 1.15043,2026.03.17 19:01:20,filled,,MM SELL 03171901,,,
2026.03.17 19:03:37,81887216,EURUSD,sell,0.03 / 0.03,market, 1.15866, 1.15059,2026.03.17 19:03:37,filled,,MM SELL 03171903,,,
2026.03.17 19:05:47,81887248,EURUSD,sell,0.03 / 0.03,market, 1.15869, 1.15062,2026.03.17 19:05:47,filled,,MM SELL 03171905,,,
2026.03.17 19:07:54,81887291,EURUSD,sell,0.03 / 0.03,market, 1.15868, 1.15061,2026.03.17 19:07:54,filled,,MM SELL 03171907,,,
2026.03.17 19:09:57,81887299,EURUSD,sell,0.03 / 0.03,market, 1.15895, 1.15087,2026.03.17 19:09:57,filled,,MM SELL 03171909,,,
2026.03.17 19:12:07,81887323,EURUSD,sell,0.03 / 0.03,market, 1.15869, 1.15062,2026.03.17 19:12:07,filled,,MM SELL 03171912,,,
2026.03.17 19:14:17,81887331,EURUSD,sell,0.03 / 0.03,market, 1.15857, 1.15050,2026.03.17 19:14:17,filled,,MM SELL 03171914,,,
2026.03.17 19:16:24,81887338,EURUSD,sell,0.03 / 0.03,market, 1.15860, 1.15053,2026.03.17 19:16:24,filled,,MM SELL 03171916,,,
2026.03.17 19:18:30,81887343,EURUSD,sell,0.03 / 0.03,market, 1.15862, 1.15055,2026.03.17 19:18:30,filled,,MM SELL 03171918,,,
2026.03.17 19:20:36,81887357,EURUSD,sell,0.03 / 0.03,market, 1.15857, 1.15050,2026.03.17 19:20:36,filled,,MM SELL 03171920,,,
2026.03.17 19:22:42,81887368,EURUSD,sell,0.03 / 0.03,market, 1.15873, 1.15066,2026.03.17 19:22:42,filled,,MM SELL 03171922,,,
2026.03.17 19:24:50,81887389,EURUSD,sell,0.03 / 0.03,market, 1.15884, 1.15076,2026.03.17 19:24:50,filled,,MM SELL 03171924,,,
2026.03.17 19:26:59,81887400,EURUSD,sell,0.03 / 0.03,market, 1.15873, 1.15066,2026.03.17 19:26:59,filled,,MM SELL 03171926,,,
2026.03.17 19:29:09,81887412,EURUSD,sell,0.03 / 0.03,market, 1.15899, 1.15091,2026.03.17 19:29:09,filled,,MM SELL 03171929,,,
2026.03.17 19:31:35,81887424,EURUSD,sell,0.03 / 0.03,market, 1.15910, 1.15102,2026.03.17 19:31:35,filled,,MM SELL 03171931,,,
2026.03.17 19:33:41,81887439,EURUSD,sell,0.03 / 0.03,market, 1.15926, 1.15118,2026.03.17 19:33:41,filled,,MM SELL 03171933,,,
2026.03.17 19:35:45,81887454,EURUSD,sell,0.03 / 0.03,market, 1.15933, 1.15125,2026.03.17 19:35:45,filled,,MM SELL 03171935,,,
2026.03.17 19:37:52,81887468,EURUSD,sell,0.03 / 0.03,market, 1.15947, 1.15139,2026.03.17 19:37:52,filled,,MM SELL 03171937,,,
2026.03.17 19:40:02,81887475,EURUSD,sell,0.03 / 0.03,market, 1.15960, 1.15152,2026.03.17 19:40:02,filled,,MM SELL 03171940,,,
2026.03.17 19:42:18,81887489,EURUSD,sell,0.03 / 0.03,market, 1.15957, 1.15149,2026.03.17 19:42:18,filled,,MM SELL 03171942,,,
2026.03.17 19:44:00,81887512,EURUSD,sell,0.06 / 0.06,market,,,2026.03.17 19:44:00,filled,,MM CLOSE 0317194,,,
2026.03.17 19:44:15,81887516,EURUSD,buy,0.01 / 0.01,market,,,2026.03.17 19:44:15,filled,,MM CLOSE 0317194,,,
2026.03.17 19:45:58,81887534,EURUSD,buy,0.03 / 0.03,market,,,2026.03.17 19:45:58,filled,,MM CLOSE 0317194,,,
2026.03.17 19:48:18,81887570,EURUSD,buy,0.03 / 0.03,market,,,2026.03.17 19:48:18,filled,,MM CLOSE 0317194,,,
2026.03.17 19:50:23,81887584,EURUSD,buy,0.03 / 0.03,market,,,2026.03.17 19:50:23,filled,,MM CLOSE 0317195,,,
2026.03.17 19:52:30,81887597,EURUSD,buy,0.02 / 0.02,market,,,2026.03.17 19:52:30,filled,,MM CLOSE 0317195,,,
2026.03.17 19:54:43,81887607,EURUSD,buy,0.01 / 0.01,market,,,2026.03.17 19:54:43,filled,,MM CLOSE 0317195,,,
2026.03.17 20:04:09,81887696,EURUSD,buy,0.01 / 0.01,market,,,2026.03.17 20:04:09,filled,,MM CLOSE 0317200,,,
2026.03.17 20:37:13,81887920,EURUSD,buy,0.03 / 0.03,market,,,2026.03.17 20:37:13,filled,,MM CLOSE 0317203,,,
2026.03.17 20:39:17,81887924,EURUSD,buy,0.03 / 0.03,market,,,2026.03.17 20:39:17,filled,,MM CLOSE 0317203,,,
2026.03.17 20:41:26,81887931,EURUSD,buy,0.03 / 0.03,market,,,2026.03.17 20:41:26,filled,,MM CLOSE 0317204,,,
2026.03.17 20:43:30,81887939,EURUSD,buy,0.03 / 0.03,market,,,2026.03.17 20:43:30,filled,,MM CLOSE 0317204,,,
2026.03.17 20:45:34,81887944,EURUSD,buy,0.03 / 0.03,market,,,2026.03.17 20:45:34,filled,,MM CLOSE 0317204,,,
2026.03.17 20:47:39,81887954,EURUSD,buy,0.03 / 0.03,market,,,2026.03.17 20:47:39,filled,,MM CLOSE 0317204,,,
2026.03.17 20:49:44,81887961,EURUSD,buy,0.03 / 0.03,market,,,2026.03.17 20:49:44,filled,,MM CLOSE 0317204,,,
2026.03.17 20:51:45,81887968,EURUSD,buy,0.03 / 0.03,market,,,2026.03.17 20:51:45,filled,,MM CLOSE 0317205,,,
2026.03.17 20:54:04,81887988,EURUSD,buy,0.03 / 0.03,market,,,2026.03.17 20:54:04,filled,,MM CLOSE 0317205,,,
2026.03.17 20:56:02,81887994,EURUSD,buy,0.03 / 0.03,market,,,2026.03.17 20:56:02,filled,,MM CLOSE 0317205,,,
2026.03.17 20:58:19,81888000,EURUSD,buy,0.03 / 0.03,market,,,2026.03.17 20:58:19,filled,,MM CLOSE 0317205,,,
2026.03.17 21:00:16,81888008,EURUSD,buy,0.03 / 0.03,market,,,2026.03.17 21:00:16,filled,,MM CLOSE 0317210,,,
2026.03.17 21:02:39,81888033,EURUSD,buy,0.03 / 0.03,market,,,2026.03.17 21:02:39,filled,,MM CLOSE 0317210,,,
2026.03.17 21:04:53,81888043,EURUSD,buy,0.03 / 0.03,market,,,2026.03.17 21:04:53,filled,,MM CLOSE 0317210,,,
2026.03.17 21:06:47,81888076,EURUSD,buy,0.03 / 0.03,market,,,2026.03.17 21:06:47,filled,,MM CLOSE 0317210,,,
2026.03.17 21:09:04,81888091,EURUSD,buy,0.03 / 0.03,market,,,2026.03.17 21:09:04,filled,,MM CLOSE 0317210,,,
2026.03.17 21:11:10,81888095,EURUSD,buy,0.03 / 0.03,market,,,2026.03.17 21:11:10,filled,,MM CLOSE 0317211,,,
2026.03.17 21:13:15,81888100,EURUSD,buy,0.03 / 0.03,market,,,2026.03.17 21:13:15,filled,,MM CLOSE 0317211,,,
2026.03.17 21:15:15,81888112,EURUSD,buy,0.03 / 0.03,market,,,2026.03.17 21:15:15,filled,,MM CLOSE 0317211,,,
2026.03.17 21:17:24,81888130,EURUSD,buy,0.03 / 0.03,market,,,2026.03.17 21:17:24,filled,,MM CLOSE 0317211,,,
2026.03.17 21:19:28,81888150,EURUSD,buy,0.03 / 0.03,market,,,2026.03.17 21:19:28,filled,,MM CLOSE 0317211,,,
2026.03.17 21:21:31,81888164,EURUSD,buy,0.03 / 0.03,market,,,2026.03.17 21:21:31,filled,,MM CLOSE 0317212,,,
2026.03.17 21:23:31,81888175,EURUSD,buy,0.03 / 0.03,market,,,2026.03.17 21:23:31,filled,,MM CLOSE 0317212,,,
2026.03.17 21:25:37,81888181,EURUSD,buy,0.03 / 0.03,market,,,2026.03.17 21:25:37,filled,,MM CLOSE 0317212,,,
2026.03.17 21:27:57,81888186,EURUSD,buy,0.03 / 0.03,market,,,2026.03.17 21:27:57,filled,,MM CLOSE 0317212,,,
2026.03.17 21:30:01,81888200,EURUSD,buy,0.03 / 0.03,market,,,2026.03.17 21:30:01,filled,,MM CLOSE 0317213,,,
2026.03.17 21:32:10,81888217,EURUSD,buy,0.03 / 0.03,market,,,2026.03.17 21:32:10,filled,,MM CLOSE 0317213,,,
2026.03.17 21:34:08,81888230,EURUSD,buy,0.03 / 0.03,market,,,2026.03.17 21:34:08,filled,,MM CLOSE 0317213,,,
2026.03.17 21:36:20,81888236,EURUSD,buy,0.03 / 0.03,market,,,2026.03.17 21:36:20,filled,,MM CLOSE 0317213,,,
2026.03.17 21:38:24,81888249,EURUSD,buy,0.03 / 0.03,market,,,2026.03.17 21:38:24,filled,,MM CLOSE 0317213,,,
2026.03.17 21:40:24,81888251,EURUSD,buy,0.03 / 0.03,market,,,2026.03.17 21:40:24,filled,,MM CLOSE 0317214,,,
2026.03.17 21:42:25,81888258,EURUSD,buy,0.03 / 0.03,market,,,2026.03.17 21:42:25,filled,,MM CLOSE 0317214,,,
2026.03.17 21:44:30,81888269,EURUSD,buy,0.03 / 0.03,market,,,2026.03.17 21:44:30,filled,,MM CLOSE 0317214,,,
2026.03.17 21:46:46,81888278,EURUSD,buy,0.03 / 0.03,market,,,2026.03.17 21:46:46,filled,,MM CLOSE 0317214,,,
2026.03.17 21:48:52,81888282,EURUSD,buy,0.03 / 0.03,market,,,2026.03.17 21:48:52,filled,,MM CLOSE 0317214,,,
2026.03.17 21:50:43,81888297,EURUSD,buy,0.03 / 0.03,market,,,2026.03.17 21:50:43,filled,,MM CLOSE 0317215,,,
2026.03.17 21:53:03,81888306,EURUSD,buy,0.03 / 0.03,market,,,2026.03.17 21:53:03,filled,,MM CLOSE 0317215,,,
2026.03.17 21:55:07,81888317,EURUSD,buy,0.03 / 0.03,market,,,2026.03.17 21:55:07,filled,,MM CLOSE 0317215,,,
2026.03.17 21:57:17,81888333,EURUSD,buy,0.03 / 0.03,market,,,2026.03.17 21:57:17,filled,,MM CLOSE 0317215,,,
2026.03.17 21:59:31,81888354,EURUSD,buy,0.03 / 0.03,market,,,2026.03.17 21:59:31,filled,,MM CLOSE 0317215,,,
2026.03.17 22:01:24,81888366,EURUSD,buy,0.03 / 0.03,market,,,2026.03.17 22:01:24,filled,,MM CLOSE 0317220,,,
2026.03.17 22:03:38,81888370,EURUSD,buy,0.03 / 0.03,market,,,2026.03.17 22:03:38,filled,,MM CLOSE 0317220,,,
2026.03.17 22:05:47,81888397,EURUSD,buy,0.03 / 0.03,market,,,2026.03.17 22:05:47,filled,,MM CLOSE 0317220,,,
2026.03.17 22:07:57,81888399,EURUSD,buy,0.03 / 0.03,market,,,2026.03.17 22:07:57,filled,,MM CLOSE 0317220,,,
2026.03.17 22:10:06,81888406,EURUSD,buy,0.03 / 0.03,market,,,2026.03.17 22:10:06,filled,,MM CLOSE 0317221,,,
2026.03.17 22:12:08,81888416,EURUSD,buy,0.03 / 0.03,market,,,2026.03.17 22:12:08,filled,,MM CLOSE 0317221,,,
2026.03.17 22:14:18,81888421,EURUSD,buy,0.03 / 0.03,market,,,2026.03.17 22:14:18,filled,,MM CLOSE 0317221,,,
2026.03.17 22:16:44,81888449,EURUSD,buy,0.03 / 0.03,market,,,2026.03.17 22:16:44,filled,,,,,
2026.03.17 22:16:48,81888452,EURUSD,buy,0.03 / 0.03,market,,,2026.03.17 22:16:48,filled,,,,,
2026.03.17 22:16:51,81888453,EURUSD,buy,0.03 / 0.03,market,,,2026.03.17 22:16:51,filled,,,,,
2026.03.17 22:16:58,81888455,EURUSD,buy,0.03 / 0.03,market,,,2026.03.17 22:16:58,filled,,,,,
2026.03.17 22:17:00,81888456,EURUSD,buy,0.03 / 0.03,market,,,2026.03.17 22:17:00,filled,,,,,
2026.03.17 22:17:31,81888457,EURUSD,buy,0.03 / 0.03,market,,,2026.03.17 22:17:31,filled,,MM CLOSE 0317221,,,
2026.03.17 22:17:42,81888458,EURUSD,buy,0.03 / 0.03,market,,,2026.03.17 22:17:42,filled,,MM CLOSE 0317221,,,
2026.03.17 22:17:56,81888462,EURUSD,buy,0.03 / 0.03,market,,,2026.03.17 22:17:56,filled,,MM CLOSE 0317221,,,
2026.03.17 22:18:11,81888464,EURUSD,buy,0.03 / 0.03,market,,,2026.03.17 22:18:11,filled,,MM CLOSE 0317221,,,
2026.03.17 22:18:26,81888469,EURUSD,buy,0.03 / 0.03,market,,,2026.03.17 22:18:26,filled,,MM CLOSE 0317221,,,
2026.03.17 22:18:27,81888470,EURUSD,buy,1.6 / 1.6,market, 1.15207, 1.15576,2026.03.17 22:18:27,filled,,MM BUY 031722182,,,
2026.03.17 22:27:00,81888507,EURUSD,buy,0.03 / 0.03,market,,,2026.03.17 22:27:00,filled,,MM CLOSE 0317222,,,
2026.03.17 22:27:01,81888508,GBPUSD,buy,0.31 / 0.31,market, 1.33332, 1.33759,2026.03.17 22:27:01,filled,,MM BUY 031722270,,,
2026.03.17 22:27:02,81888509,GBPUSD,sell,0.05 / 0.05,market, 1.34192, 1.33257,2026.03.17 22:27:02,filled,,MM SELL 03172227,,,
2026.03.17 22:29:02,81888514,GBPUSD,sell,0.09 / 0.09,market, 1.34185, 1.33250,2026.03.17 22:29:02,filled,,MM SELL 03172229,,,
2026.03.17 22:29:10,81888515,EURUSD,buy,0.03 / 0.03,market,,,2026.03.17 22:29:10,filled,,MM CLOSE 0317222,,,
2026.03.17 22:31:04,81888516,GBPUSD,sell,0.14 / 0.14,market, 1.34189, 1.33254,2026.03.17 22:31:04,filled,,MM SELL 03172231,,,
2026.03.17 22:31:37,81888517,EURUSD,buy,0.03 / 0.03,market,,,2026.03.17 22:31:37,filled,,MM CLOSE 0317223,,,
2026.03.17 22:31:38,81888518,EURUSD,sell,0.28 / 0.28,market, 1.15946, 1.15138,2026.03.17 22:31:38,filled,,MM SELL 03172231,,,
2026.03.17 22:33:07,81888524,GBPUSD,sell,0.15 / 0.15,market, 1.34200, 1.33265,2026.03.17 22:33:07,filled,,MM SELL 03172233,,,
2026.03.17 22:33:40,81888528,EURUSD,sell,0.43 / 0.43,market, 1.15952, 1.15144,2026.03.17 22:33:40,filled,,MM SELL 03172233,,,
2026.03.17 22:35:10,81888532,GBPUSD,sell,0.15 / 0.15,market, 1.34210, 1.33275,2026.03.17 22:35:10,filled,,MM SELL 03172235,,,
2026.03.17 22:35:43,81888535,EURUSD,sell,0.65 / 0.65,market, 1.15956, 1.15148,2026.03.17 22:35:43,filled,,MM SELL 03172235,,,
2026.03.17 22:37:14,81888536,GBPUSD,sell,0.15 / 0.15,market, 1.34205, 1.33270,2026.03.17 22:37:14,filled,,MM SELL 03172237,,,
2026.03.17 22:37:47,81888537,EURUSD,sell,0.8 / 0.8,market, 1.15949, 1.15141,2026.03.17 22:37:47,filled,,MM SELL 03172237,,,
2026.03.17 22:39:19,81888539,GBPUSD,sell,0.15 / 0.15,market, 1.34204, 1.33269,2026.03.17 22:39:19,filled,,MM SELL 03172239,,,
2026.03.17 22:39:51,81888540,EURUSD,sell,0.63 / 0.63,market, 1.15956, 1.15148,2026.03.17 22:39:51,filled,,MM SELL 03172239,,,
2026.03.17 22:41:21,81888545,GBPUSD,sell,0.08 / 0.08,market, 1.34209, 1.33274,2026.03.17 22:41:21,filled,,MM SELL 03172241,,,
2026.03.17 22:41:54,81888547,EURUSD,sell,0.01 / 0.01,market, 1.15958, 1.15150,2026.03.17 22:41:54,filled,,MM SELL 03172241,,,
2026.03.17 22:51:20,81888569,EURUSD,sell,0.01 / 0.01,market, 1.15954, 1.15146,2026.03.17 22:51:20,filled,,MM SELL 03172251,,,
2026.03.18 10:24:35,81890690,EURUSD,sell,1.6 / 1.6, 1.15207,,,2026.03.18 10:24:35,filled,,[sl 1.15207],,,
2026.03.18 12:10:57,81891360,GBPUSD,sell,0.31 / 0.31,market,,,2026.03.18 12:10:57,filled,,,,,
2026.03.18 12:10:59,81891361,EURUSD,buy,0.8 / 0.8, 1.15434,,,2026.03.18 12:10:59,filled,,[so 47.01%/7081.68/15064.78],,,
2026.03.18 14:30:31,81893323,GBPUSD,buy,0.15 / 0.15, 1.33275,,,2026.03.18 14:30:31,filled,,[tp 1.33275],,,
2026.03.18 14:30:31,81893326,GBPUSD,buy,0.08 / 0.08, 1.33274,,,2026.03.18 14:30:31,filled,,[tp 1.33274],,,
2026.03.18 14:30:31,81893327,GBPUSD,buy,0.15 / 0.15, 1.33270,,,2026.03.18 14:30:31,filled,,[tp 1.33270],,,
2026.03.18 14:30:31,81893328,GBPUSD,buy,0.15 / 0.15, 1.33269,,,2026.03.18 14:30:31,filled,,[tp 1.33269],,,
2026.03.18 14:30:32,81893330,GBPUSD,buy,0.15 / 0.15, 1.33265,,,2026.03.18 14:30:32,filled,,[tp 1.33265],,,
2026.03.18 14:42:56,81893594,GBPUSD,buy,0.05 / 0.05, 1.33257,,,2026.03.18 14:42:56,filled,,[tp 1.33257],,,
2026.03.18 14:42:57,81893597,GBPUSD,buy,0.14 / 0.14, 1.33254,,,2026.03.18 14:42:57,filled,,[tp 1.33254],,,
2026.03.18 14:42:58,81893599,GBPUSD,buy,0.09 / 0.09, 1.33250,,,2026.03.18 14:42:58,filled,,[tp 1.33250],,,
2026.03.18 14:44:12,81893654,EURUSD,buy,0.01 / 0.01, 1.15150,,,2026.03.18 14:44:12,filled,,[tp 1.15150],,,
2026.03.18 14:44:16,81893661,EURUSD,buy,0.65 / 0.65, 1.15148,,,2026.03.18 14:44:16,filled,,[tp 1.15148],,,
2026.03.18 14:44:16,81893662,EURUSD,buy,0.63 / 0.63, 1.15148,,,2026.03.18 14:44:16,filled,,[tp 1.15148],,,
2026.03.18 14:44:17,81893664,EURUSD,buy,0.01 / 0.01, 1.15146,,,2026.03.18 14:44:17,filled,,[tp 1.15146],,,
2026.03.18 14:44:17,81893665,EURUSD,buy,0.43 / 0.43, 1.15144,,,2026.03.18 14:44:17,filled,,[tp 1.15144],,,
2026.03.18 14:44:18,81893667,EURUSD,buy,0.28 / 0.28, 1.15138,,,2026.03.18 14:44:18,filled,,[tp 1.15138],,,
2026.03.19 10:07:24,81903240,USDCHF,sell,2.04 / 2.04,market, 0.79379, 0.79125,2026.03.19 10:07:24,filled,,MM SELL 03191007,,,
2026.03.19 10:07:29,81903243,EURUSD,sell,0.26 / 0.26,market, 1.14635, 1.14268,2026.03.19 10:07:29,filled,,MM SELL 03191007,,,
2026.03.19 10:07:30,81903244,GBPUSD,sell,0.03 / 0.03,market, 1.32732, 1.32308,2026.03.19 10:07:30,filled,,MM SELL 03191007,,,
2026.03.19 10:30:48,81903596,USDCHF,buy,2.04 / 2.04, 0.79379,,,2026.03.19 10:30:48,filled,,[sl 0.79379],,,
2026.03.19 10:30:52,81903611,USDCHF,sell,1.67 / 1.67,market, 0.79480, 0.79226,2026.03.19 10:30:52,filled,,MM SELL 03191030,,,
2026.03.19 10:32:30,81903628,USDCHF,buy,1.67 / 1.67, 0.79226,,,2026.03.19 10:32:30,filled,,[tp 0.79226],,,
2026.03.19 10:32:33,81903629,USDCHF,sell,1.74 / 1.74,market, 0.79309, 0.79055,2026.03.19 10:32:33,filled,,MM SELL 03191032,,,
2026.03.19 10:35:31,81903694,USDCHF,buy,1.74 / 1.74, 0.79309,,,2026.03.19 10:35:31,filled,,[sl 0.79309],,,
2026.03.19 10:35:37,81903695,USDCHF,sell,1.68 / 1.68,market, 0.79413, 0.79159,2026.03.19 10:35:37,filled,,MM SELL 03191035,,,
2026.03.19 11:06:19,81904188,EURUSD,buy,0.26 / 0.26, 1.14635,,,2026.03.19 11:06:19,filled,,[sl 1.14635],,,
2026.03.19 11:06:23,81904191,EURUSD,sell,0.47 / 0.47,market, 1.14800, 1.14433,2026.03.19 11:06:23,filled,,MM SELL 03191106,,,
2026.03.19 11:19:33,81904333,GBPUSD,buy,0.03 / 0.03, 1.32732,,,2026.03.19 11:19:33,filled,,[sl 1.32732],,,
2026.03.19 11:19:36,81904334,GBPUSD,sell,0.01 / 0.01,market, 1.32918, 1.32493,2026.03.19 11:19:36,filled,,MM SELL 03191119,,,
2026.03.19 11:21:59,81904406,EURUSD,buy,0.47 / 0.47, 1.14800,,,2026.03.19 11:21:59,filled,,[sl 1.14800],,,
2026.03.19 11:22:04,81904410,EURUSD,sell,0.45 / 0.45,market, 1.14959, 1.14592,2026.03.19 11:22:04,filled,,MM SELL 03191122,,,
2026.03.19 11:26:34,81904555,EURUSD,buy,0.45 / 0.45, 1.14592,,,2026.03.19 11:26:34,filled,,[tp 1.14592],,,
2026.03.19 11:26:35,81904559,EURUSD,sell,0.42 / 0.42,market, 1.14741, 1.14374,2026.03.19 11:26:35,filled,,MM SELL 03191126,,,
2026.03.19 11:41:44,81904784,USDCHF,buy,1.68 / 1.68, 0.79413,,,2026.03.19 11:41:44,filled,,[sl 0.79413],,,
2026.03.19 11:41:58,81904786,USDCHF,buy,1.46 / 1.46,market, 0.79294, 0.79548,2026.03.19 11:41:58,filled,,MM BUY 031911415,,,
2026.03.19 11:41:58,81904787,USDCHF,sell,0.21 / 0.21,market, 0.79801, 0.79245,2026.03.19 11:41:58,filled,,MM SELL 03191141,,,
2026.03.19 11:43:59,81904812,USDCHF,sell,0.4 / 0.4,market, 0.79835, 0.79279,2026.03.19 11:43:59,filled,,MM SELL 03191143,,,
2026.03.19 11:46:00,81904844,USDCHF,sell,0.73 / 0.73,market, 0.79891, 0.79335,2026.03.19 11:46:00,filled,,MM SELL 03191146,,,
2026.03.19 11:47:18,81904867,EURUSD,buy,0.42 / 0.42, 1.14741,,,2026.03.19 11:47:18,filled,,[sl 1.14741],,,
2026.03.19 11:48:05,81904879,USDCHF,sell,0.73 / 0.73,market, 0.79910, 0.79353,2026.03.19 11:48:05,filled,,MM SELL 03191148,,,
2026.03.19 11:50:05,81904919,USDCHF,sell,0.73 / 0.73,market, 0.79866, 0.79310,2026.03.19 11:50:05,filled,,MM SELL 03191150,,,
2026.03.19 11:51:43,81904972,GBPUSD,buy,0.01 / 0.01, 1.32918,,,2026.03.19 11:51:43,filled,,[sl 1.32918],,,
2026.03.19 11:52:08,81904990,USDCHF,sell,0.73 / 0.73,market, 0.79897, 0.79341,2026.03.19 11:52:08,filled,,MM SELL 03191152,,,
2026.03.19 11:54:10,81905021,USDCHF,sell,0.14 / 0.14,market, 0.79854, 0.79298,2026.03.19 11:54:10,filled,,MM SELL 03191154,,,
2026.03.19 11:56:13,81905035,USDCHF,sell,0.02 / 0.02,market, 0.79854, 0.79298,2026.03.19 11:56:13,filled,,MM SELL 03191156,,,
2026.03.19 11:58:03,81905049,USDCHF,sell,1.46 / 1.46, 0.79413,,,2026.03.19 11:58:03,filled,,[sl 0.79413],,,
2026.03.19 12:01:07,81905091,USDCHF,buy,0.73 / 0.73, 0.79353,,,2026.03.19 12:01:07,filled,,[tp 0.79353],,,
2026.03.19 12:01:35,81905097,USDCHF,buy,0.73 / 0.73, 0.79341,,,2026.03.19 12:01:35,filled,,[tp 0.79341],,,
2026.03.19 12:05:48,81905129,USDCHF,buy,0.73 / 0.73, 0.79335,,,2026.03.19 12:05:48,filled,,[tp 0.79335],,,
2026.03.19 12:42:09,81905519,USDCHF,buy,0.21 / 0.21,market,,,2026.03.19 12:42:09,filled,,MM CLOSE 0319124,,,
2026.03.19 12:42:23,81905526,USDCHF,buy,0.4 / 0.4,market,,,2026.03.19 12:42:23,filled,,MM CLOSE 0319124,,,
2026.03.19 12:42:23,81905527,USDCHF,buy,1.18 / 1.18,market, 0.79420, 0.79674,2026.03.19 12:42:23,filled,,MM BUY 031912422,,,
2026.03.19 14:07:24,81906429,USDCHF,sell,1.18 / 1.18, 0.79420,,,2026.03.19 14:07:24,filled,,[sl 0.79420],,,
2026.03.19 14:07:35,81906436,EURUSD,buy,1.02 / 1.02,market, 1.14659, 1.15026,2026.03.19 14:07:35,filled,,MM BUY 031914073,,,
2026.03.19 14:07:35,81906439,EURUSD,sell,0.15 / 0.15,market, 1.15401, 1.14597,2026.03.19 14:07:35,filled,,MM SELL 03191407,,,
2026.03.19 14:09:36,81906461,EURUSD,sell,0.26 / 0.26,market, 1.15341, 1.14537,2026.03.19 14:09:36,filled,,MM SELL 03191409,,,
2026.03.19 14:11:36,81906492,EURUSD,sell,0.48 / 0.48,market, 1.15345, 1.14541,2026.03.19 14:11:36,filled,,MM SELL 03191411,,,
2026.03.19 14:13:41,81906522,EURUSD,sell,0.51 / 0.51,market, 1.15330, 1.14526,2026.03.19 14:13:41,filled,,MM SELL 03191413,,,
2026.03.19 14:15:42,81906551,EURUSD,sell,0.51 / 0.51,market, 1.15315, 1.14512,2026.03.19 14:15:42,filled,,MM SELL 03191415,,,
2026.03.19 14:17:46,81906579,EURUSD,sell,0.24 / 0.24,market, 1.15328, 1.14524,2026.03.19 14:17:46,filled,,MM SELL 03191417,,,
2026.03.19 14:19:46,81906602,EURUSD,sell,0.03 / 0.03,market, 1.15314, 1.14511,2026.03.19 14:19:46,filled,,MM SELL 03191419,,,
2026.03.19 14:21:49,81906629,EURUSD,sell,0.01 / 0.01,market, 1.15318, 1.14515,2026.03.19 14:21:49,filled,,MM SELL 03191421,,,
2026.03.19 14:23:51,81906656,EURUSD,sell,0.01 / 0.01,market, 1.15276, 1.14473,2026.03.19 14:23:51,filled,,MM SELL 03191423,,,
2026.03.19 14:27:03,81906730,EURUSD,sell,1.02 / 1.02, 1.14659,,,2026.03.19 14:27:03,filled,,[sl 1.14659],,,
2026.03.19 14:27:18,81906737,EURUSD,buy,0.15 / 0.15,market,,,2026.03.19 14:27:18,filled,,MM CLOSE 0319142,,,
2026.03.19 14:28:02,81906750,EURUSD,buy,0.26 / 0.26,market,,,2026.03.19 14:28:02,filled,,MM CLOSE 0319142,,,
2026.03.19 14:28:16,81906751,EURUSD,buy,0.48 / 0.48,market,,,2026.03.19 14:28:16,filled,,MM CLOSE 0319142,,,
2026.03.19 14:28:46,81906761,EURUSD,buy,0.51 / 0.51,market,,,2026.03.19 14:28:46,filled,,MM CLOSE 0319142,,,
2026.03.19 14:29:00,81906764,EURUSD,buy,0.51 / 0.51,market,,,2026.03.19 14:29:00,filled,,MM CLOSE 0319142,,,
2026.03.19 14:29:14,81906768,EURUSD,buy,0.24 / 0.24,market,,,2026.03.19 14:29:14,filled,,MM CLOSE 0319142,,,
2026.03.19 14:30:12,81906781,EURUSD,buy,0.03 / 0.03,market,,,2026.03.19 14:30:12,filled,,MM CLOSE 0319143,,,
2026.03.19 14:30:27,81906788,EURUSD,buy,0.01 / 0.01,market,,,2026.03.19 14:30:27,filled,,MM CLOSE 0319143,,,
2026.03.19 14:32:34,81906841,USDCHF,buy,0.73 / 0.73,market,,,2026.03.19 14:32:34,filled,,MM CLOSE 0319143,,,
2026.03.19 14:32:34,81906842,USDCHF,buy,1.8 / 1.8,market, 0.79296, 0.79550,2026.03.19 14:32:34,filled,,MM BUY 031914323,,,
2026.03.19 15:02:05,81907479,USDCHF,buy,0.14 / 0.14,market,,,2026.03.19 15:02:05,filled,,MM CLOSE 0319150,,,
2026.03.19 15:02:16,81907496,GBPUSD,buy,0.31 / 0.31,market, 1.32779, 1.33204,2026.03.19 15:02:16,filled,,MM BUY 031915021,,,
2026.03.19 15:02:16,81907497,GBPUSD,sell,0.05 / 0.05,market, 1.33633, 1.32702,2026.03.19 15:02:16,filled,,MM SELL 03191502,,,
2026.03.19 15:04:18,81907570,GBPUSD,sell,0.07 / 0.07,market, 1.33703, 1.32772,2026.03.19 15:04:18,filled,,MM SELL 03191504,,,
2026.03.19 15:06:22,81907667,GBPUSD,sell,0.13 / 0.13,market, 1.33677, 1.32746,2026.03.19 15:06:22,filled,,MM SELL 03191506,,,
2026.03.19 15:08:23,81907707,GBPUSD,sell,0.15 / 0.15,market, 1.33678, 1.32747,2026.03.19 15:08:23,filled,,MM SELL 03191508,,,
2026.03.19 15:10:26,81907746,GBPUSD,sell,0.15 / 0.15,market, 1.33635, 1.32704,2026.03.19 15:10:26,filled,,MM SELL 03191510,,,
2026.03.19 15:10:35,81907752,USDCHF,buy,0.02 / 0.02,market,,,2026.03.19 15:10:35,filled,,MM CLOSE 0319151,,,
2026.03.19 15:10:36,81907753,USDCHF,sell,0.14 / 0.14,market, 0.79814, 0.79258,2026.03.19 15:10:36,filled,,MM SELL 03191510,,,
2026.03.19 15:12:31,81907798,GBPUSD,sell,0.15 / 0.15,market, 1.33633, 1.32702,2026.03.19 15:12:31,filled,,MM SELL 03191512,,,
2026.03.19 15:12:40,81907800,USDCHF,sell,0.07 / 0.07,market, 0.79795, 0.79239,2026.03.19 15:12:40,filled,,MM SELL 03191512,,,
2026.03.19 15:14:31,81907817,GBPUSD,sell,0.09 / 0.09,market, 1.33650, 1.32719,2026.03.19 15:14:31,filled,,MM SELL 03191514,,,
2026.03.19 15:14:45,81907819,USDCHF,sell,0.03 / 0.03,market, 0.79783, 0.79227,2026.03.19 15:14:45,filled,,MM SELL 03191514,,,
2026.03.19 15:16:31,81907873,GBPUSD,sell,0.04 / 0.04,market, 1.33657, 1.32726,2026.03.19 15:16:31,filled,,MM SELL 03191516,,,
2026.03.19 15:16:45,81907886,USDCHF,sell,0.01 / 0.01,market, 0.79790, 0.79234,2026.03.19 15:16:45,filled,,MM SELL 03191516,,,
2026.03.19 15:18:05,81907943,GBPUSD,sell,0.31 / 0.31,market,,,2026.03.19 15:18:05,filled,,,,,
2026.03.19 15:19:30,81908013,USDCHF,buy,0.14 / 0.14,market,,,2026.03.19 15:19:30,filled,,,,,
2026.03.19 15:19:31,81908014,USDCHF,buy,0.07 / 0.07,market,,,2026.03.19 15:19:31,filled,,,,,
2026.03.19 15:19:35,81908016,GBPUSD,buy,0.05 / 0.05,market,,,2026.03.19 15:19:35,filled,,MM CLOSE 0319151,,,
2026.03.19 15:20:05,81908036,GBPUSD,buy,0.07 / 0.07,market,,,2026.03.19 15:20:05,filled,,MM CLOSE 0319152,,,
2026.03.19 15:21:09,81908083,USDCHF,buy,0.03 / 0.03,market,,,2026.03.19 15:21:09,filled,,,,,
2026.03.19 15:21:10,81908085,USDCHF,buy,0.01 / 0.01,market,,,2026.03.19 15:21:10,filled,,,,,
2026.03.19 15:22:43,81908113,GBPUSD,buy,0.04 / 0.04,market,,,2026.03.19 15:22:43,filled,,,,,
2026.03.19 15:22:46,81908114,EURUSD,buy,0.01 / 0.01,market,,,2026.03.19 15:22:46,filled,,,,,
2026.03.19 15:27:11,81908212,GBPUSD,buy,0.13 / 0.13,market,,,2026.03.19 15:27:11,filled,,,,,
2026.03.19 15:27:13,81908213,GBPUSD,buy,0.15 / 0.15,market,,,2026.03.19 15:27:13,filled,,,,,
2026.03.19 15:27:15,81908214,GBPUSD,buy,0.09 / 0.09,market,,,2026.03.19 15:27:15,filled,,,,,
2026.03.19 15:31:57,81908393,GBPUSD,buy,0.15 / 0.15,market,,,2026.03.19 15:31:57,filled,,,,,
2026.03.19 15:31:58,81908394,GBPUSD,buy,0.15 / 0.15,market,,,2026.03.19 15:31:58,filled,,,,,
2026.03.19 15:53:22,81908869,USDCHF,sell,1.8 / 1.8, 0.79296,,,2026.03.19 15:53:22,filled,,[sl 0.79296],,,
2026.03.19 16:35:02,81910089,USDCHF,sell,1.88 / 1.88,market, 0.79268, 0.79014,2026.03.19 16:35:02,filled,,MM SELL 03191635,,,
2026.03.19 16:35:29,81910101,EURUSD,buy,0.24 / 0.24,market, 1.14999, 1.15368,2026.03.19 16:35:29,filled,,MM BUY 031916352,,,
2026.03.19 16:35:29,81910102,EURUSD,sell,0.03 / 0.03,market, 1.15741, 1.14935,2026.03.19 16:35:29,filled,,MM SELL 03191635,,,
2026.03.19 16:35:30,81910103,GBPUSD,buy,0.05 / 0.05,market, 1.33411, 1.33838,2026.03.19 16:35:30,filled,,MM BUY 031916353,,,
2026.03.19 16:35:31,81910104,GBPUSD,sell,0.01 / 0.01,market, 1.34269, 1.33334,2026.03.19 16:35:31,filled,,MM SELL 03191635,,,
2026.03.19 16:37:30,81910148,EURUSD,sell,0.03 / 0.03,market, 1.15737, 1.14931,2026.03.19 16:37:30,filled,,MM SELL 03191637,,,
2026.03.19 16:37:31,81910149,GBPUSD,sell,0.02 / 0.02,market, 1.34250, 1.33315,2026.03.19 16:37:31,filled,,MM SELL 03191637,,,
2026.03.19 16:39:44,81910189,EURUSD,sell,0.07 / 0.07,market, 1.15744, 1.14938,2026.03.19 16:39:44,filled,,MM SELL 03191639,,,
2026.03.19 16:39:45,81910190,GBPUSD,sell,0.02 / 0.02,market, 1.34240, 1.33305,2026.03.19 16:39:45,filled,,MM SELL 03191639,,,
2026.03.19 16:41:51,81910232,EURUSD,sell,0.12 / 0.12,market, 1.15734, 1.14928,2026.03.19 16:41:51,filled,,MM SELL 03191641,,,
2026.03.19 16:41:53,81910234,GBPUSD,sell,0.02 / 0.02,market, 1.34226, 1.33291,2026.03.19 16:41:53,filled,,MM SELL 03191641,,,
2026.03.19 16:43:56,81910255,EURUSD,sell,0.12 / 0.12,market, 1.15704, 1.14898,2026.03.19 16:43:56,filled,,MM SELL 03191643,,,
2026.03.19 16:43:58,81910256,GBPUSD,sell,0.02 / 0.02,market, 1.34155, 1.33221,2026.03.19 16:43:58,filled,,MM SELL 03191643,,,
2026.03.19 16:46:01,81910282,EURUSD,sell,0.08 / 0.08,market, 1.15704, 1.14898,2026.03.19 16:46:01,filled,,MM SELL 03191646,,,
2026.03.19 16:46:03,81910283,GBPUSD,sell,0.01 / 0.01,market, 1.34182, 1.33247,2026.03.19 16:46:03,filled,,MM SELL 03191646,,,
2026.03.19 16:48:27,81910317,EURUSD,sell,0.01 / 0.01,market, 1.15719, 1.14913,2026.03.19 16:48:27,filled,,MM SELL 03191648,,,
2026.03.19 16:50:44,81910346,EURUSD,sell,0.01 / 0.01,market, 1.15741, 1.14935,2026.03.19 16:50:44,filled,,MM SELL 03191650,,,
2026.03.19 17:05:49,81910668,GBPUSD,sell,0.05 / 0.05, 1.33838,,,2026.03.19 17:05:49,filled,,[tp 1.33838],,,
2026.03.19 17:06:13,81910715,EURUSD,sell,0.24 / 0.24, 1.15368,,,2026.03.19 17:06:13,filled,,[tp 1.15368],,,
2026.03.19 17:06:18,81910720,EURUSD,buy,0.03 / 0.03,market,,,2026.03.19 17:06:18,filled,,MM CLOSE 0319170,,,
2026.03.19 17:06:19,81910722,GBPUSD,buy,0.01 / 0.01,market,,,2026.03.19 17:06:19,filled,,MM CLOSE 0319170,,,
2026.03.19 17:06:59,81910744,EURUSD,buy,0.03 / 0.03,market,,,2026.03.19 17:06:59,filled,,MM CLOSE 0319170,,,
2026.03.19 17:07:00,81910746,GBPUSD,buy,0.02 / 0.02,market,,,2026.03.19 17:07:00,filled,,MM CLOSE 0319170,,,
2026.03.19 17:07:42,81910764,GBPUSD,buy,0.02 / 0.02,market,,,2026.03.19 17:07:42,filled,,MM CLOSE 0319170,,,
2026.03.19 17:08:24,81910773,GBPUSD,buy,0.02 / 0.02,market,,,2026.03.19 17:08:24,filled,,MM CLOSE 0319170,,,
2026.03.19 17:09:18,81910799,GBPUSD,buy,0.02 / 0.02,market,,,2026.03.19 17:09:18,filled,,MM CLOSE 0319170,,,
2026.03.19 17:10:03,81910808,GBPUSD,buy,0.01 / 0.01,market,,,2026.03.19 17:10:03,filled,,MM CLOSE 0319171,,,
2026.03.19 17:30:10,81911151,USDCHF,buy,1.88 / 1.88, 0.79149,,,2026.03.19 17:30:10,filled,,[sl 0.79149],,,
2026.03.19 17:56:11,81911516,EURUSD,buy,0.07 / 0.07, 1.15168,,,2026.03.19 17:56:11,filled,,[sl 1.15168],,,
2026.03.19 18:27:10,81912008,EURUSD,buy,0.12 / 0.12,market,,,2026.03.19 18:27:10,filled,,MM CLOSE 0319182,,,
2026.03.19 18:42:28,81912163,EURUSD,buy,0.12 / 0.12,market,,,2026.03.19 18:42:28,filled,,MM CLOSE 0319184,,,
2026.03.19 18:42:28,81912164,EURUSD,buy,1.53 / 1.53,market, 1.15183, 1.15552,2026.03.19 18:42:28,filled,,MM BUY 031918422,,,
2026.03.19 19:22:17,81912739,EURUSD,buy,0.08 / 0.08,market,,,2026.03.19 19:22:17,filled,,MM CLOSE 0319192,,,
2026.03.19 19:22:17,81912740,EURUSD,buy,0.38 / 0.38,market, 1.15364, 1.15733,2026.03.19 19:22:17,filled,,MM BUY 031919221,,,
2026.03.19 19:26:22,81912787,EURUSD,sell,1.53 / 1.53, 1.15552,,,2026.03.19 19:26:22,filled,,[tp 1.15552],,,
2026.03.19 19:26:41,81912799,USDCHF,sell,1.58 / 1.58,market, 0.79138, 0.78885,2026.03.19 19:26:41,filled,,MM SELL 03191926,,,
2026.03.19 19:48:34,81913033,EURUSD,buy,0.01 / 0.01,market,,,2026.03.19 19:48:34,filled,,MM CLOSE 0319194,,,
2026.03.19 19:48:49,81913035,GBPUSD,buy,0.15 / 0.15,market, 1.33816, 1.34245,2026.03.19 19:48:49,filled,,MM BUY 031919484,,,
2026.03.19 19:48:49,81913036,GBPUSD,sell,0.03 / 0.03,market, 1.34676, 1.33738,2026.03.19 19:48:49,filled,,MM SELL 03191948,,,
2026.03.19 19:50:48,81913048,EURUSD,buy,0.01 / 0.01,market,,,2026.03.19 19:50:48,filled,,MM CLOSE 0319195,,,
2026.03.19 19:50:48,81913049,EURUSD,sell,0.05 / 0.05,market, 1.16151, 1.15342,2026.03.19 19:50:48,filled,,MM SELL 03191950,,,
2026.03.19 19:50:50,81913050,GBPUSD,sell,0.07 / 0.07,market, 1.34678, 1.33740,2026.03.19 19:50:50,filled,,MM SELL 03191950,,,
2026.03.19 19:53:03,81913082,EURUSD,sell,0.17 / 0.17,market, 1.16178, 1.15369,2026.03.19 19:53:03,filled,,MM SELL 03191953,,,
2026.03.19 19:53:04,81913084,GBPUSD,sell,0.07 / 0.07,market, 1.34700, 1.33762,2026.03.19 19:53:04,filled,,MM SELL 03191953,,,
2026.03.19 19:55:24,81913122,EURUSD,sell,0.19 / 0.19,market, 1.16240, 1.15431,2026.03.19 19:55:24,filled,,MM SELL 03191955,,,
2026.03.19 19:55:25,81913123,GBPUSD,sell,0.07 / 0.07,market, 1.34741, 1.33803,2026.03.19 19:55:25,filled,,MM SELL 03191955,,,
2026.03.19 19:57:29,81913137,EURUSD,sell,0.19 / 0.19,market, 1.16198, 1.15389,2026.03.19 19:57:29,filled,,MM SELL 03191957,,,
2026.03.19 19:57:30,81913138,GBPUSD,sell,0.07 / 0.07,market, 1.34716, 1.33778,2026.03.19 19:57:30,filled,,MM SELL 03191957,,,
2026.03.19 19:59:31,81913156,EURUSD,sell,0.15 / 0.15,market, 1.16170, 1.15361,2026.03.19 19:59:31,filled,,MM SELL 03191959,,,
2026.03.19 19:59:33,81913157,GBPUSD,sell,0.02 / 0.02,market, 1.34697, 1.33759,2026.03.19 19:59:33,filled,,MM SELL 03191959,,,
2026.03.19 20:01:42,81913169,EURUSD,sell,0.01 / 0.01,market, 1.16176, 1.15367,2026.03.19 20:01:42,filled,,MM SELL 03192001,,,
2026.03.19 20:35:41,81913424,EURUSD,sell,0.01 / 0.01,market, 1.16175, 1.15366,2026.03.19 20:35:41,filled,,MM SELL 03192035,,,
2026.03.19 20:54:13,81913544,EURUSD,sell,0.01 / 0.01,market, 1.16188, 1.15379,2026.03.19 20:54:13,filled,,MM SELL 03192054,,,
2026.03.19 20:57:25,81913588,EURUSD,sell,0.38 / 0.38, 1.15733,,,2026.03.19 20:57:25,filled,,[tp 1.15733],,,
2026.03.19 20:57:42,81913604,EURUSD,buy,0.05 / 0.05,market,,,2026.03.19 20:57:42,filled,,MM CLOSE 0319205,,,
2026.03.19 20:58:23,81913645,EURUSD,buy,0.17 / 0.17,market,,,2026.03.19 20:58:23,filled,,MM CLOSE 0319205,,,
2026.03.19 20:59:26,81913676,EURUSD,buy,0.19 / 0.19,market,,,2026.03.19 20:59:26,filled,,MM CLOSE 0319205,,,
2026.03.19 20:59:27,81913679,GBPUSD,sell,0.04 / 0.04,market, 1.34853, 1.33914,2026.03.19 20:59:27,filled,,MM SELL 03192059,,,
2026.03.19 21:00:07,81913695,EURUSD,buy,0.19 / 0.19,market,,,2026.03.19 21:00:07,filled,,MM CLOSE 0319210,,,
2026.03.19 21:00:21,81913698,USDCHF,buy,1.58 / 1.58, 0.78885,,,2026.03.19 21:00:21,filled,,[tp 0.78885],,,
2026.03.19 21:00:49,81913720,EURUSD,buy,0.15 / 0.15,market,,,2026.03.19 21:00:49,filled,,MM CLOSE 0319210,,,
2026.03.19 21:00:50,81913724,GBPUSD,sell,0.15 / 0.15, 1.34245,,,2026.03.19 21:00:50,filled,,[tp 1.34245],,,
2026.03.19 21:00:56,81913728,GBPUSD,buy,0.03 / 0.03,market,,,2026.03.19 21:00:56,filled,,MM CLOSE 0319210,,,
2026.03.19 21:01:40,81913774,EURUSD,buy,0.01 / 0.01,market,,,2026.03.19 21:01:40,filled,,MM CLOSE 0319210,,,
2026.03.19 21:01:41,81913775,GBPUSD,buy,0.07 / 0.07,market,,,2026.03.19 21:01:41,filled,,MM CLOSE 0319210,,,
2026.03.19 21:02:32,81913817,EURUSD,buy,0.01 / 0.01,market,,,2026.03.19 21:02:32,filled,,MM CLOSE 0319210,,,
2026.03.19 21:02:33,81913819,GBPUSD,buy,0.07 / 0.07,market,,,2026.03.19 21:02:33,filled,,MM CLOSE 0319210,,,
2026.03.19 21:03:13,81913840,EURUSD,buy,0.01 / 0.01,market,,,2026.03.19 21:03:13,filled,,MM CLOSE 0319210,,,
2026.03.19 21:03:14,81913842,GBPUSD,buy,0.07 / 0.07,market,,,2026.03.19 21:03:14,filled,,MM CLOSE 0319210,,,
2026.03.19 21:03:14,81913843,GBPUSD,buy,1.35 / 1.35,market, 1.34113, 1.34542,2026.03.19 21:03:14,filled,,MM BUY 031921031,,,
2026.03.19 21:06:29,81914014,GBPUSD,buy,0.07 / 0.07,market,,,2026.03.19 21:06:29,filled,,MM CLOSE 0319210,,,
2026.03.19 21:06:29,81914016,GBPUSD,buy,0.41 / 0.41,market, 1.34329, 1.34760,2026.03.19 21:06:29,filled,,MM BUY 031921062,,,
2026.03.19 21:06:40,81914035,GBPUSD,sell,1.35 / 1.35, 1.34542,,,2026.03.19 21:06:40,filled,,[tp 1.34542],,,
2026.03.19 21:06:42,81914037,USDCHF,sell,1.64 / 1.64,market, 0.78816, 0.78564,2026.03.19 21:06:42,filled,,MM SELL 03192106,,,
2026.03.19 21:11:45,81914325,USDCHF,buy,1.64 / 1.64,market,,,2026.03.19 21:11:45,filled,,,,,
2026.03.19 21:11:47,81914327,USDCHF,sell,1.68 / 1.68,market, 0.78732, 0.78480,2026.03.19 21:11:47,filled,,MM SELL 03192111,,,
2026.03.19 21:11:49,81914331,GBPUSD,sell,0.41 / 0.41,market,,,2026.03.19 21:11:49,filled,,,,,
2026.03.19 21:11:59,81914336,EURUSD,buy,0.51 / 0.51,market, 1.15963, 1.16334,2026.03.19 21:11:59,filled,,MM BUY 031921115,,,
2026.03.19 21:12:00,81914338,EURUSD,sell,0.08 / 0.08,market, 1.16712, 1.15899,2026.03.19 21:12:00,filled,,MM SELL 03192112,,,
2026.03.19 21:12:04,81914344,GBPUSD,buy,0.02 / 0.02,market,,,2026.03.19 21:12:04,filled,,,,,
2026.03.19 21:12:05,81914345,GBPUSD,buy,0.04 / 0.04,market,,,2026.03.19 21:12:05,filled,,,,,
2026.03.19 21:12:28,81914358,EURUSD,buy,0.08 / 0.08,market,,,2026.03.19 21:12:28,filled,,,,,
2026.03.19 21:12:36,81914364,USDCHF,buy,1.68 / 1.68,market,,,2026.03.19 21:12:36,filled,,,,,
2026.03.19 21:12:37,81914365,EURUSD,sell,0.51 / 0.51,market,,,2026.03.19 21:12:37,filled,,,,,
2026.03.19 21:17:39,81914538,USDCHF,sell,2.06 / 2.06,market, 0.78720, 0.78468,2026.03.19 21:17:39,filled,,MM SELL 03192117,,,
2026.03.19 21:18:07,81914553,EURUSD,buy,0.25 / 0.25,market, 1.15877, 1.16248,2026.03.19 21:18:07,filled,,MM BUY 031921180,,,
2026.03.19 21:18:07,81914554,EURUSD,sell,0.04 / 0.04,market, 1.16620, 1.15808,2026.03.19 21:18:07,filled,,MM SELL 03192118,,,
2026.03.19 21:18:09,81914555,GBPUSD,buy,0.06 / 0.06,market, 1.34367, 1.34798,2026.03.19 21:18:09,filled,,MM BUY 031921180,,,
2026.03.19 21:18:09,81914556,GBPUSD,sell,0.01 / 0.01,market, 1.35235, 1.34293,2026.03.19 21:18:09,filled,,MM SELL 03192118,,,
2026.03.19 21:21:20,81914633,USDCHF,buy,2.06 / 2.06,market,,,2026.03.19 21:21:20,filled,,,,,
2026.03.19 21:21:21,81914634,GBPUSD,sell,0.03 / 0.03,market, 1.35219, 1.34277,2026.03.19 21:21:21,filled,,MM SELL 03192121,,,
2026.03.19 21:21:22,81914635,EURUSD,sell,0.25 / 0.25,market,,,2026.03.19 21:21:22,filled,,,,,
2026.03.19 21:21:24,81914636,EURUSD,buy,0.04 / 0.04,market,,,2026.03.19 21:21:24,filled,,,,,
2026.03.19 21:21:25,81914637,GBPUSD,buy,0.03 / 0.03,market,,,2026.03.19 21:21:25,filled,,,,,
2026.03.19 21:21:26,81914638,GBPUSD,buy,0.01 / 0.01,market,,,2026.03.19 21:21:26,filled,,,,,
2026.03.19 21:21:39,81914643,GBPUSD,sell,0.06 / 0.06,market,,,2026.03.19 21:21:39,filled,,,,,
2026.03.19 21:21:54,81914649,USDCHF,buy,0.2 / 0.2,market,,,2026.03.19 21:21:54,filled,,,,,
2026.03.19 21:21:57,81914653,EURUSD,sell,0.2 / 0.2,market,,,2026.03.19 21:21:57,filled,,,,,
2026.03.19 21:21:59,81914654,GBPUSD,sell,0.2 / 0.2,market,,,2026.03.19 21:21:59,filled,,,,,
2026.03.19 21:27:21,81914764,USDCHF,sell,0.2 / 0.2,market,,,2026.03.19 21:27:21,filled,,,,,
2026.03.19 21:27:22,81914765,EURUSD,buy,0.2 / 0.2,market,,,2026.03.19 21:27:22,filled,,,,,
2026.03.19 21:27:22,81914767,GBPUSD,buy,0.2 / 0.2,market,,,2026.03.19 21:27:22,filled,,,,,
2026.03.19 21:28:10,81914789,USDCHF,sell,2.01 / 2.01,market, 0.78916, 0.78664,2026.03.19 21:28:10,filled,,MM SELL 03192128,,,
2026.03.19 21:28:36,81914801,EURUSD,buy,0.24 / 0.24,market, 1.15682, 1.16053,2026.03.19 21:28:36,filled,,MM BUY 031921283,,,
2026.03.19 21:28:36,81914803,EURUSD,sell,0.04 / 0.04,market, 1.16427, 1.15616,2026.03.19 21:28:36,filled,,MM SELL 03192128,,,
2026.03.19 21:28:37,81914804,GBPUSD,buy,0.06 / 0.06,market, 1.34162, 1.34592,2026.03.19 21:28:37,filled,,MM BUY 031921283,,,
2026.03.19 21:28:37,81914805,GBPUSD,sell,0.01 / 0.01,market, 1.35030, 1.34089,2026.03.19 21:28:37,filled,,MM SELL 03192128,,,
2026.03.19 21:30:46,81914845,EURUSD,sell,0.03 / 0.03,market, 1.16437, 1.15626,2026.03.19 21:30:46,filled,,MM SELL 03192130,,,
2026.03.19 21:30:48,81914846,GBPUSD,sell,0.03 / 0.03,market, 1.35044, 1.34103,2026.03.19 21:30:48,filled,,MM SELL 03192130,,,
2026.03.19 21:32:48,81914869,EURUSD,sell,0.08 / 0.08,market, 1.16414, 1.15603,2026.03.19 21:32:48,filled,,MM SELL 03192132,,,
2026.03.19 21:32:49,81914870,GBPUSD,sell,0.03 / 0.03,market, 1.35012, 1.34071,2026.03.19 21:32:49,filled,,MM SELL 03192132,,,
2026.03.19 21:34:55,81914907,EURUSD,sell,0.12 / 0.12,market, 1.16444, 1.15633,2026.03.19 21:34:55,filled,,MM SELL 03192134,,,
2026.03.19 21:34:56,81914908,GBPUSD,sell,0.03 / 0.03,market, 1.35032, 1.34091,2026.03.19 21:34:56,filled,,MM SELL 03192134,,,
2026.03.19 21:37:04,81914954,EURUSD,sell,0.12 / 0.12,market, 1.16410, 1.15599,2026.03.19 21:37:04,filled,,MM SELL 03192137,,,
2026.03.19 21:37:06,81914957,GBPUSD,sell,0.03 / 0.03,market, 1.34981, 1.34040,2026.03.19 21:37:06,filled,,MM SELL 03192137,,,
2026.03.19 21:39:21,81914984,EURUSD,sell,0.05 / 0.05,market, 1.16430, 1.15619,2026.03.19 21:39:21,filled,,MM SELL 03192139,,,
2026.03.19 21:39:55,81914990,GBPUSD,sell,0.01 / 0.01,market, 1.35022, 1.34081,2026.03.19 21:39:55,filled,,MM SELL 03192139,,,
2026.03.19 21:41:56,81915009,EURUSD,sell,0.01 / 0.01,market, 1.16447, 1.15636,2026.03.19 21:41:56,filled,,MM SELL 03192141,,,
2026.03.19 23:28:06,81915457,GBPUSD,sell,0.06 / 0.06, 1.34162,,,2026.03.19 23:28:06,filled,,[sl 1.34162],,,
2026.03.20 01:21:46,81915742,EURUSD,buy,0.12 / 0.12,market,,,2026.03.20 01:21:46,filled,,,,,
2026.03.20 01:21:47,81915743,EURUSD,buy,0.08 / 0.08,market,,,2026.03.20 01:21:47,filled,,,,,
2026.03.20 01:21:47,81915744,EURUSD,buy,0.04 / 0.04,market,,,2026.03.20 01:21:47,filled,,,,,
2026.03.20 01:21:48,81915745,EURUSD,buy,0.05 / 0.05,market,,,2026.03.20 01:21:48,filled,,,,,
2026.03.20 01:21:49,81915746,EURUSD,buy,0.03 / 0.03,market,,,2026.03.20 01:21:49,filled,,,,,
2026.03.20 01:21:51,81915747,EURUSD,buy,0.12 / 0.12,market,,,2026.03.20 01:21:51,filled,,,,,
2026.03.20 03:36:33,81915976,EURUSD,sell,0.24 / 0.24, 1.15682,,,2026.03.20 03:36:33,filled,,[sl 1.15682],,,
2026.03.20 04:04:21,81916038,EURUSD,buy,0.01 / 0.01, 1.15636,,,2026.03.20 04:04:21,filled,,[tp 1.15636],,,
2026.03.20 05:02:06,81916123,GBPUSD,buy,0.03 / 0.03, 1.34103,,,2026.03.20 05:02:06,filled,,[tp 1.34103],,,
2026.03.20 05:02:30,81916124,GBPUSD,buy,0.03 / 0.03, 1.34091,,,2026.03.20 05:02:30,filled,,[tp 1.34091],,,
2026.03.20 05:02:30,81916125,GBPUSD,buy,0.01 / 0.01, 1.34089,,,2026.03.20 05:02:30,filled,,[tp 1.34089],,,
2026.03.20 05:10:51,81916139,USDCHF,buy,2.01 / 2.01, 0.78929,,,2026.03.20 05:10:51,filled,,[sl 0.78929],,,
2026.03.20 05:20:12,81916151,GBPUSD,buy,0.01 / 0.01, 1.34081,,,2026.03.20 05:20:12,filled,,[tp 1.34081],,,
2026.03.20 05:32:00,81916169,GBPUSD,buy,0.03 / 0.03, 1.34071,,,2026.03.20 05:32:00,filled,,[tp 1.34071],,,
2026.03.20 06:00:09,81916237,GBPUSD,buy,0.03 / 0.03, 1.34040,,,2026.03.20 06:00:09,filled,,[tp 1.34040],,,
2026.03.20 09:38:56,81917737,EURUSD,buy,1.66 / 1.66,market, 1.15517, 1.15888,2026.03.20 09:38:56,filled,,MM BUY 032009385,,,
2026.03.20 09:38:56,81917738,EURUSD,sell,0.24 / 0.24,market, 1.16262, 1.15453,2026.03.20 09:38:56,filled,,MM SELL 03200938,,,
2026.03.20 09:38:57,81917739,USDCHF,sell,0.52 / 0.52,market, 0.79054, 0.78802,2026.03.20 09:38:57,filled,,MM SELL 03200938,,,
2026.03.20 09:38:57,81917740,GBPUSD,buy,0.05 / 0.05,market, 1.33991, 1.34420,2026.03.20 09:38:57,filled,,MM BUY 032009385,,,
2026.03.20 09:38:57,81917741,GBPUSD,sell,0.01 / 0.01,market, 1.34852, 1.33913,2026.03.20 09:38:57,filled,,MM SELL 03200938,,,
2026.03.20 09:40:56,81917754,EURUSD,sell,0.03 / 0.03,market, 1.16270, 1.15461,2026.03.20 09:40:56,filled,,MM SELL 03200940,,,
2026.03.20 09:40:57,81917756,GBPUSD,sell,0.02 / 0.02,market, 1.34874, 1.33935,2026.03.20 09:40:57,filled,,MM SELL 03200940,,,
2026.03.20 09:43:00,81917774,EURUSD,sell,0.07 / 0.07,market, 1.16262, 1.15453,2026.03.20 09:43:00,filled,,MM SELL 03200943,,,
2026.03.20 09:43:01,81917776,GBPUSD,sell,0.02 / 0.02,market, 1.34905, 1.33966,2026.03.20 09:43:01,filled,,MM SELL 03200943,,,
2026.03.20 09:45:01,81917794,EURUSD,sell,0.16 / 0.16,market, 1.16291, 1.15481,2026.03.20 09:45:01,filled,,MM SELL 03200945,,,
2026.03.20 09:45:02,81917795,GBPUSD,sell,0.02 / 0.02,market, 1.34933, 1.33993,2026.03.20 09:45:02,filled,,MM SELL 03200945,,,
2026.03.20 09:47:02,81917830,EURUSD,sell,0.28 / 0.28,market, 1.16308, 1.15498,2026.03.20 09:47:02,filled,,MM SELL 03200947,,,
2026.03.20 09:47:04,81917831,GBPUSD,sell,0.02 / 0.02,market, 1.34964, 1.34024,2026.03.20 09:47:04,filled,,MM SELL 03200947,,,
2026.03.20 09:49:05,81917854,GBPUSD,sell,0.02 / 0.02,market, 1.34951, 1.34011,2026.03.20 09:49:05,filled,,MM SELL 03200949,,,
2026.03.20 09:49:09,81917857,EURUSD,sell,0.47 / 0.47,market, 1.16282, 1.15472,2026.03.20 09:49:09,filled,,MM SELL 03200949,,,
2026.03.20 09:51:10,81917873,GBPUSD,sell,0.02 / 0.02,market, 1.34928, 1.33988,2026.03.20 09:51:10,filled,,MM SELL 03200951,,,
2026.03.20 09:51:14,81917875,EURUSD,sell,0.83 / 0.83,market, 1.16277, 1.15468,2026.03.20 09:51:14,filled,,MM SELL 03200951,,,
2026.03.20 09:53:12,81917892,GBPUSD,sell,0.02 / 0.02,market, 1.34942, 1.34002,2026.03.20 09:53:12,filled,,MM SELL 03200953,,,
2026.03.20 09:53:16,81917893,EURUSD,sell,0.82 / 0.82,market, 1.16274, 1.15465,2026.03.20 09:53:16,filled,,MM SELL 03200953,,,
2026.03.20 09:55:14,81917907,GBPUSD,sell,0.02 / 0.02,market, 1.34918, 1.33979,2026.03.20 09:55:14,filled,,MM SELL 03200955,,,
2026.03.20 09:55:18,81917908,EURUSD,sell,0.11 / 0.11,market, 1.16256, 1.15447,2026.03.20 09:55:18,filled,,MM SELL 03200955,,,
2026.03.20 09:57:17,81917924,GBPUSD,sell,0.01 / 0.01,market, 1.34925, 1.33985,2026.03.20 09:57:17,filled,,MM SELL 03200957,,,
2026.03.20 10:45:13,81918430,EURUSD,sell,0.01 / 0.01,market, 1.16299, 1.15489,2026.03.20 10:45:13,filled,,MM SELL 03201045,,,
2026.03.20 10:47:24,81918465,EURUSD,sell,0.01 / 0.01,market, 1.16269, 1.15460,2026.03.20 10:47:24,filled,,MM SELL 03201047,,,
2026.03.20 11:00:56,81918600,EURUSD,sell,0.01 / 0.01,market, 1.16235, 1.15426,2026.03.20 11:00:56,filled,,MM SELL 03201100,,,
2026.03.20 11:06:03,81918654,EURUSD,sell,0.01 / 0.01,market, 1.16210, 1.15401,2026.03.20 11:06:03,filled,,MM SELL 03201106,,,
2026.03.20 11:11:43,81918716,USDCHF,buy,0.52 / 0.52, 0.78802,,,2026.03.20 11:11:43,filled,,[tp 0.78802],,,
2026.03.20 11:11:45,81918718,EURUSD,sell,0.37 / 0.37,market, 1.16280, 1.15470,2026.03.20 11:11:45,filled,,MM SELL 03201111,,,
2026.03.20 11:11:47,81918719,GBPUSD,sell,0.02 / 0.02,market, 1.34805, 1.33866,2026.03.20 11:11:47,filled,,MM SELL 03201111,,,
2026.03.20 11:13:47,81918746,EURUSD,sell,0.03 / 0.03,market, 1.16284, 1.15474,2026.03.20 11:13:47,filled,,MM SELL 03201113,,,
2026.03.20 11:13:48,81918747,GBPUSD,sell,0.01 / 0.01,market, 1.34798, 1.33859,2026.03.20 11:13:48,filled,,MM SELL 03201113,,,
2026.03.20 11:15:48,81918778,EURUSD,sell,0.01 / 0.01,market, 1.16243, 1.15434,2026.03.20 11:15:48,filled,,MM SELL 03201115,,,
2026.03.20 11:16:34,81918785,GBPUSD,sell,0.01 / 0.01,market, 1.34756, 1.33818,2026.03.20 11:16:34,filled,,MM SELL 03201116,,,
2026.03.20 11:21:39,81918865,EURUSD,sell,0.01 / 0.01,market, 1.16219, 1.15410,2026.03.20 11:21:39,filled,,MM SELL 03201121,,,
2026.03.20 11:33:52,81918980,GBPUSD,buy,0.02 / 0.02, 1.34024,,,2026.03.20 11:33:52,filled,,[tp 1.34024],,,
2026.03.20 11:33:53,81918982,EURUSD,sell,0.03 / 0.03,market, 1.16196, 1.15387,2026.03.20 11:33:53,filled,,MM SELL 03201133,,,
2026.03.20 11:33:53,81918985,GBPUSD,buy,0.02 / 0.02, 1.34011,,,2026.03.20 11:33:53,filled,,[tp 1.34011],,,
2026.03.20 11:33:54,81918986,GBPUSD,sell,0.02 / 0.02,market, 1.34674, 1.33736,2026.03.20 11:33:54,filled,,MM SELL 03201133,,,
2026.03.20 11:36:45,81919017,EURUSD,sell,0.01 / 0.01,market, 1.16186, 1.15377,2026.03.20 11:36:45,filled,,MM SELL 03201136,,,
2026.03.20 11:39:32,81919042,GBPUSD,buy,0.02 / 0.02, 1.34002,,,2026.03.20 11:39:32,filled,,[tp 1.34002],,,
2026.03.20 11:39:32,81919043,GBPUSD,sell,0.05 / 0.05, 1.33991,,,2026.03.20 11:39:32,filled,,[sl 1.33991],,,
2026.03.20 11:39:53,81919049,GBPUSD,buy,0.02 / 0.02, 1.33993,,,2026.03.20 11:39:53,filled,,[tp 1.33993],,,
2026.03.20 11:40:16,81919057,GBPUSD,buy,0.02 / 0.02, 1.33988,,,2026.03.20 11:40:16,filled,,[tp 1.33988],,,
2026.03.20 11:40:20,81919058,EURUSD,sell,0.02 / 0.02,market, 1.16156, 1.15347,2026.03.20 11:40:20,filled,,MM SELL 03201140,,,
2026.03.20 11:40:23,81919060,GBPUSD,buy,0.01 / 0.01, 1.33985,,,2026.03.20 11:40:23,filled,,[tp 1.33985],,,
2026.03.20 11:40:26,81919061,GBPUSD,buy,0.02 / 0.02, 1.33979,,,2026.03.20 11:40:26,filled,,[tp 1.33979],,,
2026.03.20 11:40:35,81919063,GBPUSD,buy,0.01 / 0.01,market,,,2026.03.20 11:40:35,filled,,MM CLOSE 0320114,,,
2026.03.20 11:40:49,81919067,GBPUSD,buy,0.02 / 0.02,market,,,2026.03.20 11:40:49,filled,,MM CLOSE 0320114,,,
2026.03.20 11:41:04,81919074,GBPUSD,buy,0.02 / 0.02,market,,,2026.03.20 11:41:04,filled,,MM CLOSE 0320114,,,
2026.03.20 11:42:21,81919108,EURUSD,sell,0.08 / 0.08,market, 1.16159, 1.15350,2026.03.20 11:42:21,filled,,MM SELL 03201142,,,
2026.03.20 11:42:31,81919111,GBPUSD,buy,0.02 / 0.02,market,,,2026.03.20 11:42:31,filled,,MM CLOSE 0320114,,,
2026.03.20 11:42:46,81919126,GBPUSD,buy,0.01 / 0.01,market,,,2026.03.20 11:42:46,filled,,MM CLOSE 0320114,,,
2026.03.20 11:43:00,81919131,GBPUSD,buy,0.01 / 0.01,market,,,2026.03.20 11:43:00,filled,,MM CLOSE 0320114,,,
2026.03.20 11:43:15,81919134,GBPUSD,buy,0.02 / 0.02,market,,,2026.03.20 11:43:15,filled,,MM CLOSE 0320114,,,
2026.03.20 11:44:25,81919148,EURUSD,sell,0.08 / 0.08,market, 1.16146, 1.15337,2026.03.20 11:44:25,filled,,MM SELL 03201144,,,
2026.03.20 11:46:26,81919183,EURUSD,sell,0.01 / 0.01,market, 1.16141, 1.15332,2026.03.20 11:46:26,filled,,MM SELL 03201146,,,
2026.03.20 11:47:33,81919208,EURUSD,sell,1.66 / 1.66, 1.15517,,,2026.03.20 11:47:33,filled,,[sl 1.15517],,,
2026.03.20 11:51:30,81919297,EURUSD,buy,0.24 / 0.24,market,,,2026.03.20 11:51:30,filled,,MM CLOSE 0320115,,,
2026.03.20 11:51:45,81919305,EURUSD,buy,0.03 / 0.03,market,,,2026.03.20 11:51:45,filled,,MM CLOSE 0320115,,,
2026.03.20 11:52:00,81919314,EURUSD,buy,0.07 / 0.07,market,,,2026.03.20 11:52:00,filled,,MM CLOSE 0320115,,,
2026.03.20 11:52:14,81919319,EURUSD,buy,0.16 / 0.16,market,,,2026.03.20 11:52:14,filled,,MM CLOSE 0320115,,,
2026.03.20 11:52:29,81919322,EURUSD,buy,0.28 / 0.28,market,,,2026.03.20 11:52:29,filled,,MM CLOSE 0320115,,,
2026.03.20 11:52:51,81919327,EURUSD,buy,0.47 / 0.47,market,,,2026.03.20 11:52:51,filled,,MM CLOSE 0320115,,,
2026.03.20 11:53:05,81919329,EURUSD,buy,0.83 / 0.83,market,,,2026.03.20 11:53:05,filled,,MM CLOSE 0320115,,,
2026.03.20 11:53:20,81919334,EURUSD,buy,0.82 / 0.82,market,,,2026.03.20 11:53:20,filled,,MM CLOSE 0320115,,,
2026.03.20 11:53:35,81919338,EURUSD,buy,0.11 / 0.11,market,,,2026.03.20 11:53:35,filled,,MM CLOSE 0320115,,,
2026.03.20 11:53:50,81919350,EURUSD,buy,0.01 / 0.01,market,,,2026.03.20 11:53:50,filled,,MM CLOSE 0320115,,,
2026.03.20 11:54:05,81919354,EURUSD,buy,0.01 / 0.01,market,,,2026.03.20 11:54:05,filled,,MM CLOSE 0320115,,,
2026.03.20 11:54:20,81919360,EURUSD,buy,0.01 / 0.01,market,,,2026.03.20 11:54:20,filled,,MM CLOSE 0320115,,,
2026.03.20 11:54:34,81919371,EURUSD,buy,0.01 / 0.01,market,,,2026.03.20 11:54:34,filled,,MM CLOSE 0320115,,,
2026.03.20 11:54:49,81919382,EURUSD,buy,0.37 / 0.37,market,,,2026.03.20 11:54:49,filled,,MM CLOSE 0320115,,,
2026.03.20 11:55:03,81919394,EURUSD,buy,0.03 / 0.03,market,,,2026.03.20 11:55:03,filled,,MM CLOSE 0320115,,,
2026.03.20 11:55:18,81919399,EURUSD,buy,0.01 / 0.01,market,,,2026.03.20 11:55:18,filled,,MM CLOSE 0320115,,,
2026.03.20 11:55:33,81919400,EURUSD,buy,0.01 / 0.01,market,,,2026.03.20 11:55:33,filled,,MM CLOSE 0320115,,,
2026.03.20 11:55:47,81919402,EURUSD,buy,0.03 / 0.03,market,,,2026.03.20 11:55:47,filled,,MM CLOSE 0320115,,,
2026.03.20 12:09:16,81919645,EURUSD,buy,0.01 / 0.01, 1.15377,,,2026.03.20 12:09:16,filled,,[tp 1.15377],,,
2026.03.20 12:42:04,81919989,EURUSD,buy,0.02 / 0.02, 1.15578,,,2026.03.20 12:42:04,filled,,[sl 1.15578],,,
2026.03.20 12:42:08,81919990,GBPUSD,sell,1.4 / 1.4,market, 1.34013, 1.33585,2026.03.20 12:42:08,filled,,MM SELL 03201242,,,
2026.03.20 14:07:07,81920717,GBPUSD,buy,1.4 / 1.4, 1.34013,,,2026.03.20 14:07:07,filled,,[sl 1.34013],,,
2026.03.20 14:07:11,81920718,USDCHF,sell,1.8 / 1.8,market, 0.78740, 0.78488,2026.03.20 14:07:11,filled,,MM SELL 03201407,,,
2026.03.20 14:42:25,81920962,EURUSD,buy,0.08 / 0.08,market,,,2026.03.20 14:42:25,filled,,MM CLOSE 0320144,,,
2026.03.20 14:42:26,81920964,GBPUSD,buy,0.25 / 0.25,market, 1.33640, 1.34069,2026.03.20 14:42:26,filled,,MM BUY 032014422,,,
2026.03.20 14:42:27,81920965,GBPUSD,sell,0.03 / 0.03,market, 1.34497, 1.33560,2026.03.20 14:42:27,filled,,MM SELL 03201442,,,
2026.03.20 14:44:27,81920985,GBPUSD,sell,0.07 / 0.07,market, 1.34503, 1.33566,2026.03.20 14:44:27,filled,,MM SELL 03201444,,,
2026.03.20 14:44:30,81920987,EURUSD,buy,0.08 / 0.08,market,,,2026.03.20 14:44:30,filled,,MM CLOSE 0320144,,,
2026.03.20 14:46:29,81921000,EURUSD,buy,0.01 / 0.01,market,,,2026.03.20 14:46:29,filled,,MM CLOSE 0320144,,,
2026.03.20 14:46:31,81921002,GBPUSD,sell,0.12 / 0.12,market, 1.34547, 1.33610,2026.03.20 14:46:31,filled,,MM SELL 03201446,,,
2026.03.20 14:48:33,81921027,GBPUSD,sell,0.12 / 0.12,market, 1.34477, 1.33540,2026.03.20 14:48:33,filled,,MM SELL 03201448,,,
2026.03.20 14:50:37,81921048,GBPUSD,sell,0.12 / 0.12,market, 1.34534, 1.33597,2026.03.20 14:50:37,filled,,MM SELL 03201450,,,
2026.03.20 14:52:40,81921075,GBPUSD,sell,0.12 / 0.12,market, 1.34554, 1.33617,2026.03.20 14:52:40,filled,,MM SELL 03201452,,,
2026.03.20 14:54:44,81921087,GBPUSD,sell,0.04 / 0.04,market, 1.34511, 1.33574,2026.03.20 14:54:44,filled,,MM SELL 03201454,,,
2026.03.20 14:56:53,81921104,GBPUSD,sell,0.01 / 0.01,market, 1.34449, 1.33512,2026.03.20 14:56:53,filled,,MM SELL 03201456,,,
2026.03.20 14:59:07,81921118,GBPUSD,sell,0.01 / 0.01,market, 1.34478, 1.33541,2026.03.20 14:59:07,filled,,MM SELL 03201459,,,
2026.03.20 15:10:52,81921235,GBPUSD,sell,0.25 / 0.25, 1.33640,,,2026.03.20 15:10:52,filled,,[sl 1.33640],,,
2026.03.20 15:11:12,81921245,GBPUSD,buy,0.03 / 0.03,market,,,2026.03.20 15:11:12,filled,,MM CLOSE 0320151,,,
2026.03.20 15:12:37,81921265,USDCHF,buy,1.8 / 1.8, 0.78740,,,2026.03.20 15:12:37,filled,,[sl 0.78740],,,
2026.03.20 15:39:01,81921643,GBPUSD,buy,0.12 / 0.12, 1.33617,,,2026.03.20 15:39:01,filled,,[tp 1.33617],,,
2026.03.20 15:39:04,81921646,GBPUSD,buy,0.12 / 0.12, 1.33610,,,2026.03.20 15:39:04,filled,,[tp 1.33610],,,
2026.03.20 15:39:07,81921647,GBPUSD,buy,0.12 / 0.12, 1.33597,,,2026.03.20 15:39:07,filled,,[tp 1.33597],,,
2026.03.20 15:39:34,81921653,GBPUSD,buy,0.04 / 0.04, 1.33574,,,2026.03.20 15:39:34,filled,,[tp 1.33574],,,
2026.03.20 15:39:36,81921655,GBPUSD,buy,0.07 / 0.07, 1.33566,,,2026.03.20 15:39:36,filled,,[tp 1.33566],,,
2026.03.20 15:39:47,81921658,EURUSD,buy,1.53 / 1.53,market, 1.15346, 1.15715,2026.03.20 15:39:47,filled,,MM BUY 032015394,,,
2026.03.20 15:39:47,81921659,EURUSD,sell,0.23 / 0.23,market, 1.16089, 1.15280,2026.03.20 15:39:47,filled,,MM SELL 03201539,,,
2026.03.20 15:41:57,81921700,EURUSD,sell,0.44 / 0.44,market, 1.16138, 1.15329,2026.03.20 15:41:57,filled,,MM SELL 03201541,,,
2026.03.20 15:44:09,81921730,EURUSD,sell,0.76 / 0.76,market, 1.16143, 1.15334,2026.03.20 15:44:09,filled,,MM SELL 03201544,,,
2026.03.20 15:46:18,81921779,EURUSD,sell,0.76 / 0.76,market, 1.16154, 1.15345,2026.03.20 15:46:18,filled,,MM SELL 03201546,,,
2026.03.20 15:48:19,81921804,EURUSD,sell,0.76 / 0.76,market, 1.16145, 1.15336,2026.03.20 15:48:19,filled,,MM SELL 03201548,,,
2026.03.20 15:50:40,81921835,EURUSD,sell,0.35 / 0.35,market, 1.16089, 1.15280,2026.03.20 15:50:40,filled,,MM SELL 03201550,,,
2026.03.20 15:52:44,81921944,EURUSD,sell,0.09 / 0.09,market, 1.15999, 1.15191,2026.03.20 15:52:44,filled,,MM SELL 03201552,,,
2026.03.20 15:57:59,81922074,EURUSD,sell,0.01 / 0.01,market, 1.16012, 1.15204,2026.03.20 15:57:59,filled,,MM SELL 03201557,,,
2026.03.20 15:58:47,81922101,GBPUSD,buy,0.12 / 0.12, 1.33540,,,2026.03.20 15:58:47,filled,,[tp 1.33540],,,
2026.03.20 15:58:47,81922102,GBPUSD,buy,0.01 / 0.01, 1.33541,,,2026.03.20 15:58:47,filled,,[tp 1.33541],,,
2026.03.20 15:59:18,81922119,GBPUSD,buy,0.01 / 0.01, 1.33512,,,2026.03.20 15:59:18,filled,,[tp 1.33512],,,
2026.03.20 16:00:05,81922147,EURUSD,sell,0.15 / 0.15,market, 1.15982, 1.15174,2026.03.20 16:00:05,filled,,MM SELL 03201600,,,
2026.03.20 16:02:10,81922223,EURUSD,sell,0.02 / 0.02,market, 1.15975, 1.15167,2026.03.20 16:02:10,filled,,MM SELL 03201602,,,
2026.03.20 16:04:14,81922261,EURUSD,sell,0.01 / 0.01,market, 1.15962, 1.15154,2026.03.20 16:04:14,filled,,MM SELL 03201604,,,
2026.03.20 16:07:48,81922315,EURUSD,sell,0.01 / 0.01,market, 1.15959, 1.15151,2026.03.20 16:07:48,filled,,MM SELL 03201607,,,
2026.03.20 16:14:45,81922569,EURUSD,sell,0.01 / 0.01,market, 1.15941, 1.15133,2026.03.20 16:14:45,filled,,MM SELL 03201614,,,
2026.03.20 16:18:17,81922666,EURUSD,sell,1.53 / 1.53, 1.15346,,,2026.03.20 16:18:17,filled,,[sl 1.15346],,,
2026.03.20 16:18:17,81922668,EURUSD,buy,0.76 / 0.76, 1.15345,,,2026.03.20 16:18:17,filled,,[tp 1.15345],,,
2026.03.20 16:18:53,81922705,EURUSD,buy,0.76 / 0.76, 1.15336,,,2026.03.20 16:18:53,filled,,[tp 1.15336],,,
2026.03.20 16:18:53,81922706,EURUSD,buy,0.76 / 0.76, 1.15334,,,2026.03.20 16:18:53,filled,,[tp 1.15334],,,
2026.03.20 16:18:53,81922707,EURUSD,buy,0.44 / 0.44, 1.15329,,,2026.03.20 16:18:53,filled,,[tp 1.15329],,,
2026.03.20 16:27:44,81922873,EURUSD,buy,0.23 / 0.23, 1.15280,,,2026.03.20 16:27:44,filled,,[tp 1.15280],,,
2026.03.20 16:27:44,81922874,EURUSD,buy,0.35 / 0.35, 1.15280,,,2026.03.20 16:27:44,filled,,[tp 1.15280],,,
2026.03.20 18:52:47,81925365,EURUSD,buy,0.09 / 0.09,market,,,2026.03.20 18:52:47,filled,,MM CLOSE 0320185,,,
2026.03.20 18:58:08,81925423,EURUSD,buy,0.01 / 0.01,market,,,2026.03.20 18:58:08,filled,,MM CLOSE 0320185,,,
2026.03.20 19:00:09,81925441,EURUSD,buy,0.15 / 0.15,market,,,2026.03.20 19:00:09,filled,,MM CLOSE 0320190,,,
2026.03.20 19:02:23,81925455,EURUSD,buy,0.02 / 0.02,market,,,2026.03.20 19:02:23,filled,,MM CLOSE 0320190,,,
2026.03.20 19:02:25,81925457,GBPUSD,sell,1.51 / 1.51,market, 1.33440, 1.33013,2026.03.20 19:02:25,filled,,MM SELL 03201902,,,
2026.03.20 19:04:14,81925471,EURUSD,buy,0.01 / 0.01,market,,,2026.03.20 19:04:14,filled,,MM CLOSE 0320190,,,
2026.03.20 19:04:42,81925477,USDCHF,sell,0.29 / 0.29,market, 0.78907, 0.78655,2026.03.20 19:04:42,filled,,MM SELL 03201904,,,
2026.03.20 19:07:57,81925568,EURUSD,buy,0.01 / 0.01,market,,,2026.03.20 19:07:57,filled,,MM CLOSE 0320190,,,
2026.03.20 19:14:57,81925650,EURUSD,buy,0.01 / 0.01,market,,,2026.03.20 19:14:57,filled,,MM CLOSE 0320191,,,
2026.03.20 19:15:39,81925656,EURUSD,buy,0.05 / 0.05,market, 1.15463, 1.15833,2026.03.20 19:15:39,filled,,MM BUY 032019153,,,
2026.03.20 19:15:53,81925658,EURUSD,sell,0.01 / 0.01,market, 1.16184, 1.15375,2026.03.20 19:15:53,filled,,MM SELL 03201915,,,
2026.03.20 19:18:04,81925691,EURUSD,sell,0.02 / 0.02,market, 1.16183, 1.15374,2026.03.20 19:18:04,filled,,MM SELL 03201918,,,
2026.03.20 19:20:05,81925709,EURUSD,sell,0.02 / 0.02,market, 1.16219, 1.15410,2026.03.20 19:20:05,filled,,MM SELL 03201920,,,
2026.03.20 19:22:06,81925718,EURUSD,sell,0.02 / 0.02,market, 1.16213, 1.15404,2026.03.20 19:22:06,filled,,MM SELL 03201922,,,
2026.03.20 19:24:09,81925735,EURUSD,sell,0.02 / 0.02,market, 1.16243, 1.15434,2026.03.20 19:24:09,filled,,MM SELL 03201924,,,
2026.03.20 19:26:10,81925752,EURUSD,sell,0.01 / 0.01,market, 1.16238, 1.15429,2026.03.20 19:26:10,filled,,MM SELL 03201926,,,
2026.03.20 19:40:49,81925922,GBPUSD,buy,1.51 / 1.51, 1.33440,,,2026.03.20 19:40:49,filled,,[sl 1.33440],,,
2026.03.20 19:40:54,81925923,EURUSD,sell,0.02 / 0.02,market, 1.16215, 1.15406,2026.03.20 19:40:54,filled,,MM SELL 03201940,,,
2026.03.20 19:42:58,81925938,EURUSD,sell,0.02 / 0.02,market, 1.16200, 1.15391,2026.03.20 19:42:58,filled,,MM SELL 03201942,,,
2026.03.20 19:45:10,81925969,EURUSD,sell,0.02 / 0.02,market, 1.16196, 1.15387,2026.03.20 19:45:10,filled,,MM SELL 03201945,,,
2026.03.20 19:47:14,81925989,EURUSD,sell,0.02 / 0.02,market, 1.16193, 1.15384,2026.03.20 19:47:14,filled,,MM SELL 03201947,,,
2026.03.20 19:49:27,81926013,EURUSD,sell,0.02 / 0.02,market, 1.16200, 1.15391,2026.03.20 19:49:27,filled,,MM SELL 03201949,,,
2026.03.20 19:51:37,81926023,EURUSD,sell,0.02 / 0.02,market, 1.16199, 1.15390,2026.03.20 19:51:37,filled,,MM SELL 03201951,,,
2026.03.20 19:53:43,81926039,EURUSD,sell,0.02 / 0.02,market, 1.16200, 1.15391,2026.03.20 19:53:43,filled,,MM SELL 03201953,,,
2026.03.20 19:55:54,81926056,EURUSD,sell,0.02 / 0.02,market, 1.16172, 1.15363,2026.03.20 19:55:54,filled,,MM SELL 03201955,,,
2026.03.20 19:58:02,81926073,EURUSD,sell,0.02 / 0.02,market, 1.16183, 1.15374,2026.03.20 19:58:02,filled,,MM SELL 03201958,,,
2026.03.20 20:00:15,81926088,EURUSD,sell,0.02 / 0.02,market, 1.16174, 1.15365,2026.03.20 20:00:15,filled,,MM SELL 03202000,,,
2026.03.20 20:02:26,81926103,EURUSD,sell,0.02 / 0.02,market, 1.16188, 1.15379,2026.03.20 20:02:26,filled,,MM SELL 03202002,,,
2026.03.20 20:04:35,81926110,EURUSD,sell,0.02 / 0.02,market, 1.16175, 1.15366,2026.03.20 20:04:35,filled,,MM SELL 03202004,,,
2026.03.20 20:06:46,81926136,EURUSD,sell,0.02 / 0.02,market, 1.16191, 1.15382,2026.03.20 20:06:46,filled,,MM SELL 03202006,,,
2026.03.20 20:08:47,81926148,EURUSD,sell,0.02 / 0.02,market, 1.16183, 1.15374,2026.03.20 20:08:47,filled,,MM SELL 03202008,,,
2026.03.20 20:10:49,81926169,EURUSD,sell,0.02 / 0.02,market, 1.16141, 1.15332,2026.03.20 20:10:49,filled,,MM SELL 03202010,,,
2026.03.20 20:12:56,81926198,EURUSD,sell,0.02 / 0.02,market, 1.16184, 1.15375,2026.03.20 20:12:56,filled,,MM SELL 03202012,,,
2026.03.20 20:15:06,81926214,EURUSD,sell,0.02 / 0.02,market, 1.16184, 1.15375,2026.03.20 20:15:06,filled,,MM SELL 03202015,,,
2026.03.20 20:17:06,81926240,EURUSD,sell,0.02 / 0.02,market, 1.16191, 1.15382,2026.03.20 20:17:06,filled,,MM SELL 03202017,,,
2026.03.20 20:19:17,81926251,EURUSD,sell,0.02 / 0.02,market, 1.16195, 1.15386,2026.03.20 20:19:17,filled,,MM SELL 03202019,,,
2026.03.20 20:21:19,81926279,EURUSD,sell,0.02 / 0.02,market, 1.16205, 1.15396,2026.03.20 20:21:19,filled,,MM SELL 03202021,,,
2026.03.20 20:23:33,81926357,EURUSD,sell,0.02 / 0.02,market, 1.16072, 1.15264,2026.03.20 20:23:33,filled,,MM SELL 03202023,,,
2026.03.20 20:25:41,81926400,EURUSD,sell,0.02 / 0.02,market, 1.16191, 1.15382,2026.03.20 20:25:41,filled,,MM SELL 03202025,,,
2026.03.20 20:27:42,81926463,EURUSD,sell,0.02 / 0.02,market, 1.16269, 1.15460,2026.03.20 20:27:42,filled,,MM SELL 03202027,,,
2026.03.20 20:29:43,81926514,EURUSD,sell,0.02 / 0.02,market, 1.16240, 1.15431,2026.03.20 20:29:43,filled,,MM SELL 03202029,,,
2026.03.20 20:31:53,81926550,EURUSD,sell,0.02 / 0.02,market, 1.16262, 1.15453,2026.03.20 20:31:53,filled,,MM SELL 03202031,,,
2026.03.20 20:34:04,81926589,EURUSD,sell,0.02 / 0.02,market, 1.16262, 1.15453,2026.03.20 20:34:04,filled,,MM SELL 03202034,,,
2026.03.20 20:36:14,81926622,EURUSD,sell,0.02 / 0.02,market, 1.16254, 1.15445,2026.03.20 20:36:14,filled,,MM SELL 03202036,,,
2026.03.20 20:38:21,81926672,EURUSD,sell,0.02 / 0.02,market, 1.16229, 1.15420,2026.03.20 20:38:21,filled,,MM SELL 03202038,,,
2026.03.20 20:40:24,81926705,EURUSD,sell,0.02 / 0.02,market, 1.16248, 1.15439,2026.03.20 20:40:24,filled,,MM SELL 03202040,,,
2026.03.20 20:42:25,81926745,EURUSD,sell,0.02 / 0.02,market, 1.16205, 1.15396,2026.03.20 20:42:25,filled,,MM SELL 03202042,,,
2026.03.20 20:44:26,81926817,EURUSD,sell,0.02 / 0.02,market, 1.16193, 1.15384,2026.03.20 20:44:26,filled,,MM SELL 03202044,,,
2026.03.20 20:46:28,81926843,EURUSD,sell,0.02 / 0.02,market, 1.16182, 1.15373,2026.03.20 20:46:28,filled,,MM SELL 03202046,,,
2026.03.20 20:48:29,81926876,EURUSD,sell,0.02 / 0.02,market, 1.16146, 1.15337,2026.03.20 20:48:29,filled,,MM SELL 03202048,,,
2026.03.20 20:50:35,81926923,EURUSD,sell,0.02 / 0.02,market, 1.16116, 1.15307,2026.03.20 20:50:35,filled,,MM SELL 03202050,,,
2026.03.20 20:52:46,81926957,EURUSD,sell,0.02 / 0.02,market, 1.16125, 1.15316,2026.03.20 20:52:46,filled,,MM SELL 03202052,,,
2026.03.20 20:54:49,81926981,EURUSD,sell,0.02 / 0.02,market, 1.16121, 1.15312,2026.03.20 20:54:49,filled,,MM SELL 03202054,,,
2026.03.20 20:57:00,81927021,EURUSD,sell,0.02 / 0.02,market, 1.16075, 1.15267,2026.03.20 20:57:00,filled,,MM SELL 03202056,,,
2026.03.20 20:59:00,81927068,EURUSD,sell,0.02 / 0.02,market, 1.16066, 1.15258,2026.03.20 20:59:00,filled,,MM SELL 03202059,,,
2026.03.20 21:01:08,81927112,EURUSD,sell,0.02 / 0.02,market, 1.16105, 1.15296,2026.03.20 21:01:08,filled,,MM SELL 03202101,,,
2026.03.20 21:03:11,81927157,EURUSD,sell,0.02 / 0.02,market, 1.16108, 1.15299,2026.03.20 21:03:11,filled,,MM SELL 03202103,,,
2026.03.20 21:05:18,81927175,EURUSD,sell,0.02 / 0.02,market, 1.16106, 1.15297,2026.03.20 21:05:18,filled,,MM SELL 03202105,,,
2026.03.20 21:07:28,81927225,EURUSD,sell,0.02 / 0.02,market, 1.16080, 1.15271,2026.03.20 21:07:28,filled,,MM SELL 03202107,,,
2026.03.20 21:09:28,81927246,EURUSD,sell,0.02 / 0.02,market, 1.16083, 1.15274,2026.03.20 21:09:28,filled,,MM SELL 03202109,,,
2026.03.20 21:11:31,81927265,EURUSD,sell,0.02 / 0.02,market, 1.16057, 1.15249,2026.03.20 21:11:31,filled,,MM SELL 03202111,,,
2026.03.20 21:13:34,81927285,EURUSD,sell,0.02 / 0.02,market, 1.16074, 1.15266,2026.03.20 21:13:34,filled,,MM SELL 03202113,,,
2026.03.20 21:15:40,81927303,EURUSD,sell,0.02 / 0.02,market, 1.16113, 1.15304,2026.03.20 21:15:40,filled,,MM SELL 03202115,,,
2026.03.20 21:17:53,81927334,EURUSD,sell,0.02 / 0.02,market, 1.16133, 1.15324,2026.03.20 21:17:53,filled,,MM SELL 03202117,,,
2026.03.20 21:19:54,81927363,EURUSD,sell,0.02 / 0.02,market, 1.16119, 1.15310,2026.03.20 21:19:54,filled,,MM SELL 03202119,,,
2026.03.20 21:22:06,81927386,EURUSD,sell,0.02 / 0.02,market, 1.16109, 1.15300,2026.03.20 21:22:06,filled,,MM SELL 03202122,,,
2026.03.20 21:24:16,81927402,EURUSD,sell,0.02 / 0.02,market, 1.16100, 1.15291,2026.03.20 21:24:16,filled,,MM SELL 03202124,,,
2026.03.20 21:26:17,81927461,EURUSD,sell,0.02 / 0.02,market, 1.16099, 1.15290,2026.03.20 21:26:17,filled,,MM SELL 03202126,,,
2026.03.20 21:28:18,81927488,EURUSD,sell,0.02 / 0.02,market, 1.16093, 1.15284,2026.03.20 21:28:18,filled,,MM SELL 03202128,,,
2026.03.20 21:30:21,81927510,EURUSD,sell,0.02 / 0.02,market, 1.16102, 1.15293,2026.03.20 21:30:21,filled,,MM SELL 03202130,,,
2026.03.20 21:32:22,81927545,EURUSD,sell,0.02 / 0.02,market, 1.16093, 1.15284,2026.03.20 21:32:22,filled,,MM SELL 03202132,,,
2026.03.20 21:34:28,81927579,EURUSD,sell,0.02 / 0.02,market, 1.16089, 1.15280,2026.03.20 21:34:28,filled,,MM SELL 03202134,,,
2026.03.20 21:36:29,81927638,EURUSD,sell,0.02 / 0.02,market, 1.16062, 1.15254,2026.03.20 21:36:29,filled,,MM SELL 03202136,,,
2026.03.20 21:38:36,81927704,EURUSD,sell,0.02 / 0.02,market, 1.16047, 1.15239,2026.03.20 21:38:36,filled,,MM SELL 03202138,,,
2026.03.20 21:40:36,81927736,EURUSD,sell,0.02 / 0.02,market, 1.16086, 1.15277,2026.03.20 21:40:36,filled,,MM SELL 03202140,,,
2026.03.20 21:42:39,81927753,EURUSD,sell,0.02 / 0.02,market, 1.16106, 1.15297,2026.03.20 21:42:39,filled,,MM SELL 03202142,,,
2026.03.20 21:44:43,81927779,EURUSD,sell,0.02 / 0.02,market, 1.16170, 1.15361,2026.03.20 21:44:43,filled,,MM SELL 03202144,,,
2026.03.20 21:46:58,81927807,EURUSD,sell,0.02 / 0.02,market, 1.16149, 1.15340,2026.03.20 21:46:58,filled,,MM SELL 03202146,,,
2026.03.20 21:48:59,81927813,EURUSD,sell,0.02 / 0.02,market, 1.16131, 1.15322,2026.03.20 21:48:59,filled,,MM SELL 03202148,,,
2026.03.20 21:51:08,81927829,EURUSD,sell,0.02 / 0.02,market, 1.16139, 1.15330,2026.03.20 21:51:08,filled,,MM SELL 03202151,,,
2026.03.20 21:53:09,81927857,EURUSD,sell,0.02 / 0.02,market, 1.16154, 1.15345,2026.03.20 21:53:09,filled,,MM SELL 03202153,,,
2026.03.20 21:55:13,81927886,EURUSD,sell,0.02 / 0.02,market, 1.16183, 1.15374,2026.03.20 21:55:13,filled,,MM SELL 03202155,,,
2026.03.20 21:57:15,81927897,EURUSD,sell,0.02 / 0.02,market, 1.16165, 1.15356,2026.03.20 21:57:15,filled,,MM SELL 03202157,,,
2026.03.20 21:59:16,81927915,EURUSD,sell,0.02 / 0.02,market, 1.16148, 1.15339,2026.03.20 21:59:16,filled,,MM SELL 03202159,,,
2026.03.20 22:01:18,81927957,EURUSD,sell,0.02 / 0.02,market, 1.16184, 1.15375,2026.03.20 22:01:18,filled,,MM SELL 03202201,,,
2026.03.20 22:03:19,81927967,EURUSD,sell,0.02 / 0.02,market, 1.16190, 1.15381,2026.03.20 22:03:19,filled,,MM SELL 03202203,,,
2026.03.20 22:04:45,81927996,USDCHF,buy,0.29 / 0.29,market,,,2026.03.20 22:04:45,filled,,MM CLOSE 0320220,,,
2026.03.20 22:05:24,81928003,EURUSD,sell,0.02 / 0.02,market, 1.16184, 1.15375,2026.03.20 22:05:24,filled,,MM SELL 03202205,,,
2026.03.20 22:07:35,81928013,EURUSD,sell,0.02 / 0.02,market, 1.16174, 1.15365,2026.03.20 22:07:35,filled,,MM SELL 03202207,,,
2026.03.20 22:09:39,81928024,EURUSD,sell,0.02 / 0.02,market, 1.16179, 1.15370,2026.03.20 22:09:39,filled,,MM SELL 03202209,,,
2026.03.20 22:11:43,81928044,EURUSD,sell,0.02 / 0.02,market, 1.16187, 1.15378,2026.03.20 22:11:43,filled,,MM SELL 03202211,,,
2026.03.20 22:13:47,81928053,EURUSD,sell,0.02 / 0.02,market, 1.16189, 1.15380,2026.03.20 22:13:47,filled,,MM SELL 03202213,,,
2026.03.20 22:15:40,81928063,EURUSD,sell,0.05 / 0.05,market,,,2026.03.20 22:15:40,filled,,MM CLOSE 0320221,,,
2026.03.20 22:15:55,81928064,EURUSD,buy,0.01 / 0.01,market,,,2026.03.20 22:15:55,filled,,MM CLOSE 0320221,,,
2026.03.20 22:18:08,81928071,EURUSD,buy,0.02 / 0.02,market,,,2026.03.20 22:18:08,filled,,MM CLOSE 0320221,,,
2026.03.20 22:20:06,81928082,EURUSD,buy,0.02 / 0.02,market,,,2026.03.20 22:20:06,filled,,MM CLOSE 0320222,,,
2026.03.20 22:22:09,81928095,EURUSD,buy,0.02 / 0.02,market,,,2026.03.20 22:22:09,filled,,MM CLOSE 0320222,,,
2026.03.20 22:24:13,81928099,EURUSD,buy,0.02 / 0.02,market,,,2026.03.20 22:24:13,filled,,MM CLOSE 0320222,,,
2026.03.20 22:26:14,81928105,EURUSD,buy,0.01 / 0.01,market,,,2026.03.20 22:26:14,filled,,MM CLOSE 0320222,,,
2026.03.20 22:40:54,81928150,EURUSD,buy,0.02 / 0.02,market,,,2026.03.20 22:40:54,filled,,MM CLOSE 0320224,,,
2026.03.20 22:43:01,81928155,EURUSD,buy,0.02 / 0.02,market,,,2026.03.20 22:43:01,filled,,MM CLOSE 0320224,,,
2026.03.20 22:45:14,81928165,EURUSD,buy,0.02 / 0.02,market,,,2026.03.20 22:45:14,filled,,MM CLOSE 0320224,,,
2026.03.20 22:47:17,81928179,EURUSD,buy,0.02 / 0.02,market,,,2026.03.20 22:47:17,filled,,MM CLOSE 0320224,,,
2026.03.20 22:49:31,81928187,EURUSD,buy,0.02 / 0.02,market,,,2026.03.20 22:49:31,filled,,MM CLOSE 0320224,,,
2026.03.20 22:51:39,81928199,EURUSD,buy,0.02 / 0.02,market,,,2026.03.20 22:51:39,filled,,MM CLOSE 0320225,,,
2026.03.20 22:53:43,81928206,EURUSD,buy,0.02 / 0.02,market,,,2026.03.20 22:53:43,filled,,MM CLOSE 0320225,,,
2026.03.20 22:55:55,81928222,EURUSD,buy,0.02 / 0.02,market,,,2026.03.20 22:55:55,filled,,MM CLOSE 0320225,,,
2026.03.22 23:02:30,81928247,EURUSD,buy,0.02 / 0.02, 1.15386,,,2026.03.22 23:02:30,filled,,[tp 1.15386],,,
2026.03.22 23:02:30,81928248,EURUSD,buy,0.02 / 0.02, 1.15396,,,2026.03.22 23:02:30,filled,,[tp 1.15396],,,
2026.03.22 23:02:30,81928249,EURUSD,buy,0.02 / 0.02, 1.15460,,,2026.03.22 23:02:30,filled,,[tp 1.15460],,,
2026.03.22 23:02:30,81928250,EURUSD,buy,0.02 / 0.02, 1.15431,,,2026.03.22 23:02:30,filled,,[tp 1.15431],,,
2026.03.22 23:02:30,81928251,EURUSD,buy,0.02 / 0.02, 1.15453,,,2026.03.22 23:02:30,filled,,[tp 1.15453],,,
2026.03.22 23:02:30,81928252,EURUSD,buy,0.02 / 0.02, 1.15453,,,2026.03.22 23:02:30,filled,,[tp 1.15453],,,
2026.03.22 23:02:30,81928253,EURUSD,buy,0.02 / 0.02, 1.15445,,,2026.03.22 23:02:30,filled,,[tp 1.15445],,,
2026.03.22 23:02:30,81928254,EURUSD,buy,0.02 / 0.02, 1.15420,,,2026.03.22 23:02:30,filled,,[tp 1.15420],,,
2026.03.22 23:02:30,81928255,EURUSD,buy,0.02 / 0.02, 1.15439,,,2026.03.22 23:02:30,filled,,[tp 1.15439],,,
2026.03.22 23:02:30,81928256,EURUSD,buy,0.02 / 0.02, 1.15396,,,2026.03.22 23:02:30,filled,,[tp 1.15396],,,
2026.03.22 23:33:37,81928340,EURUSD,buy,0.02 / 0.02, 1.15384,,,2026.03.22 23:33:37,filled,,[tp 1.15384],,,
2026.03.22 23:33:38,81928341,EURUSD,buy,0.02 / 0.02, 1.15382,,,2026.03.22 23:33:38,filled,,[tp 1.15382],,,
2026.03.22 23:33:38,81928342,EURUSD,buy,0.02 / 0.02, 1.15382,,,2026.03.22 23:33:38,filled,,[tp 1.15382],,,
2026.03.22 23:33:38,81928343,EURUSD,buy,0.02 / 0.02, 1.15382,,,2026.03.22 23:33:38,filled,,[tp 1.15382],,,
2026.03.23 07:32:49,81930476,EURUSD,buy,0.02 / 0.02, 1.15381,,,2026.03.23 07:32:49,filled,,[tp 1.15381],,,
2026.03.23 07:32:49,81930478,EURUSD,buy,0.02 / 0.02, 1.15380,,,2026.03.23 07:32:49,filled,,[tp 1.15380],,,
2026.03.23 07:32:49,81930479,EURUSD,buy,0.02 / 0.02, 1.15378,,,2026.03.23 07:32:49,filled,,[tp 1.15378],,,
2026.03.23 07:32:49,81930480,EURUSD,buy,0.02 / 0.02, 1.15379,,,2026.03.23 07:32:49,filled,,[tp 1.15379],,,
2026.03.23 07:33:18,81930490,EURUSD,buy,0.02 / 0.02, 1.15375,,,2026.03.23 07:33:18,filled,,[tp 1.15375],,,
2026.03.23 07:33:18,81930491,EURUSD,buy,0.02 / 0.02, 1.15375,,,2026.03.23 07:33:18,filled,,[tp 1.15375],,,
2026.03.23 07:33:18,81930492,EURUSD,buy,0.02 / 0.02, 1.15375,,,2026.03.23 07:33:18,filled,,[tp 1.15375],,,
2026.03.23 07:33:18,81930493,EURUSD,buy,0.02 / 0.02, 1.15375,,,2026.03.23 07:33:18,filled,,[tp 1.15375],,,
2026.03.23 07:33:37,81930495,EURUSD,buy,0.02 / 0.02, 1.15374,,,2026.03.23 07:33:37,filled,,[tp 1.15374],,,
2026.03.23 07:33:37,81930496,EURUSD,buy,0.02 / 0.02, 1.15374,,,2026.03.23 07:33:37,filled,,[tp 1.15374],,,
2026.03.23 07:33:37,81930497,EURUSD,buy,0.02 / 0.02, 1.15374,,,2026.03.23 07:33:37,filled,,[tp 1.15374],,,
2026.03.23 07:33:37,81930498,EURUSD,buy,0.02 / 0.02, 1.15373,,,2026.03.23 07:33:37,filled,,[tp 1.15373],,,
2026.03.23 07:45:17,81930570,EURUSD,buy,0.02 / 0.02, 1.15370,,,2026.03.23 07:45:17,filled,,[tp 1.15370],,,
2026.03.23 07:45:24,81930574,EURUSD,buy,0.02 / 0.02, 1.15366,,,2026.03.23 07:45:24,filled,,[tp 1.15366],,,
2026.03.23 07:45:24,81930575,EURUSD,buy,0.02 / 0.02, 1.15365,,,2026.03.23 07:45:24,filled,,[tp 1.15365],,,
2026.03.23 07:45:24,81930576,EURUSD,buy,0.02 / 0.02, 1.15365,,,2026.03.23 07:45:24,filled,,[tp 1.15365],,,
2026.03.23 07:45:24,81930577,EURUSD,buy,0.02 / 0.02, 1.15361,,,2026.03.23 07:45:24,filled,,[tp 1.15361],,,
2026.03.23 07:53:00,81930647,EURUSD,buy,0.02 / 0.02, 1.15356,,,2026.03.23 07:53:00,filled,,[tp 1.15356],,,
2026.03.23 08:00:01,81930690,EURUSD,buy,0.02 / 0.02, 1.15345,,,2026.03.23 08:00:01,filled,,[tp 1.15345],,,
2026.03.23 08:00:15,81930693,EURUSD,buy,0.02 / 0.02, 1.15340,,,2026.03.23 08:00:15,filled,,[tp 1.15340],,,
2026.03.23 08:00:15,81930694,EURUSD,buy,0.02 / 0.02, 1.15339,,,2026.03.23 08:00:15,filled,,[tp 1.15339],,,
2026.03.23 08:00:17,81930697,EURUSD,buy,0.02 / 0.02, 1.15337,,,2026.03.23 08:00:17,filled,,[tp 1.15337],,,
2026.03.23 08:00:18,81930698,EURUSD,buy,0.02 / 0.02, 1.15332,,,2026.03.23 08:00:18,filled,,[tp 1.15332],,,
2026.03.23 08:00:18,81930699,EURUSD,buy,0.02 / 0.02, 1.15330,,,2026.03.23 08:00:18,filled,,[tp 1.15330],,,
2026.03.23 08:02:39,81930729,EURUSD,buy,0.02 / 0.02, 1.15324,,,2026.03.23 08:02:39,filled,,[tp 1.15324],,,
2026.03.23 08:02:45,81930732,EURUSD,buy,0.02 / 0.02, 1.15322,,,2026.03.23 08:02:45,filled,,[tp 1.15322],,,
2026.03.23 08:04:16,81930744,EURUSD,buy,0.02 / 0.02, 1.15316,,,2026.03.23 08:04:16,filled,,[tp 1.15316],,,
2026.03.23 08:04:35,81930747,EURUSD,buy,0.02 / 0.02, 1.15312,,,2026.03.23 08:04:35,filled,,[tp 1.15312],,,
2026.03.23 08:04:35,81930748,EURUSD,buy,0.02 / 0.02, 1.15310,,,2026.03.23 08:04:35,filled,,[tp 1.15310],,,
2026.03.23 08:04:36,81930749,EURUSD,buy,0.02 / 0.02, 1.15307,,,2026.03.23 08:04:36,filled,,[tp 1.15307],,,
2026.03.23 08:04:37,81930751,EURUSD,buy,0.02 / 0.02, 1.15304,,,2026.03.23 08:04:37,filled,,[tp 1.15304],,,
2026.03.23 08:05:37,81930766,EURUSD,buy,0.02 / 0.02, 1.15300,,,2026.03.23 08:05:37,filled,,[tp 1.15300],,,
2026.03.23 08:05:38,81930767,EURUSD,buy,0.02 / 0.02, 1.15299,,,2026.03.23 08:05:38,filled,,[tp 1.15299],,,
2026.03.23 08:05:43,81930772,EURUSD,buy,0.02 / 0.02, 1.15296,,,2026.03.23 08:05:43,filled,,[tp 1.15296],,,
2026.03.23 08:05:43,81930773,EURUSD,buy,0.02 / 0.02, 1.15297,,,2026.03.23 08:05:43,filled,,[tp 1.15297],,,
2026.03.23 08:05:43,81930774,EURUSD,buy,0.02 / 0.02, 1.15297,,,2026.03.23 08:05:43,filled,,[tp 1.15297],,,
2026.03.23 08:05:54,81930779,EURUSD,buy,0.02 / 0.02, 1.15291,,,2026.03.23 08:05:54,filled,,[tp 1.15291],,,
2026.03.23 08:05:54,81930780,EURUSD,buy,0.02 / 0.02, 1.15293,,,2026.03.23 08:05:54,filled,,[tp 1.15293],,,
2026.03.23 08:05:54,81930781,EURUSD,buy,0.02 / 0.02, 1.15290,,,2026.03.23 08:05:54,filled,,[tp 1.15290],,,
2026.03.23 08:10:23,81930840,EURUSD,buy,0.02 / 0.02, 1.15284,,,2026.03.23 08:10:23,filled,,[tp 1.15284],,,
2026.03.23 08:10:23,81930841,EURUSD,buy,0.02 / 0.02, 1.15284,,,2026.03.23 08:10:23,filled,,[tp 1.15284],,,
2026.03.23 08:10:24,81930842,EURUSD,buy,0.02 / 0.02, 1.15280,,,2026.03.23 08:10:24,filled,,[tp 1.15280],,,
2026.03.23 08:10:57,81930853,EURUSD,buy,0.02 / 0.02, 1.15277,,,2026.03.23 08:10:57,filled,,[tp 1.15277],,,
2026.03.23 08:11:00,81930854,EURUSD,buy,0.02 / 0.02, 1.15274,,,2026.03.23 08:11:00,filled,,[tp 1.15274],,,
2026.03.23 08:11:10,81930857,EURUSD,buy,0.02 / 0.02, 1.15271,,,2026.03.23 08:11:10,filled,,[tp 1.15271],,,
2026.03.23 08:12:30,81930873,EURUSD,buy,0.02 / 0.02, 1.15267,,,2026.03.23 08:12:30,filled,,[tp 1.15267],,,
2026.03.23 08:12:30,81930874,EURUSD,buy,0.02 / 0.02, 1.15266,,,2026.03.23 08:12:30,filled,,[tp 1.15266],,,
2026.03.23 08:12:30,81930876,EURUSD,buy,0.02 / 0.02, 1.15264,,,2026.03.23 08:12:30,filled,,[tp 1.15264],,,
2026.03.23 08:12:34,81930877,EURUSD,buy,0.02 / 0.02, 1.15258,,,2026.03.23 08:12:34,filled,,[tp 1.15258],,,
2026.03.23 08:13:06,81930889,EURUSD,buy,0.02 / 0.02, 1.15254,,,2026.03.23 08:13:06,filled,,[tp 1.15254],,,
2026.03.23 08:19:18,81930978,EURUSD,buy,0.02 / 0.02, 1.15249,,,2026.03.23 08:19:18,filled,,[tp 1.15249],,,
2026.03.23 08:20:03,81930987,EURUSD,buy,0.02 / 0.02, 1.15239,,,2026.03.23 08:20:03,filled,,[tp 1.15239],,,
2026.03.23 14:12:07,81938428,EURUSD,buy,1.76 / 1.76,market, 1.15467, 1.15837,2026.03.23 14:12:07,filled,,MM BUY 032314120,,,
2026.03.23 14:12:07,81938429,EURUSD,sell,0.27 / 0.27,market, 1.16214, 1.15405,2026.03.23 14:12:07,filled,,MM SELL 03231412,,,
2026.03.23 14:12:08,81938430,USDCHF,sell,0.57 / 0.57,market, 0.79058, 0.78806,2026.03.23 14:12:08,filled,,MM SELL 03231412,,,
2026.03.23 14:12:08,81938431,USDCHF,buy,0.09 / 0.09,market, 0.78561, 0.79114,2026.03.23 14:12:08,filled,,MM BUY 032314120,,,
2026.03.23 14:14:10,81938448,EURUSD,sell,0.13 / 0.13,market, 1.16198, 1.15389,2026.03.23 14:14:10,filled,,MM SELL 03231414,,,
2026.03.23 14:14:10,81938449,USDCHF,buy,0.28 / 0.28,market, 0.78570, 0.79123,2026.03.23 14:14:10,filled,,MM BUY 032314141,,,
2026.03.23 14:16:14,81938471,EURUSD,sell,0.44 / 0.44,market, 1.16176, 1.15367,2026.03.23 14:16:14,filled,,MM SELL 03231416,,,
2026.03.23 14:16:15,81938472,USDCHF,buy,0.28 / 0.28,market, 0.78589, 0.79142,2026.03.23 14:16:15,filled,,MM BUY 032314161,,,
2026.03.23 14:18:17,81938530,EURUSD,sell,0.88 / 0.88,market, 1.16272, 1.15463,2026.03.23 14:18:17,filled,,MM SELL 03231418,,,
2026.03.23 14:18:18,81938531,USDCHF,buy,0.28 / 0.28,market, 0.78535, 0.79088,2026.03.23 14:18:18,filled,,MM BUY 032314181,,,
2026.03.23 14:20:18,81938590,EURUSD,sell,0.88 / 0.88,market, 1.16249, 1.15440,2026.03.23 14:20:18,filled,,MM SELL 03231420,,,
2026.03.23 14:20:18,81938591,USDCHF,buy,0.28 / 0.28,market, 0.78526, 0.79079,2026.03.23 14:20:18,filled,,MM BUY 032314201,,,
2026.03.23 14:22:22,81938626,EURUSD,sell,0.55 / 0.55,market, 1.16324, 1.15514,2026.03.23 14:22:22,filled,,MM SELL 03231422,,,
2026.03.23 14:22:22,81938627,USDCHF,buy,0.09 / 0.09,market, 0.78489, 0.79041,2026.03.23 14:22:22,filled,,MM BUY 032314222,,,
2026.03.23 14:24:26,81938654,EURUSD,sell,0.03 / 0.03,market, 1.16278, 1.15469,2026.03.23 14:24:26,filled,,MM SELL 03231424,,,
2026.03.23 14:24:41,81938659,USDCHF,buy,0.01 / 0.01,market, 0.78509, 0.79062,2026.03.23 14:24:41,filled,,MM BUY 032314244,,,
2026.03.23 14:26:30,81938689,EURUSD,sell,0.01 / 0.01,market, 1.16254, 1.15445,2026.03.23 14:26:30,filled,,MM SELL 03231426,,,
2026.03.23 14:30:21,81938735,EURUSD,sell,0.01 / 0.01,market, 1.16244, 1.15435,2026.03.23 14:30:21,filled,,MM SELL 03231430,,,
2026.03.23 14:30:28,81938742,USDCHF,buy,0.01 / 0.01,market, 0.78552, 0.79105,2026.03.23 14:30:28,filled,,MM BUY 032314302,,,
2026.03.23 14:32:23,81938771,EURUSD,sell,0.01 / 0.01,market, 1.16196, 1.15387,2026.03.23 14:32:23,filled,,MM SELL 03231432,,,
2026.03.23 14:32:28,81938773,USDCHF,buy,0.01 / 0.01,market, 0.78569, 0.79122,2026.03.23 14:32:28,filled,,MM BUY 032314322,,,
2026.03.23 14:41:18,81938908,EURUSD,sell,1.76 / 1.76, 1.15837,,,2026.03.23 14:41:18,filled,,[tp 1.15837],,,
2026.03.23 14:41:21,81938915,USDCHF,buy,0.57 / 0.57, 0.78806,,,2026.03.23 14:41:21,filled,,[tp 0.78806],,,
2026.03.23 14:41:21,81938916,EURUSD,buy,0.88 / 0.88, 1.15878,,,2026.03.23 14:41:21,filled,,[so 44.98%/7553.94/16793.87],,,
2026.03.23 14:41:29,81938945,EURUSD,buy,0.27 / 0.27,market,,,2026.03.23 14:41:29,filled,,MM CLOSE 0323144,,,
2026.03.23 14:41:30,81938946,USDCHF,sell,0.09 / 0.09,market,,,2026.03.23 14:41:30,filled,,MM CLOSE 0323144,,,
2026.03.23 14:41:44,81938955,EURUSD,buy,0.13 / 0.13,market,,,2026.03.23 14:41:44,filled,,MM CLOSE 0323144,,,
2026.03.23 14:41:45,81938956,USDCHF,sell,0.28 / 0.28,market,,,2026.03.23 14:41:45,filled,,MM CLOSE 0323144,,,
2026.03.23 14:41:59,81938966,EURUSD,buy,0.44 / 0.44,market,,,2026.03.23 14:41:59,filled,,MM CLOSE 0323144,,,
2026.03.23 14:41:59,81938967,USDCHF,sell,0.28 / 0.28,market,,,2026.03.23 14:41:59,filled,,MM CLOSE 0323144,,,
2026.03.23 14:42:13,81938974,EURUSD,buy,0.88 / 0.88,market,,,2026.03.23 14:42:13,filled,,MM CLOSE 0323144,,,
2026.03.23 14:42:14,81938976,USDCHF,sell,0.28 / 0.28,market,,,2026.03.23 14:42:14,filled,,MM CLOSE 0323144,,,
2026.03.23 14:42:28,81938988,EURUSD,buy,0.55 / 0.55,market,,,2026.03.23 14:42:28,filled,,MM CLOSE 0323144,,,
2026.03.23 14:42:29,81938989,USDCHF,sell,0.28 / 0.28,market,,,2026.03.23 14:42:29,filled,,MM CLOSE 0323144,,,
2026.03.23 14:42:43,81939002,EURUSD,buy,0.03 / 0.03,market,,,2026.03.23 14:42:43,filled,,MM CLOSE 0323144,,,
2026.03.23 14:42:43,81939003,USDCHF,sell,0.09 / 0.09,market,,,2026.03.23 14:42:43,filled,,MM CLOSE 0323144,,,
2026.03.23 14:42:58,81939009,EURUSD,buy,0.01 / 0.01,market,,,2026.03.23 14:42:58,filled,,MM CLOSE 0323144,,,
2026.03.23 14:42:58,81939010,USDCHF,sell,0.01 / 0.01,market,,,2026.03.23 14:42:58,filled,,MM CLOSE 0323144,,,
2026.03.23 14:43:12,81939021,EURUSD,buy,0.01 / 0.01,market,,,2026.03.23 14:43:12,filled,,MM CLOSE 0323144,,,
2026.03.23 14:43:12,81939022,EURUSD,buy,1.61 / 1.61,market, 1.15749, 1.16120,2026.03.23 14:43:12,filled,,MM BUY 032314431,,,
2026.03.23 14:43:13,81939023,USDCHF,sell,0.01 / 0.01,market,,,2026.03.23 14:43:13,filled,,MM CLOSE 0323144,,,
2026.03.23 14:43:13,81939024,USDCHF,sell,0.31 / 0.31,market, 0.78873, 0.78621,2026.03.23 14:43:13,filled,,MM SELL 03231443,,,
2026.03.23 14:51:58,81939230,USDCHF,sell,0.01 / 0.01,market,,,2026.03.23 14:51:58,filled,,MM CLOSE 0323145,,,
2026.03.23 14:51:58,81939231,USDCHF,sell,0.11 / 0.11,market, 0.78744, 0.78492,2026.03.23 14:51:58,filled,,MM SELL 03231451,,,
2026.03.23 14:51:58,81939232,USDCHF,buy,0.02 / 0.02,market, 0.78252, 0.78802,2026.03.23 14:51:58,filled,,MM BUY 032314515,,,
2026.03.23 14:53:54,81939298,USDCHF,buy,0.31 / 0.31, 0.78621,,,2026.03.23 14:53:54,filled,,[tp 0.78621],,,
2026.03.23 14:54:00,81939303,USDCHF,buy,0.05 / 0.05,market, 0.78222, 0.78772,2026.03.23 14:54:00,filled,,MM BUY 032314540,,,
2026.03.23 14:55:21,81939344,EURUSD,buy,0.01 / 0.01,market,,,2026.03.23 14:55:21,filled,,MM CLOSE 0323145,,,
2026.03.23 14:55:21,81939345,EURUSD,sell,0.31 / 0.31,market, 1.16673, 1.15861,2026.03.23 14:55:21,filled,,MM SELL 03231455,,,
2026.03.23 14:56:15,81939365,USDCHF,buy,0.05 / 0.05,market, 0.78183, 0.78733,2026.03.23 14:56:15,filled,,MM BUY 032314561,,,
2026.03.23 14:56:19,81939371,EURUSD,sell,1.61 / 1.61, 1.16120,,,2026.03.23 14:56:19,filled,,[tp 1.16120],,,
2026.03.23 14:56:34,81939378,EURUSD,buy,0.31 / 0.31,market,,,2026.03.23 14:56:34,filled,,MM CLOSE 0323145,,,
2026.03.23 14:58:19,81939419,USDCHF,buy,0.05 / 0.05,market, 0.78184, 0.78734,2026.03.23 14:58:19,filled,,MM BUY 032314581,,,
2026.03.23 15:00:33,81939483,USDCHF,buy,0.05 / 0.05,market, 0.78155, 0.78705,2026.03.23 15:00:33,filled,,MM BUY 032315003,,,
2026.03.23 15:02:38,81939555,USDCHF,buy,0.05 / 0.05,market, 0.78264, 0.78814,2026.03.23 15:02:38,filled,,MM BUY 032315023,,,
2026.03.23 15:04:42,81939620,USDCHF,buy,0.05 / 0.05,market, 0.78202, 0.78752,2026.03.23 15:04:42,filled,,MM BUY 032315044,,,
2026.03.23 15:06:44,81939659,USDCHF,buy,0.05 / 0.05,market, 0.78284, 0.78834,2026.03.23 15:06:44,filled,,MM BUY 032315064,,,
2026.03.23 15:08:44,81939685,USDCHF,buy,0.05 / 0.05,market, 0.78308, 0.78859,2026.03.23 15:08:44,filled,,MM BUY 032315084,,,
2026.03.23 15:10:10,81939723,USDCHF,sell,0.05 / 0.05, 0.78705,,,2026.03.23 15:10:10,filled,,[tp 0.78705],,,
2026.03.23 15:10:45,81939736,USDCHF,buy,0.05 / 0.05,market, 0.78318, 0.78869,2026.03.23 15:10:45,filled,,MM BUY 032315104,,,
2026.03.23 15:12:47,81939766,USDCHF,buy,0.05 / 0.05,market, 0.78330, 0.78881,2026.03.23 15:12:47,filled,,MM BUY 032315124,,,
2026.03.23 15:15:08,81939795,USDCHF,buy,0.05 / 0.05,market, 0.78322, 0.78873,2026.03.23 15:15:08,filled,,MM BUY 032315150,,,
2026.03.23 15:17:16,81939824,USDCHF,buy,0.05 / 0.05,market, 0.78342, 0.78893,2026.03.23 15:17:16,filled,,MM BUY 032315171,,,
2026.03.23 15:17:16,81939825,USDCHF,buy,0.11 / 0.11, 0.78744,,,2026.03.23 15:17:16,filled,,[sl 0.78744],,,
2026.03.23 15:17:16,81939826,USDCHF,sell,0.05 / 0.05, 0.78733,,,2026.03.23 15:17:16,filled,,[tp 0.78733],,,
2026.03.23 15:17:16,81939827,USDCHF,sell,0.05 / 0.05, 0.78734,,,2026.03.23 15:17:16,filled,,[tp 0.78734],,,
2026.03.23 15:19:50,81939867,USDCHF,sell,0.02 / 0.02,market,,,2026.03.23 15:19:50,filled,,MM CLOSE 0323151,,,
2026.03.23 15:19:58,81939872,USDCHF,sell,0.05 / 0.05, 0.78752,,,2026.03.23 15:19:58,filled,,[tp 0.78752],,,
2026.03.23 15:20:50,81939883,USDCHF,sell,0.05 / 0.05,market,,,2026.03.23 15:20:50,filled,,MM CLOSE 0323152,,,
2026.03.23 15:21:04,81939887,USDCHF,sell,0.05 / 0.05,market,,,2026.03.23 15:21:04,filled,,MM CLOSE 0323152,,,
2026.03.23 15:21:18,81939895,USDCHF,sell,0.05 / 0.05,market,,,2026.03.23 15:21:18,filled,,MM CLOSE 0323152,,,
2026.03.23 15:21:33,81939902,USDCHF,sell,0.05 / 0.05,market,,,2026.03.23 15:21:33,filled,,MM CLOSE 0323152,,,
2026.03.23 15:21:48,81939905,USDCHF,sell,0.05 / 0.05,market,,,2026.03.23 15:21:48,filled,,MM CLOSE 0323152,,,
2026.03.23 15:21:48,81939906,USDCHF,sell,1.88 / 1.88,market, 0.78899, 0.78647,2026.03.23 15:21:48,filled,,MM SELL 03231521,,,
2026.03.23 15:42:28,81940235,USDCHF,buy,1.88 / 1.88, 0.78647,,,2026.03.23 15:42:28,filled,,[tp 0.78647],,,
2026.03.23 15:42:41,81940253,USDCHF,sell,0.05 / 0.05,market,,,2026.03.23 15:42:41,filled,,MM CLOSE 0323154,,,
2026.03.23 15:42:41,81940254,USDCHF,sell,2 / 2,market, 0.78764, 0.78512,2026.03.23 15:42:41,filled,,MM SELL 03231542,,,
2026.03.23 15:42:42,81940256,GBPUSD,buy,0.34 / 0.34,market, 1.33987, 1.34416,2026.03.23 15:42:42,filled,,MM BUY 032315424,,,
2026.03.23 15:42:42,81940258,GBPUSD,sell,0.05 / 0.05,market, 1.34846, 1.33907,2026.03.23 15:42:42,filled,,MM SELL 03231542,,,
2026.03.23 15:44:54,81940331,GBPUSD,sell,0.05 / 0.05,market, 1.34723, 1.33785,2026.03.23 15:44:54,filled,,MM SELL 03231544,,,
2026.03.23 15:47:03,81940382,GBPUSD,sell,0.11 / 0.11,market, 1.34783, 1.33844,2026.03.23 15:47:03,filled,,MM SELL 03231547,,,
2026.03.23 15:49:08,81940415,GBPUSD,sell,0.17 / 0.17,market, 1.34796, 1.33857,2026.03.23 15:49:08,filled,,MM SELL 03231549,,,
2026.03.23 15:51:14,81940455,GBPUSD,sell,0.17 / 0.17,market, 1.34832, 1.33893,2026.03.23 15:51:14,filled,,MM SELL 03231551,,,
2026.03.23 15:53:20,81940494,GBPUSD,sell,0.15 / 0.15,market, 1.34854, 1.33915,2026.03.23 15:53:20,filled,,MM SELL 03231553,,,
2026.03.23 15:55:28,81940547,GBPUSD,sell,0.01 / 0.01,market, 1.34736, 1.33798,2026.03.23 15:55:28,filled,,MM SELL 03231555,,,
2026.03.23 15:59:56,81940599,GBPUSD,sell,0.01 / 0.01,market, 1.34816, 1.33877,2026.03.23 15:59:56,filled,,MM SELL 03231559,,,
2026.03.23 16:02:07,81940654,GBPUSD,sell,0.02 / 0.02,market, 1.34890, 1.33951,2026.03.23 16:02:07,filled,,MM SELL 03231602,,,
2026.03.23 16:08:02,81940782,GBPUSD,sell,0.01 / 0.01,market, 1.34881, 1.33942,2026.03.23 16:08:02,filled,,MM SELL 03231608,,,
2026.03.23 16:16:24,81940904,GBPUSD,sell,0.01 / 0.01,market, 1.34899, 1.33960,2026.03.23 16:16:24,filled,,MM SELL 03231616,,,
2026.03.23 16:18:30,81940959,GBPUSD,sell,0.01 / 0.01,market, 1.35016, 1.34075,2026.03.23 16:18:30,filled,,MM SELL 03231618,,,
2026.03.23 16:19:43,81940998,USDCHF,sell,0.05 / 0.05,market,,,2026.03.23 16:19:43,filled,,MM CLOSE 0323161,,,
2026.03.23 16:20:13,81941016,GBPUSD,sell,0.34 / 0.34, 1.34416,,,2026.03.23 16:20:13,filled,,[tp 1.34416],,,
2026.03.23 16:20:21,81941018,USDCHF,buy,2 / 2, 0.78512,,,2026.03.23 16:20:21,filled,,[tp 0.78512],,,
2026.03.23 16:20:26,81941019,USDCHF,sell,0.05 / 0.05,market,,,2026.03.23 16:20:26,filled,,MM CLOSE 0323162,,,
2026.03.23 16:20:26,81941020,GBPUSD,buy,0.05 / 0.05,market,,,2026.03.23 16:20:26,filled,,MM CLOSE 0323162,,,
2026.03.23 16:21:08,81941053,GBPUSD,buy,0.05 / 0.05,market,,,2026.03.23 16:21:08,filled,,MM CLOSE 0323162,,,
2026.03.23 16:21:52,81941078,GBPUSD,buy,0.11 / 0.11,market,,,2026.03.23 16:21:52,filled,,MM CLOSE 0323162,,,
2026.03.23 16:22:33,81941117,GBPUSD,buy,0.17 / 0.17,market,,,2026.03.23 16:22:33,filled,,MM CLOSE 0323162,,,
2026.03.23 16:23:15,81941132,GBPUSD,buy,0.17 / 0.17,market,,,2026.03.23 16:23:15,filled,,MM CLOSE 0323162,,,
2026.03.23 16:23:57,81941168,GBPUSD,buy,0.15 / 0.15,market,,,2026.03.23 16:23:57,filled,,MM CLOSE 0323162,,,
2026.03.23 16:24:39,81941187,GBPUSD,buy,0.01 / 0.01,market,,,2026.03.23 16:24:39,filled,,MM CLOSE 0323162,,,
2026.03.23 16:25:21,81941209,GBPUSD,buy,0.01 / 0.01,market,,,2026.03.23 16:25:21,filled,,MM CLOSE 0323162,,,
2026.03.23 16:26:02,81941239,GBPUSD,buy,0.02 / 0.02,market,,,2026.03.23 16:26:02,filled,,MM CLOSE 0323162,,,
2026.03.23 16:26:02,81941240,GBPUSD,buy,1.54 / 1.54,market, 1.34413, 1.34844,2026.03.23 16:26:02,filled,,MM BUY 032316260,,,
2026.03.23 16:52:51,81941770,GBPUSD,sell,1.54 / 1.54, 1.34413,,,2026.03.23 16:52:51,filled,,[sl 1.34413],,,
2026.03.23 16:53:19,81941777,EURUSD,buy,1.72 / 1.72,market, 1.16015, 1.16387,2026.03.23 16:53:19,filled,,MM BUY 032316531,,,
2026.03.23 16:53:20,81941778,EURUSD,sell,0.25 / 0.25,market, 1.16758, 1.15945,2026.03.23 16:53:20,filled,,MM SELL 03231653,,,
2026.03.23 16:55:25,81941805,EURUSD,sell,0.47 / 0.47,market, 1.16763, 1.15950,2026.03.23 16:55:25,filled,,MM SELL 03231655,,,
2026.03.23 16:57:31,81941826,EURUSD,sell,0.86 / 0.86,market, 1.16764, 1.15951,2026.03.23 16:57:31,filled,,MM SELL 03231657,,,
2026.03.23 16:59:38,81941848,EURUSD,sell,0.86 / 0.86,market, 1.16749, 1.15936,2026.03.23 16:59:38,filled,,MM SELL 03231659,,,
2026.03.23 17:01:42,81941903,EURUSD,sell,0.86 / 0.86,market, 1.16792, 1.15979,2026.03.23 17:01:42,filled,,MM SELL 03231701,,,
2026.03.23 17:03:50,81941984,EURUSD,sell,0.34 / 0.34,market, 1.16858, 1.16044,2026.03.23 17:03:50,filled,,MM SELL 03231703,,,
2026.03.23 17:05:54,81942031,EURUSD,sell,0.06 / 0.06,market, 1.16838, 1.16024,2026.03.23 17:05:54,filled,,MM SELL 03231705,,,
2026.03.23 17:08:42,81942079,EURUSD,sell,0.01 / 0.01,market, 1.16831, 1.16018,2026.03.23 17:08:42,filled,,MM SELL 03231708,,,
2026.03.23 17:11:55,81942125,EURUSD,sell,0.01 / 0.01,market, 1.16819, 1.16006,2026.03.23 17:11:55,filled,,MM SELL 03231711,,,
2026.03.23 17:14:27,81942186,EURUSD,sell,0.01 / 0.01,market, 1.16796, 1.15983,2026.03.23 17:14:27,filled,,MM SELL 03231714,,,
2026.03.23 17:16:32,81942217,EURUSD,sell,0.02 / 0.02,market, 1.16760, 1.15947,2026.03.23 17:16:32,filled,,MM SELL 03231716,,,
2026.03.23 17:16:48,81942224,GBPUSD,buy,0.01 / 0.01,market,,,2026.03.23 17:16:48,filled,,MM CLOSE 0323171,,,
2026.03.23 17:18:41,81942254,EURUSD,sell,0.01 / 0.01,market, 1.16757, 1.15944,2026.03.23 17:18:41,filled,,MM SELL 03231718,,,
2026.03.23 17:18:56,81942263,GBPUSD,buy,0.01 / 0.01,market,,,2026.03.23 17:18:56,filled,,MM CLOSE 0323171,,,
2026.03.23 17:19:38,81942272,GBPUSD,buy,0.01 / 0.01,market,,,2026.03.23 17:19:38,filled,,MM CLOSE 0323171,,,
2026.03.23 17:20:46,81942301,EURUSD,sell,0.05 / 0.05,market, 1.16699, 1.15886,2026.03.23 17:20:46,filled,,MM SELL 03231720,,,
2026.03.23 17:27:21,81942437,EURUSD,sell,0.01 / 0.01,market, 1.16695, 1.15882,2026.03.23 17:27:21,filled,,MM SELL 03231727,,,
2026.03.23 17:29:26,81942489,EURUSD,sell,0.01 / 0.01,market, 1.16665, 1.15853,2026.03.23 17:29:26,filled,,MM SELL 03231729,,,
2026.03.23 17:33:18,81942543,EURUSD,sell,0.01 / 0.01,market, 1.16659, 1.15847,2026.03.23 17:33:18,filled,,MM SELL 03231733,,,
2026.03.23 17:35:31,81942578,EURUSD,sell,0.01 / 0.01,market, 1.16623, 1.15811,2026.03.23 17:35:31,filled,,MM SELL 03231735,,,
2026.03.23 17:35:52,81942584,EURUSD,buy,0.34 / 0.34, 1.16044,,,2026.03.23 17:35:52,filled,,[tp 1.16044],,,
2026.03.23 17:37:42,81942628,EURUSD,sell,0.3 / 0.3,market, 1.16607, 1.15795,2026.03.23 17:37:42,filled,,MM SELL 03231737,,,
2026.03.23 17:38:03,81942633,EURUSD,buy,0.06 / 0.06, 1.16024,,,2026.03.23 17:38:03,filled,,[tp 1.16024],,,
2026.03.23 17:38:05,81942637,EURUSD,sell,1.72 / 1.72, 1.16015,,,2026.03.23 17:38:05,filled,,[sl 1.16015],,,
2026.03.23 17:38:06,81942638,EURUSD,buy,0.01 / 0.01, 1.16018,,,2026.03.23 17:38:06,filled,,[tp 1.16018],,,
2026.03.23 17:38:47,81942665,EURUSD,buy,0.01 / 0.01, 1.16006,,,2026.03.23 17:38:47,filled,,[tp 1.16006],,,
2026.03.23 17:40:30,81942683,EURUSD,buy,0.25 / 0.25,market,,,2026.03.23 17:40:30,filled,,MM CLOSE 0323174,,,
2026.03.23 17:41:13,81942705,EURUSD,buy,0.47 / 0.47,market,,,2026.03.23 17:41:13,filled,,MM CLOSE 0323174,,,
2026.03.23 17:43:17,81942739,EURUSD,buy,0.86 / 0.86,market,,,2026.03.23 17:43:17,filled,,MM CLOSE 0323174,,,
2026.03.23 17:45:24,81942802,EURUSD,buy,0.86 / 0.86,market,,,2026.03.23 17:45:24,filled,,MM CLOSE 0323174,,,
2026.03.23 17:46:08,81942824,EURUSD,buy,0.86 / 0.86,market,,,2026.03.23 17:46:08,filled,,MM CLOSE 0323174,,,
2026.03.23 17:46:12,81942827,EURUSD,buy,0.01 / 0.01, 1.15983,,,2026.03.23 17:46:12,filled,,[tp 1.15983],,,
2026.03.23 17:46:51,81942851,EURUSD,buy,0.02 / 0.02,market,,,2026.03.23 17:46:51,filled,,MM CLOSE 0323174,,,
2026.03.23 17:47:33,81942859,EURUSD,buy,0.01 / 0.01,market,,,2026.03.23 17:47:33,filled,,MM CLOSE 0323174,,,
2026.03.23 17:48:24,81942874,EURUSD,buy,0.05 / 0.05,market,,,2026.03.23 17:48:24,filled,,MM CLOSE 0323174,,,
2026.03.23 17:49:06,81942882,EURUSD,buy,0.01 / 0.01,market,,,2026.03.23 17:49:06,filled,,MM CLOSE 0323174,,,
2026.03.23 17:49:49,81942890,EURUSD,buy,0.01 / 0.01,market,,,2026.03.23 17:49:49,filled,,MM CLOSE 0323174,,,
2026.03.23 17:49:49,81942891,EURUSD,buy,1.58 / 1.58,market, 1.15832, 1.16203,2026.03.23 17:49:49,filled,,MM BUY 032317494,,,
2026.03.23 17:52:18,81942942,EURUSD,buy,0.01 / 0.01, 1.15847,,,2026.03.23 17:52:18,filled,,[tp 1.15847],,,
2026.03.23 17:52:19,81942946,EURUSD,sell,1.58 / 1.58, 1.15832,,,2026.03.23 17:52:19,filled,,[sl 1.15832],,,
2026.03.23 17:52:40,81942966,GBPUSD,buy,1.33 / 1.33,market, 1.33812, 1.34241,2026.03.23 17:52:40,filled,,MM BUY 032317524,,,
2026.03.23 17:52:40,81942967,GBPUSD,sell,0.19 / 0.19,market, 1.34671, 1.33733,2026.03.23 17:52:40,filled,,MM SELL 03231752,,,
2026.03.23 17:54:52,81943025,GBPUSD,sell,0.33 / 0.33,market, 1.34567, 1.33630,2026.03.23 17:54:52,filled,,MM SELL 03231754,,,
2026.03.23 17:56:54,81943095,GBPUSD,sell,0.61 / 0.61,market, 1.34548, 1.33611,2026.03.23 17:56:54,filled,,MM SELL 03231756,,,
2026.03.23 17:58:55,81943131,GBPUSD,sell,0.66 / 0.66,market, 1.34514, 1.33577,2026.03.23 17:58:55,filled,,MM SELL 03231758,,,
2026.03.23 18:00:57,81943170,GBPUSD,sell,0.66 / 0.66,market, 1.34509, 1.33572,2026.03.23 18:00:57,filled,,MM SELL 03231800,,,
2026.03.23 18:02:59,81943211,GBPUSD,sell,0.33 / 0.33,market, 1.34560, 1.33623,2026.03.23 18:02:59,filled,,MM SELL 03231802,,,
2026.03.23 18:03:36,81943215,GBPUSD,sell,1.33 / 1.33, 1.33812,,,2026.03.23 18:03:36,filled,,[sl 1.33812],,,
2026.03.23 18:03:50,81943227,EURUSD,buy,0.01 / 0.01, 1.15811,,,2026.03.23 18:03:50,filled,,[tp 1.15811],,,
2026.03.23 18:04:07,81943235,GBPUSD,buy,0.19 / 0.19,market,,,2026.03.23 18:04:07,filled,,,,,
2026.03.23 18:04:08,81943236,GBPUSD,buy,0.33 / 0.33,market,,,2026.03.23 18:04:08,filled,,,,,
2026.03.23 18:04:09,81943238,GBPUSD,buy,0.33 / 0.33,market,,,2026.03.23 18:04:09,filled,,,,,
2026.03.23 18:04:10,81943241,GBPUSD,buy,0.61 / 0.61,market,,,2026.03.23 18:04:10,filled,,,,,
2026.03.23 18:04:10,81943242,GBPUSD,buy,0.66 / 0.66,market,,,2026.03.23 18:04:10,filled,,,,,
2026.03.23 18:04:11,81943243,EURUSD,buy,0.3 / 0.3,market,,,2026.03.23 18:04:11,filled,,MM CLOSE 0323180,,,
2026.03.23 18:04:11,81943244,EURUSD,buy,1.14 / 1.14,market, 1.15642, 1.16013,2026.03.23 18:04:11,filled,,MM BUY 032318041,,,
2026.03.23 18:04:11,81943245,EURUSD,sell,0.16 / 0.16,market, 1.16387, 1.15576,2026.03.23 18:04:11,filled,,MM SELL 03231804,,,
2026.03.23 18:04:11,81943246,USDCHF,sell,0.35 / 0.35,market, 0.78910, 0.78658,2026.03.23 18:04:11,filled,,MM SELL 03231804,,,
2026.03.23 18:04:12,81943247,USDCHF,buy,0.05 / 0.05,market, 0.78409, 0.78961,2026.03.23 18:04:12,filled,,MM BUY 032318041,,,
2026.03.23 18:04:13,81943248,GBPUSD,buy,0.66 / 0.66,market,,,2026.03.23 18:04:13,filled,,,,,
2026.03.23 18:06:21,81943273,EURUSD,sell,0.57 / 0.57,market, 1.16354, 1.15543,2026.03.23 18:06:21,filled,,MM SELL 03231806,,,
2026.03.23 18:06:22,81943274,USDCHF,buy,0.17 / 0.17,market, 0.78437, 0.78989,2026.03.23 18:06:22,filled,,MM BUY 032318062,,,
2026.03.23 18:08:27,81943319,EURUSD,sell,0.57 / 0.57,market, 1.16457, 1.15646,2026.03.23 18:08:27,filled,,MM SELL 03231808,,,
2026.03.23 18:08:28,81943320,USDCHF,buy,0.17 / 0.17,market, 0.78381, 0.78933,2026.03.23 18:08:28,filled,,MM BUY 032318082,,,
2026.03.23 18:10:31,81943345,EURUSD,sell,0.57 / 0.57,market, 1.16406, 1.15595,2026.03.23 18:10:31,filled,,MM SELL 03231810,,,
2026.03.23 18:10:32,81943346,USDCHF,buy,0.17 / 0.17,market, 0.78396, 0.78948,2026.03.23 18:10:32,filled,,MM BUY 032318103,,,
2026.03.23 18:12:36,81943386,EURUSD,sell,0.57 / 0.57,market, 1.16433, 1.15622,2026.03.23 18:12:36,filled,,MM SELL 03231812,,,
2026.03.23 18:12:37,81943388,USDCHF,buy,0.17 / 0.17,market, 0.78379, 0.78931,2026.03.23 18:12:37,filled,,MM BUY 032318123,,,
2026.03.23 18:14:50,81943423,EURUSD,sell,0.39 / 0.39,market, 1.16418, 1.15607,2026.03.23 18:14:50,filled,,MM SELL 03231814,,,
2026.03.23 18:14:50,81943424,USDCHF,buy,0.07 / 0.07,market, 0.78384, 0.78936,2026.03.23 18:14:50,filled,,MM BUY 032318145,,,
2026.03.23 18:16:54,81943454,EURUSD,sell,0.02 / 0.02,market, 1.16396, 1.15585,2026.03.23 18:16:54,filled,,MM SELL 03231816,,,
2026.03.23 18:17:09,81943457,USDCHF,buy,0.01 / 0.01,market, 0.78415, 0.78967,2026.03.23 18:17:09,filled,,MM BUY 032318170,,,
2026.03.23 18:18:58,81943488,EURUSD,sell,0.01 / 0.01,market, 1.16366, 1.15555,2026.03.23 18:18:58,filled,,MM SELL 03231818,,,
2026.03.23 18:21:03,81943510,EURUSD,sell,0.01 / 0.01,market, 1.16346, 1.15535,2026.03.23 18:21:03,filled,,MM SELL 03231821,,,
2026.03.23 18:49:58,81943895,EURUSD,sell,1.14 / 1.14,market,,,2026.03.23 18:49:58,filled,,MM CLOSE 0323184,,,
2026.03.23 19:31:06,81944251,USDCHF,buy,0.35 / 0.35,market,,,2026.03.23 19:31:06,filled,,MM CLOSE 0323193,,,
2026.03.23 20:34:28,81945083,EURUSD,buy,0.57 / 0.57, 1.16252,,,2026.03.23 20:34:28,filled,,[so 50.00%/6883.07/13767.47],,,
2026.03.23 20:36:31,81945143,EURUSD,buy,0.16 / 0.16,market,,,2026.03.23 20:36:31,filled,,MM CLOSE 0323203,,,
2026.03.23 20:37:13,81945179,EURUSD,buy,0.57 / 0.57,market,,,2026.03.23 20:37:13,filled,,MM CLOSE 0323203,,,
2026.03.23 20:37:55,81945220,EURUSD,buy,0.57 / 0.57,market,,,2026.03.23 20:37:55,filled,,MM CLOSE 0323203,,,
2026.03.23 20:38:20,81945234,EURUSD,buy,0.01 / 0.01, 1.16346,,,2026.03.23 20:38:20,filled,,[sl 1.16346],,,
2026.03.23 20:38:47,81945241,EURUSD,buy,0.57 / 0.57,market,,,2026.03.23 20:38:47,filled,,MM CLOSE 0323203,,,
2026.03.23 20:39:29,81945272,EURUSD,buy,0.39 / 0.39,market,,,2026.03.23 20:39:29,filled,,MM CLOSE 0323203,,,
2026.03.23 20:40:10,81945286,EURUSD,buy,0.02 / 0.02,market,,,2026.03.23 20:40:10,filled,,MM CLOSE 0323204,,,
2026.03.23 20:40:51,81945296,EURUSD,buy,0.01 / 0.01,market,,,2026.03.23 20:40:51,filled,,MM CLOSE 0323204,,,
2026.03.23 20:50:37,81945423,USDCHF,sell,0.05 / 0.05,market,,,2026.03.23 20:50:37,filled,,MM CLOSE 0323205,,,
2026.03.23 20:51:19,81945431,USDCHF,sell,0.17 / 0.17,market,,,2026.03.23 20:51:19,filled,,MM CLOSE 0323205,,,
2026.03.23 20:52:01,81945432,USDCHF,sell,0.17 / 0.17,market,,,2026.03.23 20:52:01,filled,,MM CLOSE 0323205,,,
2026.03.23 20:52:44,81945436,USDCHF,sell,0.17 / 0.17,market,,,2026.03.23 20:52:44,filled,,MM CLOSE 0323205,,,
2026.03.23 20:52:44,81945437,USDCHF,sell,1.48 / 1.48,market, 0.78615, 0.78364,2026.03.23 20:52:44,filled,,MM SELL 03232052,,,
2026.03.23 21:12:45,81945583,USDCHF,sell,0.17 / 0.17,market,,,2026.03.23 21:12:45,filled,,MM CLOSE 0323211,,,
2026.03.23 21:13:13,81945585,EURUSD,buy,0.42 / 0.42,market, 1.16116, 1.16488,2026.03.23 21:13:13,filled,,MM BUY 032321131,,,
2026.03.23 21:13:14,81945586,EURUSD,sell,0.06 / 0.06,market, 1.16864, 1.16050,2026.03.23 21:13:14,filled,,MM SELL 03232113,,,
2026.03.23 21:14:54,81945602,USDCHF,sell,0.07 / 0.07,market,,,2026.03.23 21:14:54,filled,,MM CLOSE 0323211,,,
2026.03.23 21:15:22,81945611,EURUSD,sell,0.05 / 0.05,market, 1.16831, 1.16018,2026.03.23 21:15:22,filled,,MM SELL 03232115,,,
2026.03.23 21:17:17,81945695,USDCHF,sell,0.01 / 0.01,market,,,2026.03.23 21:17:17,filled,,MM CLOSE 0323211,,,
2026.03.23 21:17:17,81945696,USDCHF,buy,0.09 / 0.09,market, 0.78163, 0.78713,2026.03.23 21:17:17,filled,,MM BUY 032321171,,,
2026.03.23 21:17:31,81945702,EURUSD,sell,0.14 / 0.14,market, 1.16799, 1.15986,2026.03.23 21:17:31,filled,,MM SELL 03232117,,,
2026.03.23 21:19:32,81945715,EURUSD,sell,0.21 / 0.21,market, 1.16806, 1.15993,2026.03.23 21:19:32,filled,,MM SELL 03232119,,,
2026.03.23 21:19:33,81945717,USDCHF,buy,0.43 / 0.43,market, 0.78174, 0.78724,2026.03.23 21:19:33,filled,,MM BUY 032321193,,,
2026.03.23 21:21:42,81945731,EURUSD,sell,0.21 / 0.21,market, 1.16802, 1.15989,2026.03.23 21:21:42,filled,,MM SELL 03232121,,,
2026.03.23 21:21:43,81945732,USDCHF,buy,0.59 / 0.59,market, 0.78171, 0.78721,2026.03.23 21:21:43,filled,,MM BUY 032321214,,,
2026.03.23 21:23:49,81945748,EURUSD,sell,0.21 / 0.21,market, 1.16803, 1.15990,2026.03.23 21:23:49,filled,,MM SELL 03232123,,,
2026.03.23 21:23:50,81945749,USDCHF,buy,0.74 / 0.74,market, 0.78166, 0.78716,2026.03.23 21:23:50,filled,,MM BUY 032321235,,,
2026.03.23 21:26:03,81945766,EURUSD,sell,0.21 / 0.21,market, 1.16796, 1.15983,2026.03.23 21:26:03,filled,,MM SELL 03232126,,,
2026.03.23 21:26:03,81945767,USDCHF,buy,0.67 / 0.67,market, 0.78176, 0.78726,2026.03.23 21:26:03,filled,,MM BUY 032321260,,,
2026.03.23 21:28:11,81945788,EURUSD,sell,0.09 / 0.09,market, 1.16765, 1.15952,2026.03.23 21:28:11,filled,,MM SELL 03232128,,,
2026.03.23 21:28:12,81945789,USDCHF,buy,0.02 / 0.02,market, 0.78194, 0.78744,2026.03.23 21:28:12,filled,,MM BUY 032321281,,,
2026.03.23 21:30:21,81945807,EURUSD,sell,0.01 / 0.01,market, 1.16753, 1.15940,2026.03.23 21:30:21,filled,,MM SELL 03232130,,,
2026.03.23 21:30:36,81945810,USDCHF,buy,0.01 / 0.01,market, 0.78214, 0.78764,2026.03.23 21:30:36,filled,,MM BUY 032321303,,,
2026.03.23 21:31:13,81945816,USDCHF,buy,1.48 / 1.48, 0.78615,,,2026.03.23 21:31:13,filled,,[sl 0.78615],,,
2026.03.23 21:41:53,81945905,USDCHF,sell,0.09 / 0.09,market,,,2026.03.23 21:41:53,filled,,MM CLOSE 0323214,,,
2026.03.23 21:44:36,81945918,USDCHF,sell,0.43 / 0.43,market,,,2026.03.23 21:44:36,filled,,MM CLOSE 0323214,,,
2026.03.23 21:50:54,81945954,USDCHF,sell,0.59 / 0.59,market,,,2026.03.23 21:50:54,filled,,MM CLOSE 0323215,,,
2026.03.23 21:55:12,81945969,USDCHF,sell,0.74 / 0.74,market,,,2026.03.23 21:55:12,filled,,MM CLOSE 0323215,,,
2026.03.23 21:55:26,81945972,EURUSD,sell,0.21 / 0.21,market, 1.16718, 1.15905,2026.03.23 21:55:26,filled,,MM SELL 03232155,,,
2026.03.23 21:55:55,81945976,USDCHF,sell,0.67 / 0.67,market,,,2026.03.23 21:55:55,filled,,MM CLOSE 0323215,,,
2026.03.23 21:57:19,81945990,USDCHF,sell,0.02 / 0.02,market,,,2026.03.23 21:57:19,filled,,MM CLOSE 0323215,,,
2026.03.23 21:57:32,81945991,EURUSD,sell,0.21 / 0.21,market, 1.16713, 1.15900,2026.03.23 21:57:32,filled,,MM SELL 03232157,,,
2026.03.23 21:59:41,81945999,EURUSD,sell,0.21 / 0.21,market, 1.16721, 1.15908,2026.03.23 21:59:41,filled,,MM SELL 03232159,,,
2026.03.23 22:00:09,81946021,USDCHF,sell,0.01 / 0.01,market,,,2026.03.23 22:00:09,filled,,MM CLOSE 0323220,,,
2026.03.23 22:00:23,81946024,EURUSD,sell,0.42 / 0.42, 1.16116,,,2026.03.23 22:00:23,filled,,[sl 1.16116],,,
2026.03.23 22:03:19,81946052,EURUSD,buy,0.06 / 0.06,market,,,2026.03.23 22:03:19,filled,,MM CLOSE 0323220,,,
2026.03.23 22:26:29,81946197,EURUSD,buy,0.05 / 0.05,market,,,2026.03.23 22:26:29,filled,,MM CLOSE 0323222,,,
2026.03.23 22:26:43,81946200,EURUSD,buy,0.14 / 0.14,market,,,2026.03.23 22:26:43,filled,,MM CLOSE 0323222,,,
2026.03.23 22:26:57,81946202,EURUSD,buy,0.21 / 0.21,market,,,2026.03.23 22:26:57,filled,,MM CLOSE 0323222,,,
2026.03.23 22:27:42,81946205,EURUSD,buy,0.21 / 0.21,market,,,2026.03.23 22:27:42,filled,,MM CLOSE 0323222,,,
2026.03.23 22:27:57,81946209,EURUSD,buy,0.21 / 0.21,market,,,2026.03.23 22:27:57,filled,,MM CLOSE 0323222,,,
2026.03.23 22:28:12,81946212,EURUSD,buy,0.21 / 0.21,market,,,2026.03.23 22:28:12,filled,,MM CLOSE 0323222,,,
2026.03.23 22:29:21,81946221,EURUSD,buy,0.09 / 0.09,market,,,2026.03.23 22:29:21,filled,,MM CLOSE 0323222,,,
2026.03.23 22:29:36,81946223,EURUSD,buy,0.01 / 0.01,market,,,2026.03.23 22:29:36,filled,,MM CLOSE 0323222,,,
2026.03.23 22:29:36,81946224,EURUSD,buy,0.92 / 0.92,market, 1.15939, 1.16310,2026.03.23 22:29:36,filled,,MM BUY 032322293,,,
2026.03.23 22:42:45,81946332,EURUSD,buy,0.21 / 0.21,market,,,2026.03.23 22:42:45,filled,,,,,
2026.03.23 22:42:46,81946333,EURUSD,buy,0.21 / 0.21,market,,,2026.03.23 22:42:46,filled,,,,,
2026.03.23 22:42:47,81946334,EURUSD,buy,0.21 / 0.21,market,,,2026.03.23 22:42:47,filled,,,,,
2026.03.23 22:42:48,81946335,EURUSD,sell,0.92 / 0.92,market,,,2026.03.23 22:42:48,filled,,,,,
Deals,,,,,,,,,,,,,,
Time,Deal,Symbol,Type,Direction,Volume,Price,Order,Commission,Fee,Swap,Profit,Balance,Comment,
2026.03.12 21:05:14,19549844,,balance,,,,,0.00,0.00,0.00,10 000.00,10 000.00,Automatic deposit,
2026.03.12 21:07:38,19549871,EURUSD,sell,in,2.21, 1.15148,81860421,0.00,0.00,0.00,0.00,10 000.00,MM SELL 03122107,
2026.03.12 21:07:40,19549872,GBPUSD,sell,in,0.28, 1.33430,81860422,0.00,0.00,0.00,0.00,10 000.00,MM SELL 03122107,
2026.03.12 21:10:06,19549882,USDCHF,buy,in,0.05, 0.78565,81860432,0.00,0.00,0.00,0.00,10 000.00,MM BUY 031221100,
2026.03.12 21:10:06,19549883,USDCHF,sell,in,0.01, 0.78553,81860433,0.00,0.00,0.00,0.00,10 000.00,MM SELL 03122110,
2026.03.12 21:13:28,19549925,USDCHF,sell,in,0.02, 0.78567,81860475,0.00,0.00,0.00,0.00,10 000.00,MM SELL 03122113,
2026.03.12 21:16:17,19549935,USDCHF,sell,in,0.02, 0.78563,81860486,0.00,0.00,0.00,0.00,10 000.00,MM SELL 03122116,
2026.03.12 21:18:59,19549964,USDCHF,sell,in,0.02, 0.78555,81860517,0.00,0.00,0.00,0.00,10 000.00,MM SELL 03122118,
2026.03.12 21:22:05,19549980,USDCHF,sell,in,0.02, 0.78560,81860534,0.00,0.00,0.00,0.00,10 000.00,MM SELL 03122122,
2026.03.12 21:25:16,19549991,USDCHF,sell,in,0.02, 0.78560,81860544,0.00,0.00,0.00,0.00,10 000.00,MM SELL 03122125,
2026.03.12 21:28:02,19549997,USDCHF,sell,in,0.02, 0.78574,81860549,0.00,0.00,0.00,0.00,10 000.00,MM SELL 03122128,
2026.03.12 22:08:05,19550227,USDCHF,sell,in,0.01, 0.78592,81860782,0.00,0.00,0.00,0.00,10 000.00,MM SELL 03122208,
2026.03.12 22:28:17,19550366,USDCHF,sell,in,0.01, 0.78615,81860927,0.00,0.00,0.00,0.00,10 000.00,MM SELL 03122228,
2026.03.13 00:37:41,19550730,EURUSD,buy,out,2.21, 1.15194,81861292,0.00,0.00, 8.13,- 101.66,9 906.47,MM CLOSE 0313003,
2026.03.13 00:37:43,19550731,USDCHF,sell,in,0.02, 0.78577,81861293,0.00,0.00,0.00,0.00,9 906.47,MM SELL 03130037,
2026.03.13 00:37:43,19550732,GBPUSD,buy,out,0.28, 1.33490,81861294,0.00,0.00,- 0.74,- 16.80,9 888.93,MM CLOSE 0313003,
2026.03.13 00:39:43,19550736,USDCHF,sell,in,0.02, 0.78572,81861300,0.00,0.00,0.00,0.00,9 888.93,MM SELL 03130039,
2026.03.13 00:40:07,19550738,USDCHF,sell,out,0.05, 0.78569,81861302,0.00,0.00, 0.39, 0.25,9 889.57,MM CLOSE 0313004,
2026.03.13 00:40:12,19550739,USDCHF,buy,out,0.01, 0.78587,81861303,0.00,0.00,- 0.16,- 0.43,9 888.98,MM CLOSE 0313004,
2026.03.13 00:43:32,19550748,USDCHF,buy,out,0.02, 0.78570,81861312,0.00,0.00,- 0.32,- 0.08,9 888.58,MM CLOSE 0313004,
2026.03.13 00:43:38,19550749,GBPUSD,buy,in,1.78, 1.33517,81861313,0.00,0.00,0.00,0.00,9 888.58,MM BUY 031300433,
2026.03.13 00:43:38,19550750,GBPUSD,sell,in,0.27, 1.33503,81861314,0.00,0.00,0.00,0.00,9 888.58,MM SELL 03130043,
2026.03.13 00:45:43,19550755,GBPUSD,sell,in,0.49, 1.33492,81861319,0.00,0.00,0.00,0.00,9 888.58,MM SELL 03130045,
2026.03.13 00:46:20,19550757,USDCHF,buy,out,0.02, 0.78580,81861321,0.00,0.00,- 0.32,- 0.43,9 887.83,MM CLOSE 0313004,
2026.03.13 00:47:47,19550761,GBPUSD,sell,in,0.89, 1.33501,81861325,0.00,0.00,0.00,0.00,9 887.83,MM SELL 03130047,
2026.03.13 00:49:03,19550762,USDCHF,buy,out,0.02, 0.78577,81861326,0.00,0.00,- 0.32,- 0.56,9 886.95,MM CLOSE 0313004,
2026.03.13 00:49:47,19550765,GBPUSD,sell,in,0.89, 1.33482,81861329,0.00,0.00,0.00,0.00,9 886.95,MM SELL 03130049,
2026.03.13 00:51:47,19550767,GBPUSD,sell,in,0.89, 1.33485,81861331,0.00,0.00,0.00,0.00,9 886.95,MM SELL 03130051,
2026.03.13 00:52:05,19550768,USDCHF,buy,out,0.02, 0.78575,81861332,0.00,0.00,- 0.32,- 0.38,9 886.25,MM CLOSE 0313005,
2026.03.13 00:54:06,19550769,GBPUSD,sell,in,0.4, 1.33491,81861333,0.00,0.00,0.00,0.00,9 886.25,MM SELL 03130054,
2026.03.13 00:55:21,19550773,USDCHF,buy,out,0.02, 0.78583,81861337,0.00,0.00,- 0.32,- 0.59,9 885.34,MM CLOSE 0313005,
2026.03.13 00:56:10,19550777,GBPUSD,sell,in,0.07, 1.33491,81861341,0.00,0.00,0.00,0.00,9 885.34,MM SELL 03130056,
2026.03.13 00:58:04,19550779,USDCHF,buy,out,0.02, 0.78583,81861343,0.00,0.00,- 0.32,- 0.23,9 884.79,MM CLOSE 0313005,
2026.03.13 00:58:15,19550780,GBPUSD,sell,in,0.03, 1.33491,81861344,0.00,0.00,0.00,0.00,9 884.79,MM SELL 03130058,
2026.03.13 01:01:54,19550794,GBPUSD,sell,in,0.01, 1.33476,81861359,0.00,0.00,0.00,0.00,9 884.79,MM SELL 03130101,
2026.03.13 01:18:54,19550817,GBPUSD,sell,in,0.01, 1.33463,81861383,0.00,0.00,0.00,0.00,9 884.79,MM SELL 03130118,
2026.03.13 01:38:07,19550836,USDCHF,buy,out,0.01, 0.78573,81861403,0.00,0.00,- 0.16, 0.24,9 884.87,MM CLOSE 0313013,
2026.03.13 03:53:07,19551142,USDCHF,buy,out,0.01, 0.78589,81861707,0.00,0.00,- 0.16, 0.33,9 885.04,MM CLOSE 0313035,
2026.03.13 04:07:47,19551159,USDCHF,buy,out,0.02, 0.78560,81861723,0.00,0.00,0.00, 0.43,9 885.47,MM CLOSE 0313040,
2026.03.13 04:09:44,19551160,USDCHF,buy,out,0.02, 0.78561,81861724,0.00,0.00,0.00, 0.28,9 885.75,MM CLOSE 0313040,
2026.03.13 04:13:40,19551168,GBPUSD,sell,out,1.78, 1.33568,81861735,0.00,0.00,0.00, 90.78,9 976.53,MM CLOSE 0313041,
2026.03.13 04:13:45,19551169,GBPUSD,buy,out,0.27, 1.33581,81861736,0.00,0.00,0.00,- 21.06,9 955.47,MM CLOSE 0313041,
2026.03.13 04:15:44,19551173,GBPUSD,buy,out,0.49, 1.33582,81861740,0.00,0.00,0.00,- 44.10,9 911.37,MM CLOSE 0313041,
2026.03.13 04:17:49,19551175,GBPUSD,buy,out,0.89, 1.33565,81861742,0.00,0.00,0.00,- 56.96,9 854.41,MM CLOSE 0313041,
2026.03.13 04:19:50,19551179,GBPUSD,buy,out,0.89, 1.33562,81861746,0.00,0.00,0.00,- 71.20,9 783.21,MM CLOSE 0313041,
2026.03.13 04:19:54,19551180,EURUSD,buy,in,0.75, 1.15177,81861747,0.00,0.00,0.00,0.00,9 783.21,MM BUY 031304195,
2026.03.13 04:19:54,19551181,EURUSD,sell,in,0.11, 1.15169,81861748,0.00,0.00,0.00,0.00,9 783.21,MM SELL 03130419,
2026.03.13 04:19:54,19551182,USDCHF,sell,in,0.24, 0.78583,81861749,0.00,0.00,0.00,0.00,9 783.21,MM SELL 03130419,
2026.03.13 04:21:50,19551184,GBPUSD,buy,out,0.89, 1.33563,81861751,0.00,0.00,0.00,- 69.42,9 713.79,MM CLOSE 0313042,
2026.03.13 04:21:55,19551185,EURUSD,sell,in,0.37, 1.15169,81861752,0.00,0.00,0.00,0.00,9 713.79,MM SELL 03130421,
2026.03.13 04:23:56,19551188,EURUSD,sell,in,0.37, 1.15170,81861755,0.00,0.00,0.00,0.00,9 713.79,MM SELL 03130423,
2026.03.13 04:24:06,19551190,GBPUSD,buy,out,0.4, 1.33562,81861757,0.00,0.00,0.00,- 28.40,9 685.39,MM CLOSE 0313042,
2026.03.13 04:25:56,19551194,EURUSD,sell,in,0.37, 1.15171,81861761,0.00,0.00,0.00,0.00,9 685.39,MM SELL 03130425,
2026.03.13 04:26:10,19551195,GBPUSD,buy,out,0.07, 1.33572,81861762,0.00,0.00,0.00,- 5.67,9 679.72,MM CLOSE 0313042,
2026.03.13 04:27:57,19551199,EURUSD,sell,in,0.37, 1.15163,81861766,0.00,0.00,0.00,0.00,9 679.72,MM SELL 03130427,
2026.03.13 04:28:16,19551200,GBPUSD,buy,out,0.03, 1.33559,81861767,0.00,0.00,0.00,- 2.04,9 677.68,MM CLOSE 0313042,
2026.03.13 04:29:59,19551201,EURUSD,sell,in,0.37, 1.15165,81861768,0.00,0.00,0.00,0.00,9 677.68,MM SELL 03130429,
2026.03.13 04:31:55,19551202,GBPUSD,buy,out,0.01, 1.33578,81861769,0.00,0.00,0.00,- 1.02,9 676.66,MM CLOSE 0313043,
2026.03.13 04:31:59,19551203,EURUSD,sell,in,0.37, 1.15181,81861770,0.00,0.00,0.00,0.00,9 676.66,MM SELL 03130431,
2026.03.13 04:34:01,19551204,EURUSD,sell,in,0.37, 1.15175,81861771,0.00,0.00,0.00,0.00,9 676.66,MM SELL 03130434,
2026.03.13 04:36:01,19551205,EURUSD,sell,in,0.29, 1.15175,81861772,0.00,0.00,0.00,0.00,9 676.66,MM SELL 03130436,
2026.03.13 04:38:08,19551209,EURUSD,sell,in,0.05, 1.15150,81861776,0.00,0.00,0.00,0.00,9 676.66,MM SELL 03130438,
2026.03.13 04:40:09,19551213,EURUSD,sell,in,0.01, 1.15137,81861780,0.00,0.00,0.00,0.00,9 676.66,MM SELL 03130440,
2026.03.13 04:42:12,19551220,EURUSD,sell,in,0.01, 1.15131,81861788,0.00,0.00,0.00,0.00,9 676.66,MM SELL 03130442,
2026.03.13 04:46:16,19551232,EURUSD,sell,in,0.01, 1.15115,81861800,0.00,0.00,0.00,0.00,9 676.66,MM SELL 03130446,
2026.03.13 04:48:56,19551235,GBPUSD,buy,out,0.01, 1.33494,81861803,0.00,0.00,0.00,- 0.31,9 676.35,MM CLOSE 0313044,
2026.03.13 04:49:00,19551236,EURUSD,sell,in,0.01, 1.15114,81861804,0.00,0.00,0.00,0.00,9 676.35,MM SELL 03130449,
2026.03.13 05:14:25,19551292,EURUSD,sell,in,0.01, 1.15102,81861865,0.00,0.00,0.00,0.00,9 676.35,MM SELL 03130514,
2026.03.13 05:19:32,19551324,EURUSD,sell,in,0.01, 1.15086,81861896,0.00,0.00,0.00,0.00,9 676.35,MM SELL 03130519,
2026.03.13 05:30:28,19551348,EURUSD,sell,in,0.01, 1.15066,81861920,0.00,0.00,0.00,0.00,9 676.35,MM SELL 03130530,
2026.03.13 05:32:29,19551366,EURUSD,sell,in,0.01, 1.15048,81861939,0.00,0.00,0.00,0.00,9 676.35,MM SELL 03130532,
2026.03.13 06:30:28,19551566,USDCHF,buy,out,0.24, 0.78701,81862146,0.00,0.00,0.00,- 35.98,9 640.37,[sl 0.78701],
2026.03.13 06:30:31,19551567,EURUSD,sell,in,0.18, 1.15037,81862147,0.00,0.00,0.00,0.00,9 640.37,MM SELL 03130630,
2026.03.13 06:32:32,19551586,EURUSD,sell,in,0.03, 1.15027,81862166,0.00,0.00,0.00,0.00,9 640.37,MM SELL 03130632,
2026.03.13 06:34:34,19551592,EURUSD,sell,in,0.01, 1.15023,81862172,0.00,0.00,0.00,0.00,9 640.37,MM SELL 03130634,
2026.03.13 06:36:36,19551622,EURUSD,sell,in,0.01, 1.15009,81862201,0.00,0.00,0.00,0.00,9 640.37,MM SELL 03130636,
2026.03.13 06:36:39,19551625,EURUSD,sell,out,0.75, 1.15001,81862204,0.00,0.00,0.00,- 132.00,9 508.37,[sl 1.15004],
2026.03.13 08:34:07,19552407,EURUSD,buy,out,0.37, 1.14950,81863012,0.00,0.00,0.00, 85.47,9 593.84,[tp 1.14951],
2026.03.13 08:34:14,19552410,EURUSD,buy,out,0.37, 1.14944,81863015,0.00,0.00,0.00, 85.47,9 679.31,[tp 1.14945],
2026.03.13 08:34:14,19552411,EURUSD,buy,out,0.29, 1.14944,81863016,0.00,0.00,0.00, 66.99,9 746.30,[tp 1.14945],
2026.03.13 08:34:21,19552416,EURUSD,buy,out,0.37, 1.14940,81863021,0.00,0.00,0.00, 85.10,9 831.40,[tp 1.14940],
2026.03.13 08:34:21,19552417,EURUSD,buy,out,0.37, 1.14940,81863022,0.00,0.00,0.00, 85.47,9 916.87,[tp 1.14941],
2026.03.13 08:34:27,19552418,EURUSD,buy,out,0.11, 1.14939,81863023,0.00,0.00,0.00, 25.30,9 942.17,[tp 1.14939],
2026.03.13 08:34:27,19552419,EURUSD,buy,out,0.37, 1.14939,81863024,0.00,0.00,0.00, 85.10,10 027.27,[tp 1.14939],
2026.03.13 08:34:35,19552420,EURUSD,buy,out,0.37, 1.14935,81863025,0.00,0.00,0.00, 85.10,10 112.37,[tp 1.14935],
2026.03.13 08:35:27,19552428,EURUSD,buy,out,0.37, 1.14933,81863034,0.00,0.00,0.00, 85.10,10 197.47,[tp 1.14933],
2026.03.13 08:36:52,19552455,EURUSD,buy,out,0.05, 1.14919,81863058,0.00,0.00,0.00, 11.55,10 209.02,[tp 1.14920],
2026.03.13 08:49:28,19552549,EURUSD,buy,out,0.01, 1.14904,81863152,0.00,0.00,0.00, 2.33,10 211.35,[tp 1.14907],
2026.03.13 08:49:31,19552552,EURUSD,buy,out,0.01, 1.14901,81863155,0.00,0.00,0.00, 2.30,10 213.65,[tp 1.14901],
2026.03.13 08:56:13,19552610,EURUSD,buy,out,0.01, 1.14885,81863211,0.00,0.00,0.00, 2.30,10 215.95,[tp 1.14885],
2026.03.13 08:56:14,19552611,GBPUSD,sell,in,1.76, 1.33172,81863212,0.00,0.00,0.00,0.00,10 215.95,MM SELL 03130856,
2026.03.13 08:56:22,19552612,EURUSD,buy,out,0.01, 1.14884,81863213,0.00,0.00,0.00, 2.30,10 218.25,[tp 1.14884],
2026.03.13 08:56:32,19552613,USDCHF,buy,in,0.35, 0.78770,81863214,0.00,0.00,0.00,0.00,10 218.25,MM BUY 031308563,
2026.03.13 08:56:32,19552614,USDCHF,sell,in,0.05, 0.78759,81863215,0.00,0.00,0.00,0.00,10 218.25,MM SELL 03130856,
2026.03.13 08:58:22,19552628,EURUSD,buy,out,0.01, 1.14871,81863229,0.00,0.00,0.00, 2.31,10 220.56,[tp 1.14872],
2026.03.13 08:58:28,19552635,EURUSD,buy,out,0.01, 1.14854,81863236,0.00,0.00,0.00, 2.32,10 222.88,[tp 1.14856],
2026.03.13 08:58:35,19552638,USDCHF,sell,in,0.12, 0.78762,81863239,0.00,0.00,0.00,0.00,10 222.88,MM SELL 03130858,
2026.03.13 08:59:17,19552647,EURUSD,buy,out,0.01, 1.14835,81863249,0.00,0.00,0.00, 2.31,10 225.19,[tp 1.14836],
2026.03.13 09:00:03,19552664,EURUSD,buy,out,0.01, 1.14812,81863266,0.00,0.00,0.00, 2.36,10 227.55,[tp 1.14818],
2026.03.13 09:00:03,19552666,EURUSD,buy,out,0.18, 1.14806,81863267,0.00,0.00,0.00, 41.58,10 269.13,[tp 1.14807],
2026.03.13 09:00:28,19552679,EURUSD,buy,out,0.03, 1.14797,81863279,0.00,0.00,0.00, 6.90,10 276.03,[tp 1.14797],
2026.03.13 09:00:38,19552685,USDCHF,sell,in,0.17, 0.78784,81863284,0.00,0.00,0.00,0.00,10 276.03,MM SELL 03130900,
2026.03.13 09:00:48,19552689,EURUSD,buy,out,0.01, 1.14792,81863287,0.00,0.00,0.00, 2.31,10 278.34,[tp 1.14793],
2026.03.13 09:02:42,19552774,USDCHF,sell,in,0.17, 0.78761,81863371,0.00,0.00,0.00,0.00,10 278.34,MM SELL 03130902,
2026.03.13 09:04:44,19552809,USDCHF,sell,in,0.17, 0.78788,81863406,0.00,0.00,0.00,0.00,10 278.34,MM SELL 03130904,
2026.03.13 09:06:17,19552840,EURUSD,buy,out,0.01, 1.14777,81863437,0.00,0.00,0.00, 2.32,10 280.66,[tp 1.14779],
2026.03.13 09:06:18,19552843,GBPUSD,buy,out,1.76, 1.32945,81863444,0.00,0.00,0.00, 399.52,10 680.18,[tp 1.32946],
2026.03.13 09:06:21,19552853,EURUSD,sell,in,2.12, 1.14760,81863449,0.00,0.00,0.00,0.00,10 680.18,MM SELL 03130906,
2026.03.13 09:06:22,19552854,GBPUSD,sell,in,0.27, 1.32950,81863450,0.00,0.00,0.00,0.00,10 680.18,MM SELL 03130906,
2026.03.13 09:06:45,19552868,USDCHF,sell,in,0.06, 0.78813,81863464,0.00,0.00,0.00,0.00,10 680.18,MM SELL 03130906,
2026.03.13 09:10:42,19552911,USDCHF,sell,in,0.01, 0.78815,81863508,0.00,0.00,0.00,0.00,10 680.18,MM SELL 03130910,
2026.03.13 09:13:54,19552928,USDCHF,sell,in,0.01, 0.78796,81863523,0.00,0.00,0.00,0.00,10 680.18,MM SELL 03130913,
2026.03.13 09:16:42,19552976,USDCHF,sell,in,0.01, 0.78809,81863568,0.00,0.00,0.00,0.00,10 680.18,MM SELL 03130916,
2026.03.13 09:19:06,19553007,USDCHF,sell,in,0.01, 0.78814,81863601,0.00,0.00,0.00,0.00,10 680.18,MM SELL 03130919,
2026.03.13 09:21:27,19553031,USDCHF,sell,in,0.01, 0.78815,81863629,0.00,0.00,0.00,0.00,10 680.18,MM SELL 03130921,
2026.03.13 09:23:30,19553066,USDCHF,sell,in,0.01, 0.78813,81863664,0.00,0.00,0.00,0.00,10 680.18,MM SELL 03130923,
2026.03.13 09:25:48,19553080,USDCHF,sell,in,0.01, 0.78813,81863678,0.00,0.00,0.00,0.00,10 680.18,MM SELL 03130925,
2026.03.13 09:36:46,19553168,EURUSD,buy,out,2.12, 1.14744,81863767,0.00,0.00,0.00, 33.92,10 714.10,,
2026.03.13 09:36:46,19553169,USDCHF,sell,in,0.17, 0.78764,81863768,0.00,0.00,0.00,0.00,10 714.10,MM SELL 03130936,
2026.03.13 09:38:48,19553187,USDCHF,sell,in,0.17, 0.78782,81863787,0.00,0.00,0.00,0.00,10 714.10,MM SELL 03130938,
2026.03.13 09:40:52,19553200,USDCHF,sell,in,0.17, 0.78783,81863800,0.00,0.00,0.00,0.00,10 714.10,MM SELL 03130940,
2026.03.13 09:42:56,19553214,USDCHF,sell,in,0.17, 0.78786,81863814,0.00,0.00,0.00,0.00,10 714.10,MM SELL 03130942,
2026.03.13 09:44:59,19553236,USDCHF,sell,in,0.17, 0.78803,81863836,0.00,0.00,0.00,0.00,10 714.10,MM SELL 03130944,
2026.03.13 09:47:01,19553248,USDCHF,sell,in,0.17, 0.78808,81863848,0.00,0.00,0.00,0.00,10 714.10,MM SELL 03130947,
2026.03.13 09:49:05,19553292,USDCHF,sell,in,0.17, 0.78839,81863892,0.00,0.00,0.00,0.00,10 714.10,MM SELL 03130949,
2026.03.13 09:51:09,19553313,USDCHF,sell,in,0.17, 0.78818,81863912,0.00,0.00,0.00,0.00,10 714.10,MM SELL 03130951,
2026.03.13 09:53:13,19553328,USDCHF,sell,in,0.17, 0.78830,81863927,0.00,0.00,0.00,0.00,10 714.10,MM SELL 03130953,
2026.03.13 09:55:18,19553363,USDCHF,sell,in,0.17, 0.78853,81863964,0.00,0.00,0.00,0.00,10 714.10,MM SELL 03130955,
2026.03.13 09:57:21,19553392,USDCHF,sell,in,0.17, 0.78881,81863993,0.00,0.00,0.00,0.00,10 714.10,MM SELL 03130957,
2026.03.13 09:59:23,19553407,USDCHF,sell,in,0.17, 0.78860,81864008,0.00,0.00,0.00,0.00,10 714.10,MM SELL 03130959,
2026.03.13 10:01:26,19553440,USDCHF,sell,in,0.17, 0.78881,81864041,0.00,0.00,0.00,0.00,10 714.10,MM SELL 03131001,
2026.03.13 10:02:58,19553480,GBPUSD,buy,out,0.27, 1.32723,81864081,0.00,0.00,0.00, 61.29,10 775.39,[tp 1.32724],
2026.03.13 10:03:31,19553494,USDCHF,sell,in,0.17, 0.78859,81864094,0.00,0.00,0.00,0.00,10 775.39,MM SELL 03131003,
2026.03.13 10:05:38,19553545,USDCHF,sell,in,0.17, 0.78897,81864145,0.00,0.00,0.00,0.00,10 775.39,MM SELL 03131005,
2026.03.13 10:06:40,19553571,USDCHF,sell,out,0.35, 0.78904,81864171,0.00,0.00,0.00, 59.44,10 834.83,[tp 0.78904],
2026.03.13 10:06:54,19553573,USDCHF,buy,out,0.05, 0.78913,81864173,0.00,0.00,0.00,- 9.76,10 825.07,MM CLOSE 0313100,
2026.03.13 10:07:08,19553577,USDCHF,buy,out,0.12, 0.78907,81864177,0.00,0.00,0.00,- 22.05,10 803.02,MM CLOSE 0313100,
2026.03.13 10:07:22,19553579,USDCHF,buy,out,0.17, 0.78902,81864179,0.00,0.00,0.00,- 25.42,10 777.60,MM CLOSE 0313100,
2026.03.13 10:07:36,19553582,USDCHF,buy,out,0.17, 0.78902,81864182,0.00,0.00,0.00,- 30.38,10 747.22,MM CLOSE 0313100,
2026.03.13 10:07:52,19553588,USDCHF,buy,out,0.17, 0.78898,81864188,0.00,0.00,0.00,- 23.70,10 723.52,MM CLOSE 0313100,
2026.03.13 10:08:05,19553590,USDCHF,buy,out,0.06, 0.78901,81864189,0.00,0.00,0.00,- 6.69,10 716.83,MM CLOSE 0313100,
2026.03.13 10:08:20,19553591,USDCHF,buy,out,0.01, 0.78901,81864190,0.00,0.00,0.00,- 1.09,10 715.74,MM CLOSE 0313100,
2026.03.13 10:08:34,19553593,USDCHF,buy,out,0.01, 0.78905,81864192,0.00,0.00,0.00,- 1.38,10 714.36,MM CLOSE 0313100,
2026.03.13 10:08:49,19553596,USDCHF,buy,out,0.01, 0.78901,81864195,0.00,0.00,0.00,- 1.17,10 713.19,MM CLOSE 0313100,
2026.03.13 10:09:03,19553598,USDCHF,buy,out,0.01, 0.78902,81864197,0.00,0.00,0.00,- 1.12,10 712.07,MM CLOSE 0313100,
2026.03.13 10:09:17,19553607,USDCHF,buy,out,0.01, 0.78914,81864206,0.00,0.00,0.00,- 1.25,10 710.82,MM CLOSE 0313100,
2026.03.13 10:09:41,19553613,USDCHF,buy,out,0.01, 0.78912,81864212,0.00,0.00,0.00,- 1.25,10 709.57,MM CLOSE 0313100,
2026.03.13 10:09:56,19553617,USDCHF,buy,out,0.01, 0.78913,81864216,0.00,0.00,0.00,- 1.27,10 708.30,MM CLOSE 0313100,
2026.03.13 10:10:10,19553622,USDCHF,buy,out,0.17, 0.78913,81864221,0.00,0.00,0.00,- 32.10,10 676.20,MM CLOSE 0313101,
2026.03.13 10:10:24,19553630,USDCHF,buy,out,0.17, 0.78913,81864228,0.00,0.00,0.00,- 28.22,10 647.98,MM CLOSE 0313101,
2026.03.13 10:10:40,19553633,USDCHF,buy,out,0.17, 0.78915,81864231,0.00,0.00,0.00,- 28.44,10 619.54,MM CLOSE 0313101,
2026.03.13 10:10:54,19553636,USDCHF,buy,out,0.17, 0.78912,81864234,0.00,0.00,0.00,- 27.14,10 592.40,MM CLOSE 0313101,
2026.03.13 10:11:08,19553644,USDCHF,buy,out,0.17, 0.78909,81864242,0.00,0.00,0.00,- 22.84,10 569.56,MM CLOSE 0313101,
2026.03.13 10:11:22,19553651,USDCHF,buy,out,0.17, 0.78917,81864248,0.00,0.00,0.00,- 23.48,10 546.08,MM CLOSE 0313101,
2026.03.13 10:11:22,19553652,USDCHF,buy,in,1.36, 0.78917,81864249,0.00,0.00,0.00,0.00,10 546.08,MM BUY 031310112,
2026.03.13 11:03:10,19554145,USDCHF,sell,out,1.36, 0.78799,81864753,0.00,0.00,0.00,- 203.66,10 342.42,[sl 0.78799],
2026.03.13 11:03:10,19554146,EURUSD,sell,in,1.18, 1.14526,81864754,0.00,0.00,0.00,0.00,10 342.42,MM SELL 03131103,
2026.03.13 11:05:29,19554180,USDCHF,buy,out,0.17, 0.78796,81864789,0.00,0.00,0.00, 9.28,10 351.70,MM CLOSE 0313110,
2026.03.13 11:05:29,19554181,USDCHF,buy,in,0.35, 0.78796,81864790,0.00,0.00,0.00,0.00,10 351.70,MM BUY 031311052,
2026.03.13 11:30:12,19554356,USDCHF,buy,out,0.17, 0.78737,81864968,0.00,0.00,0.00, 34.55,10 386.25,[tp 0.78738],
2026.03.13 11:30:17,19554359,GBPUSD,sell,in,0.6, 1.32793,81864971,0.00,0.00,0.00,0.00,10 386.25,MM SELL 03131130,
2026.03.13 12:26:51,19554749,GBPUSD,buy,out,0.6, 1.32566,81865370,0.00,0.00,0.00, 136.20,10 522.45,[tp 1.32567],
2026.03.13 12:26:53,19554751,GBPUSD,sell,in,0.61, 1.32553,81865372,0.00,0.00,0.00,0.00,10 522.45,MM SELL 03131226,
2026.03.13 12:50:44,19554954,EURUSD,buy,out,1.18, 1.14700,81865576,0.00,0.00,0.00,- 205.32,10 317.13,[sl 1.14699],
2026.03.13 12:50:49,19554957,EURUSD,sell,in,1.07, 1.14699,81865579,0.00,0.00,0.00,0.00,10 317.13,MM SELL 03131250,
2026.03.13 12:50:57,19554958,GBPUSD,buy,out,0.61, 1.32752,81865580,0.00,0.00,0.00,- 121.39,10 195.74,[sl 1.32752],
2026.03.13 12:51:00,19554961,GBPUSD,sell,in,0.65, 1.32738,81865583,0.00,0.00,0.00,0.00,10 195.74,MM SELL 03131251,
2026.03.13 13:10:51,19555117,GBPUSD,buy,out,0.65, 1.32510,81865742,0.00,0.00,0.00, 148.20,10 343.94,[tp 1.32512],
2026.03.13 13:10:53,19555118,GBPUSD,sell,in,0.7, 1.32500,81865743,0.00,0.00,0.00,0.00,10 343.94,MM SELL 03131310,
2026.03.13 13:38:50,19555232,USDCHF,buy,out,0.17, 0.78791,81865868,0.00,0.00,0.00, 5.83,10 349.77,MM CLOSE 0313133,
2026.03.13 13:46:01,19555253,USDCHF,buy,out,0.17, 0.78719,81865889,0.00,0.00,0.00, 34.99,10 384.76,[tp 0.78723],
2026.03.13 13:46:01,19555254,USDCHF,buy,out,0.17, 0.78719,81865890,0.00,0.00,0.00, 34.99,10 419.75,[tp 0.78723],
2026.03.13 13:51:37,19555276,USDCHF,buy,out,0.17, 0.78702,81865913,0.00,0.00,0.00, 34.13,10 453.88,[tp 0.78702],
2026.03.13 13:51:37,19555277,USDCHF,buy,out,0.17, 0.78700,81865914,0.00,0.00,0.00, 34.35,10 488.23,[tp 0.78701],
2026.03.13 14:28:30,19555489,GBPUSD,buy,out,0.7, 1.32699,81866133,0.00,0.00,0.00,- 139.30,10 348.93,[sl 1.32699],
2026.03.13 14:28:35,19555490,GBPUSD,sell,in,1.19, 1.32692,81866134,0.00,0.00,0.00,0.00,10 348.93,MM SELL 03131428,
2026.03.13 14:29:49,19555497,USDCHF,buy,out,0.17, 0.78738,81866140,0.00,0.00,0.00, 24.83,10 373.76,,
2026.03.13 14:29:50,19555498,USDCHF,buy,out,0.17, 0.78738,81866141,0.00,0.00,0.00, 19.86,10 393.62,,
2026.03.13 14:29:54,19555499,GBPUSD,buy,out,1.19, 1.32649,81866142,0.00,0.00,0.00, 51.17,10 444.79,,
2026.03.13 14:29:55,19555500,USDCHF,sell,in,0.17, 0.78722,81866143,0.00,0.00,0.00,0.00,10 444.79,MM SELL 03131429,
2026.03.13 14:29:55,19555501,GBPUSD,sell,in,1.1, 1.32621,81866144,0.00,0.00,0.00,0.00,10 444.79,MM SELL 03131429,
2026.03.13 14:31:12,19555523,USDCHF,buy,out,0.17, 0.78726,81866167,0.00,0.00,0.00,- 0.86,10 443.93,,
2026.03.13 14:37:02,19555579,USDCHF,sell,out,0.35, 0.78678,81866224,0.00,0.00,0.00,- 52.49,10 391.44,[sl 0.78678],
2026.03.13 14:45:56,19555751,GBPUSD,buy,out,1.1, 1.32821,81866366,0.00,0.00,0.00,- 220.00,10 171.44,[sl 1.32820],
2026.03.13 14:45:58,19555755,EURUSD,buy,out,1.07, 1.14871,81866370,0.00,0.00,0.00,- 184.04,9 987.40,[sl 1.14871],
2026.03.13 15:05:17,19555948,USDCHF,sell,in,2.54, 0.78719,81866571,0.00,0.00,0.00,0.00,9 987.40,MM SELL 03131505,
2026.03.13 15:05:18,19555949,GBPUSD,sell,in,0.28, 1.32674,81866572,0.00,0.00,0.00,0.00,9 987.40,MM SELL 03131505,
2026.03.13 15:05:26,19555950,EURUSD,buy,in,0.05, 1.14758,81866573,0.00,0.00,0.00,0.00,9 987.40,MM BUY 031315052,
2026.03.13 15:05:27,19555951,EURUSD,sell,in,0.01, 1.14752,81866574,0.00,0.00,0.00,0.00,9 987.40,MM SELL 03131505,
2026.03.13 15:07:29,19555967,EURUSD,sell,in,0.02, 1.14756,81866590,0.00,0.00,0.00,0.00,9 987.40,MM SELL 03131507,
2026.03.13 15:09:33,19555999,EURUSD,sell,in,0.02, 1.14757,81866622,0.00,0.00,0.00,0.00,9 987.40,MM SELL 03131509,
2026.03.13 15:11:38,19556018,EURUSD,sell,in,0.02, 1.14763,81866643,0.00,0.00,0.00,0.00,9 987.40,MM SELL 03131511,
2026.03.13 15:13:40,19556031,EURUSD,sell,in,0.02, 1.14832,81866658,0.00,0.00,0.00,0.00,9 987.40,MM SELL 03131513,
2026.03.13 15:15:44,19556053,EURUSD,sell,in,0.02, 1.14786,81866679,0.00,0.00,0.00,0.00,9 987.40,MM SELL 03131515,
2026.03.13 15:22:25,19556095,EURUSD,sell,in,0.01, 1.14770,81866723,0.00,0.00,0.00,0.00,9 987.40,MM SELL 03131522,
2026.03.13 15:27:09,19556113,EURUSD,sell,in,0.01, 1.14774,81866743,0.00,0.00,0.00,0.00,9 987.40,MM SELL 03131527,
2026.03.13 15:30:25,19556141,EURUSD,sell,in,0.02, 1.14821,81866772,0.00,0.00,0.00,0.00,9 987.40,MM SELL 03131530,
2026.03.13 15:35:58,19556222,EURUSD,sell,in,0.01, 1.14796,81866859,0.00,0.00,0.00,0.00,9 987.40,MM SELL 03131535,
2026.03.13 15:38:58,19556267,EURUSD,sell,in,0.01, 1.14858,81866903,0.00,0.00,0.00,0.00,9 987.40,MM SELL 03131538,
2026.03.13 15:44:42,19556344,EURUSD,sell,in,0.01, 1.14865,81866980,0.00,0.00,0.00,0.00,9 987.40,MM SELL 03131544,
2026.03.13 15:48:28,19556404,GBPUSD,buy,out,0.28, 1.32873,81867040,0.00,0.00,0.00,- 55.72,9 931.68,[sl 1.32873],
2026.03.13 15:48:34,19556405,EURUSD,sell,in,0.02, 1.14890,81867041,0.00,0.00,0.00,0.00,9 931.68,MM SELL 03131548,
2026.03.13 15:50:52,19556439,EURUSD,sell,in,0.02, 1.14829,81867076,0.00,0.00,0.00,0.00,9 931.68,MM SELL 03131550,
2026.03.13 15:53:20,19556475,EURUSD,sell,in,0.02, 1.14816,81867111,0.00,0.00,0.00,0.00,9 931.68,MM SELL 03131553,
2026.03.13 15:55:37,19556509,EURUSD,sell,in,0.02, 1.14853,81867145,0.00,0.00,0.00,0.00,9 931.68,MM SELL 03131555,
2026.03.13 15:58:14,19556546,EURUSD,sell,in,0.02, 1.14784,81867183,0.00,0.00,0.00,0.00,9 931.68,MM SELL 03131558,
2026.03.13 16:00:46,19556597,EURUSD,sell,in,0.02, 1.14765,81867234,0.00,0.00,0.00,0.00,9 931.68,MM SELL 03131600,
2026.03.13 16:03:52,19556660,EURUSD,sell,in,0.02, 1.14742,81867297,0.00,0.00,0.00,0.00,9 931.68,MM SELL 03131603,
2026.03.13 16:07:13,19556689,EURUSD,sell,in,0.02, 1.14748,81867327,0.00,0.00,0.00,0.00,9 931.68,MM SELL 03131607,
2026.03.13 16:10:35,19556732,EURUSD,sell,in,0.02, 1.14758,81867369,0.00,0.00,0.00,0.00,9 931.68,MM SELL 03131610,
2026.03.13 16:13:02,19556761,EURUSD,sell,in,0.02, 1.14778,81867399,0.00,0.00,0.00,0.00,9 931.68,MM SELL 03131613,
2026.03.13 16:20:04,19556863,EURUSD,sell,in,0.02, 1.14724,81867502,0.00,0.00,0.00,0.00,9 931.68,MM SELL 03131620,
2026.03.13 16:27:12,19556918,EURUSD,sell,in,0.01, 1.14773,81867559,0.00,0.00,0.00,0.00,9 931.68,MM SELL 03131627,
2026.03.13 16:32:09,19557002,EURUSD,sell,in,0.01, 1.14811,81867644,0.00,0.00,0.00,0.00,9 931.68,MM SELL 03131632,
2026.03.13 16:44:51,19557181,USDCHF,buy,out,2.54, 0.78838,81867834,0.00,0.00,0.00,- 383.39,9 548.29,[sl 0.78837],
2026.03.13 16:45:06,19557195,EURUSD,buy,out,0.02, 1.14660,81867849,0.00,0.00,0.00, 4.60,9 552.89,[tp 1.14660],
2026.03.13 16:45:29,19557205,EURUSD,sell,in,0.02, 1.14656,81867858,0.00,0.00,0.00,0.00,9 552.89,MM SELL 03131645,
2026.03.13 16:48:58,19557264,EURUSD,sell,in,0.02, 1.14644,81867919,0.00,0.00,0.00,0.00,9 552.89,MM SELL 03131648,
2026.03.13 16:49:27,19557280,EURUSD,buy,out,0.01, 1.14635,81867935,0.00,0.00,0.00, 2.30,9 555.19,[tp 1.14635],
2026.03.13 16:49:49,19557286,EURUSD,buy,out,0.01, 1.14628,81867940,0.00,0.00,0.00, 2.30,9 557.49,[tp 1.14628],
2026.03.13 16:52:15,19557318,EURUSD,sell,in,0.02, 1.14618,81867971,0.00,0.00,0.00,0.00,9 557.49,MM SELL 03131652,
2026.03.13 16:52:17,19557319,EURUSD,buy,out,0.02, 1.14621,81867972,0.00,0.00,0.00, 4.64,9 562.13,[tp 1.14623],
2026.03.13 16:55:43,19557373,EURUSD,buy,out,0.02, 1.14602,81868025,0.00,0.00,0.00, 4.60,9 566.73,[tp 1.14602],
2026.03.13 16:55:44,19557374,EURUSD,buy,out,0.02, 1.14598,81868027,0.00,0.00,0.00, 4.62,9 571.35,[tp 1.14599],
2026.03.13 16:55:52,19557377,EURUSD,sell,out,0.05, 1.14583,81868029,0.00,0.00,0.00,- 8.75,9 562.60,[sl 1.14586],
2026.03.13 16:55:52,19557378,EURUSD,buy,out,0.02, 1.14591,81868030,0.00,0.00,0.00, 4.60,9 567.20,[tp 1.14591],
2026.03.13 16:55:58,19557385,EURUSD,buy,out,0.02, 1.14586,81868037,0.00,0.00,0.00, 4.60,9 571.80,[tp 1.14586],
2026.03.13 16:56:00,19557390,EURUSD,buy,out,0.01, 1.14581,81868042,0.00,0.00,0.00, 2.30,9 574.10,[tp 1.14581],
2026.03.13 16:57:25,19557438,EURUSD,buy,out,0.01, 1.14564,81868090,0.00,0.00,0.00, 2.32,9 576.42,[tp 1.14564],
2026.03.13 16:58:25,19557456,EURUSD,buy,out,0.02, 1.14571,81868107,0.00,0.00,0.00, 0.94,9 577.36,,
2026.03.13 16:58:26,19557457,EURUSD,buy,out,0.02, 1.14571,81868108,0.00,0.00,0.00, 1.46,9 578.82,,
2026.03.13 16:58:27,19557458,EURUSD,buy,out,0.02, 1.14571,81868109,0.00,0.00,0.00, 1.70,9 580.52,,
2026.03.13 16:58:29,19557463,EURUSD,buy,out,0.02, 1.14570,81868114,0.00,0.00,0.00, 3.08,9 583.60,,
2026.03.13 16:58:30,19557465,EURUSD,buy,out,0.02, 1.14570,81868116,0.00,0.00,0.00, 3.44,9 587.04,,
2026.03.13 16:58:30,19557466,EURUSD,buy,out,0.02, 1.14569,81868117,0.00,0.00,0.00, 3.58,9 590.62,,
2026.03.13 16:58:31,19557467,EURUSD,buy,out,0.01, 1.14569,81868118,0.00,0.00,0.00, 1.83,9 592.45,,
2026.03.13 16:58:32,19557469,EURUSD,buy,out,0.02, 1.14568,81868120,0.00,0.00,0.00, 3.76,9 596.21,,
2026.03.13 16:58:32,19557470,EURUSD,buy,out,0.02, 1.14568,81868121,0.00,0.00,0.00, 3.78,9 599.99,,
2026.03.13 16:58:33,19557472,EURUSD,buy,out,0.02, 1.14568,81868123,0.00,0.00,0.00, 3.80,9 603.79,,
2026.03.13 16:58:34,19557473,EURUSD,buy,out,0.02, 1.14568,81868124,0.00,0.00,0.00, 3.90,9 607.69,,
2026.03.13 16:58:34,19557474,EURUSD,buy,out,0.02, 1.14576,81868125,0.00,0.00,0.00, 3.78,9 611.47,,
2026.03.13 16:58:35,19557475,EURUSD,buy,out,0.01, 1.14577,81868126,0.00,0.00,0.00, 1.93,9 613.40,,
2026.03.13 16:58:36,19557476,EURUSD,buy,out,0.01, 1.14577,81868127,0.00,0.00,0.00, 1.96,9 615.36,,
2026.03.13 16:58:37,19557477,EURUSD,buy,out,0.01, 1.14578,81868128,0.00,0.00,0.00, 1.96,9 617.32,,
2026.03.13 16:58:37,19557478,EURUSD,buy,out,0.02, 1.14579,81868129,0.00,0.00,0.00, 3.98,9 621.30,,
2026.03.13 16:58:38,19557480,EURUSD,buy,out,0.02, 1.14582,81868131,0.00,0.00,0.00, 4.04,9 625.34,,
2026.03.13 16:58:39,19557481,EURUSD,buy,out,0.02, 1.14580,81868132,0.00,0.00,0.00, 4.12,9 629.46,,
2026.03.13 16:59:16,19557492,EURUSD,buy,in,2.14, 1.14568,81868143,0.00,0.00,0.00,0.00,9 629.46,MM BUY 031316591,
2026.03.13 16:59:16,19557493,EURUSD,sell,in,0.32, 1.14560,81868144,0.00,0.00,0.00,0.00,9 629.46,MM SELL 03131659,
2026.03.13 16:59:17,19557494,USDCHF,sell,in,0.68, 0.78882,81868145,0.00,0.00,0.00,0.00,9 629.46,MM SELL 03131659,
2026.03.13 16:59:18,19557495,GBPUSD,buy,in,0.07, 1.32566,81868146,0.00,0.00,0.00,0.00,9 629.46,MM BUY 031316591,
2026.03.13 16:59:18,19557496,GBPUSD,sell,in,0.01, 1.32556,81868147,0.00,0.00,0.00,0.00,9 629.46,MM SELL 03131659,
2026.03.13 17:02:46,19557558,EURUSD,sell,in,0.02, 1.14565,81868206,0.00,0.00,0.00,0.00,9 629.46,MM SELL 03131702,
2026.03.13 17:02:47,19557559,GBPUSD,sell,in,0.03, 1.32520,81868207,0.00,0.00,0.00,0.00,9 629.46,MM SELL 03131702,
2026.03.13 17:06:22,19557609,EURUSD,sell,in,0.06, 1.14548,81868256,0.00,0.00,0.00,0.00,9 629.46,MM SELL 03131706,
2026.03.13 17:06:24,19557610,GBPUSD,sell,in,0.03, 1.32543,81868257,0.00,0.00,0.00,0.00,9 629.46,MM SELL 03131706,
2026.03.13 17:09:49,19557654,EURUSD,sell,in,0.16, 1.14583,81868300,0.00,0.00,0.00,0.00,9 629.46,MM SELL 03131709,
2026.03.13 17:09:50,19557655,GBPUSD,sell,in,0.03, 1.32593,81868301,0.00,0.00,0.00,0.00,9 629.46,MM SELL 03131709,
2026.03.13 17:13:09,19557694,EURUSD,sell,in,0.27, 1.14583,81868340,0.00,0.00,0.00,0.00,9 629.46,MM SELL 03131713,
2026.03.13 17:13:11,19557695,GBPUSD,sell,in,0.03, 1.32569,81868341,0.00,0.00,0.00,0.00,9 629.46,MM SELL 03131713,
2026.03.13 17:16:50,19557743,EURUSD,sell,in,0.45, 1.14552,81868390,0.00,0.00,0.00,0.00,9 629.46,MM SELL 03131716,
2026.03.13 17:16:52,19557744,GBPUSD,sell,in,0.03, 1.32516,81868391,0.00,0.00,0.00,0.00,9 629.46,MM SELL 03131716,
2026.03.13 17:20:12,19557783,EURUSD,sell,in,0.8, 1.14533,81868429,0.00,0.00,0.00,0.00,9 629.46,MM SELL 03131720,
2026.03.13 17:20:21,19557785,GBPUSD,sell,in,0.03, 1.32500,81868431,0.00,0.00,0.00,0.00,9 629.46,MM SELL 03131720,
2026.03.13 17:22:21,19557814,EURUSD,sell,in,1.07, 1.14549,81868458,0.00,0.00,0.00,0.00,9 629.46,MM SELL 03131722,
2026.03.13 17:22:22,19557816,GBPUSD,sell,in,0.03, 1.32530,81868460,0.00,0.00,0.00,0.00,9 629.46,MM SELL 03131722,
2026.03.13 17:25:49,19557895,EURUSD,sell,in,0.63, 1.14478,81868534,0.00,0.00,0.00,0.00,9 629.46,MM SELL 03131725,
2026.03.13 17:25:50,19557896,GBPUSD,sell,in,0.03, 1.32423,81868535,0.00,0.00,0.00,0.00,9 629.46,MM SELL 03131725,
2026.03.13 17:29:33,19557929,EURUSD,sell,in,0.05, 1.14498,81868568,0.00,0.00,0.00,0.00,9 629.46,MM SELL 03131729,
2026.03.13 17:29:34,19557930,GBPUSD,sell,in,0.01, 1.32446,81868569,0.00,0.00,0.00,0.00,9 629.46,MM SELL 03131729,
2026.03.13 17:32:57,19557954,EURUSD,sell,in,0.01, 1.14462,81868592,0.00,0.00,0.00,0.00,9 629.46,MM SELL 03131732,
2026.03.13 17:36:23,19557995,EURUSD,sell,in,0.02, 1.14419,81868632,0.00,0.00,0.00,0.00,9 629.46,MM SELL 03131736,
2026.03.13 17:37:19,19558016,GBPUSD,sell,out,0.07, 1.32366,81868652,0.00,0.00,0.00,- 14.00,9 615.46,[sl 1.32367],
2026.03.13 17:43:01,19558087,EURUSD,sell,out,2.14, 1.14393,81868721,0.00,0.00,0.00,- 374.50,9 240.96,[sl 1.14396],
2026.03.13 17:43:12,19558099,GBPUSD,buy,out,0.03, 1.32328,81868733,0.00,0.00,0.00, 7.95,9 248.91,[tp 1.32328],
2026.03.13 17:44:16,19558127,EURUSD,buy,out,0.27, 1.14353,81868763,0.00,0.00,0.00, 62.10,9 311.01,[tp 1.14354],
2026.03.13 17:44:23,19558130,EURUSD,buy,out,0.16, 1.14352,81868765,0.00,0.00,0.00, 36.96,9 347.97,[tp 1.14352],
2026.03.13 18:00:17,19558326,EURUSD,buy,out,1.07, 1.14433,81868964,0.00,0.00,0.00, 124.12,9 472.09,,
2026.03.13 18:00:17,19558328,EURUSD,buy,out,0.06, 1.14434,81868966,0.00,0.00,0.00, 6.84,9 478.93,,
2026.03.13 18:00:18,19558330,EURUSD,buy,out,0.8, 1.14433,81868968,0.00,0.00,0.00, 80.00,9 558.93,,
2026.03.13 18:00:19,19558331,EURUSD,buy,out,0.05, 1.14433,81868969,0.00,0.00,0.00, 3.25,9 562.18,,
2026.03.13 18:00:20,19558332,EURUSD,buy,out,0.63, 1.14432,81868970,0.00,0.00,0.00, 28.98,9 591.16,,
2026.03.13 18:00:21,19558333,EURUSD,buy,out,0.45, 1.14435,81868971,0.00,0.00,0.00, 52.65,9 643.81,,
2026.03.13 18:00:22,19558335,EURUSD,buy,out,0.32, 1.14435,81868973,0.00,0.00,0.00, 40.00,9 683.81,,
2026.03.13 18:00:23,19558336,EURUSD,buy,out,0.02, 1.14437,81868974,0.00,0.00,0.00, 2.56,9 686.37,,
2026.03.13 18:00:24,19558338,GBPUSD,buy,out,0.03, 1.32377,81868976,0.00,0.00,0.00, 1.38,9 687.75,,
2026.03.13 18:00:24,19558339,GBPUSD,buy,out,0.01, 1.32377,81868977,0.00,0.00,0.00, 0.69,9 688.44,,
2026.03.13 18:00:25,19558340,GBPUSD,buy,out,0.03, 1.32377,81868978,0.00,0.00,0.00, 3.69,9 692.13,,
2026.03.13 18:00:25,19558341,GBPUSD,buy,out,0.03, 1.32377,81868979,0.00,0.00,0.00, 4.17,9 696.30,,
2026.03.13 18:00:26,19558342,GBPUSD,buy,out,0.03, 1.32377,81868980,0.00,0.00,0.00, 4.29,9 700.59,,
2026.03.13 18:00:27,19558343,GBPUSD,buy,out,0.03, 1.32378,81868981,0.00,0.00,0.00, 4.56,9 705.15,,
2026.03.13 18:00:27,19558345,GBPUSD,buy,out,0.03, 1.32381,81868983,0.00,0.00,0.00, 4.86,9 710.01,,
2026.03.13 18:00:28,19558347,GBPUSD,buy,out,0.01, 1.32380,81868985,0.00,0.00,0.00, 1.76,9 711.77,,
2026.03.13 18:00:29,19558348,GBPUSD,buy,out,0.03, 1.32380,81868986,0.00,0.00,0.00, 5.67,9 717.44,,
2026.03.13 18:00:30,19558349,EURUSD,buy,out,0.01, 1.14443,81868987,0.00,0.00,0.00, 0.19,9 717.63,,
2026.03.13 18:00:36,19558351,GBPUSD,sell,in,1.4, 1.32372,81868989,0.00,0.00,0.00,0.00,9 717.63,MM SELL 03131800,
2026.03.13 18:01:43,19558372,USDCHF,buy,out,0.68, 0.78987,81869009,0.00,0.00,0.00,- 90.39,9 627.24,,
2026.03.13 18:03:04,19558395,GBPUSD,buy,out,1.4, 1.32388,81869031,0.00,0.00,0.00,- 22.40,9 604.84,,
2026.03.13 18:03:06,19558396,EURUSD,buy,out,0.02, 1.14433,81869032,0.00,0.00,0.00,- 0.28,9 604.56,,
2026.03.13 22:25:15,19560732,GBPUSD,sell,in,1.85, 1.32213,81871392,0.00,0.00,0.00,0.00,9 604.56,MM SELL 03132225,
2026.03.13 22:25:48,19560735,EURUSD,sell,in,0.32, 1.14139,81871395,0.00,0.00,0.00,0.00,9 604.56,MM SELL 03132225,
2026.03.13 22:30:26,19560749,USDCHF,buy,in,0.05, 0.79154,81871410,0.00,0.00,0.00,0.00,9 604.56,MM BUY 031322302,
2026.03.13 22:37:09,19560772,USDCHF,sell,in,0.01, 0.79151,81871437,0.00,0.00,0.00,0.00,9 604.56,MM SELL 03132237,
2026.03.13 22:39:12,19560779,USDCHF,sell,in,0.02, 0.79154,81871444,0.00,0.00,0.00,0.00,9 604.56,MM SELL 03132239,
2026.03.13 22:42:52,19560802,USDCHF,sell,in,0.02, 0.79160,81871467,0.00,0.00,0.00,0.00,9 604.56,MM SELL 03132242,
2026.03.13 22:45:22,19560808,USDCHF,sell,in,0.02, 0.79142,81871473,0.00,0.00,0.00,0.00,9 604.56,MM SELL 03132245,
2026.03.13 22:48:17,19560816,USDCHF,sell,in,0.02, 0.79129,81871481,0.00,0.00,0.00,0.00,9 604.56,MM SELL 03132248,
2026.03.13 22:51:15,19560834,USDCHF,sell,in,0.01, 0.79129,81871499,0.00,0.00,0.00,0.00,9 604.56,MM SELL 03132251,
2026.03.13 22:54:21,19560849,USDCHF,sell,in,0.01, 0.79149,81871514,0.00,0.00,0.00,0.00,9 604.56,MM SELL 03132254,
2026.03.15 23:02:31,19560914,GBPUSD,buy,out,1.85, 1.32562,81871551,0.00,0.00,- 4.88,- 645.65,8 954.03,[sl 1.32411],
2026.03.15 23:02:31,19560917,USDCHF,sell,out,0.05, 0.78878,81871558,0.00,0.00, 0.39,- 17.50,8 936.92,[sl 0.79035],
2026.03.15 23:14:25,19560936,USDCHF,buy,out,0.02, 0.78999,81871570,0.00,0.00,- 0.32, 4.08,8 940.68,[tp 0.79002],
2026.03.16 00:00:08,19560963,EURUSD,buy,out,0.32, 1.14362,81871596,0.00,0.00, 1.18,- 71.36,8 870.50,[sl 1.14310],
2026.03.16 02:00:08,19561439,USDCHF,buy,out,0.01, 0.78992,81872251,0.00,0.00,- 0.16, 2.01,8 872.35,[tp 0.78993],
2026.03.16 02:00:08,19561440,USDCHF,buy,out,0.02, 0.78992,81872252,0.00,0.00,- 0.32, 4.10,8 876.13,[tp 0.78994],
2026.03.16 02:00:21,19561441,USDCHF,buy,out,0.01, 0.78990,81872253,0.00,0.00,- 0.16, 2.01,8 877.98,[tp 0.78991],
2026.03.16 02:01:09,19561444,USDCHF,buy,out,0.02, 0.78983,81872256,0.00,0.00,- 0.32, 4.03,8 881.69,[tp 0.78984],
2026.03.16 02:02:34,19561454,USDCHF,buy,out,0.02, 0.78971,81872266,0.00,0.00,- 0.32, 4.00,8 885.37,[tp 0.78971],
2026.03.16 02:02:34,19561455,USDCHF,buy,out,0.01, 0.78971,81872267,0.00,0.00,- 0.16, 2.00,8 887.21,[tp 0.78971],
2026.03.16 11:32:18,19563528,USDCHF,sell,in,2.26, 0.78948,81874399,0.00,0.00,0.00,0.00,8 887.21,MM SELL 03161132,
2026.03.16 11:34:21,19563537,GBPUSD,sell,in,0.25, 1.32435,81874407,0.00,0.00,0.00,0.00,8 887.21,MM SELL 03161134,
2026.03.16 11:35:05,19563546,EURUSD,buy,in,0.05, 1.14458,81874416,0.00,0.00,0.00,0.00,8 887.21,MM BUY 031611350,
2026.03.16 11:35:05,19563547,EURUSD,sell,in,0.01, 1.14451,81874417,0.00,0.00,0.00,0.00,8 887.21,MM SELL 03161135,
2026.03.16 11:38:27,19563559,EURUSD,sell,in,0.02, 1.14450,81874428,0.00,0.00,0.00,0.00,8 887.21,MM SELL 03161138,
2026.03.16 11:41:48,19563576,EURUSD,sell,in,0.02, 1.14452,81874446,0.00,0.00,0.00,0.00,8 887.21,MM SELL 03161141,
2026.03.16 11:45:29,19563609,EURUSD,sell,in,0.02, 1.14493,81874475,0.00,0.00,0.00,0.00,8 887.21,MM SELL 03161145,
2026.03.16 11:49:08,19563671,EURUSD,sell,in,0.02, 1.14506,81874532,0.00,0.00,0.00,0.00,8 887.21,MM SELL 03161149,
2026.03.16 11:51:13,19563692,EURUSD,sell,in,0.02, 1.14496,81874554,0.00,0.00,0.00,0.00,8 887.21,MM SELL 03161151,
2026.03.16 11:54:50,19563721,EURUSD,sell,in,0.02, 1.14511,81874584,0.00,0.00,0.00,0.00,8 887.21,MM SELL 03161154,
2026.03.16 12:13:51,19563933,EURUSD,sell,in,0.01, 1.14579,81874798,0.00,0.00,0.00,0.00,8 887.21,MM SELL 03161213,
2026.03.16 12:16:55,19563975,EURUSD,sell,in,0.01, 1.14613,81874837,0.00,0.00,0.00,0.00,8 887.21,MM SELL 03161216,
2026.03.16 12:18:57,19563996,EURUSD,sell,out,0.05, 1.14653,81874855,0.00,0.00,0.00, 9.75,8 896.96,[tp 1.14653],
2026.03.16 12:19:39,19564009,GBPUSD,buy,out,0.25, 1.32637,81874867,0.00,0.00,0.00,- 50.50,8 846.46,[sl 1.32634],
2026.03.16 12:22:16,19564052,EURUSD,buy,out,0.01, 1.14720,81874910,0.00,0.00,0.00,- 2.69,8 843.77,MM CLOSE 0316122,
2026.03.16 12:22:16,19564053,EURUSD,buy,in,0.24, 1.14720,81874911,0.00,0.00,0.00,0.00,8 843.77,MM BUY 031612221,
2026.03.16 12:24:18,19564094,USDCHF,buy,out,2.26, 0.78811,81874950,0.00,0.00,0.00, 392.86,9 236.63,[tp 0.78814],
2026.03.16 12:24:56,19564112,USDCHF,sell,in,2.25, 0.78806,81874968,0.00,0.00,0.00,0.00,9 236.63,MM SELL 03161224,
2026.03.16 13:56:27,19564777,USDCHF,buy,out,2.25, 0.78759,81875637,0.00,0.00,0.00, 134.27,9 370.90,,
2026.03.16 13:56:30,19564778,EURUSD,sell,out,0.24, 1.14794,81875638,0.00,0.00,0.00, 17.76,9 388.66,,
2026.03.16 13:58:23,19564788,USDCHF,sell,in,2.25, 0.78765,81875648,0.00,0.00,0.00,0.00,9 388.66,MM SELL 03161358,
2026.03.16 13:58:57,19564790,GBPUSD,buy,in,0.25, 1.32797,81875650,0.00,0.00,0.00,0.00,9 388.66,MM BUY 031613585,
2026.03.16 13:58:57,19564791,GBPUSD,sell,in,0.03, 1.32787,81875651,0.00,0.00,0.00,0.00,9 388.66,MM SELL 03161358,
2026.03.16 14:01:01,19564806,GBPUSD,sell,in,0.06, 1.32785,81875667,0.00,0.00,0.00,0.00,9 388.66,MM SELL 03161401,
2026.03.16 14:04:36,19564831,GBPUSD,sell,in,0.12, 1.32829,81875695,0.00,0.00,0.00,0.00,9 388.66,MM SELL 03161404,
2026.03.16 14:08:17,19564864,GBPUSD,sell,in,0.12, 1.32823,81875731,0.00,0.00,0.00,0.00,9 388.66,MM SELL 03161408,
2026.03.16 14:10:28,19564875,GBPUSD,sell,in,0.12, 1.32806,81875742,0.00,0.00,0.00,0.00,9 388.66,MM SELL 03161410,
2026.03.16 14:12:46,19564905,GBPUSD,sell,in,0.1, 1.32866,81875769,0.00,0.00,0.00,0.00,9 388.66,MM SELL 03161412,
2026.03.16 14:17:01,19564934,GBPUSD,sell,in,0.01, 1.32836,81875798,0.00,0.00,0.00,0.00,9 388.66,MM SELL 03161417,
2026.03.16 14:32:07,19565015,GBPUSD,sell,in,0.01, 1.32864,81875878,0.00,0.00,0.00,0.00,9 388.66,MM SELL 03161432,
2026.03.16 14:33:16,19565026,USDCHF,buy,out,2.25, 0.78725,81875888,0.00,0.00,0.00, 114.32,9 502.98,,
2026.03.16 14:36:42,19565061,GBPUSD,sell,in,0.12, 1.32873,81875921,0.00,0.00,0.00,0.00,9 502.98,MM SELL 03161436,
2026.03.16 14:39:26,19565078,GBPUSD,sell,in,0.12, 1.32845,81875939,0.00,0.00,0.00,0.00,9 502.98,MM SELL 03161439,
2026.03.16 14:42:43,19565096,GBPUSD,sell,in,0.12, 1.32863,81875957,0.00,0.00,0.00,0.00,9 502.98,MM SELL 03161442,
2026.03.16 14:45:57,19565107,GBPUSD,sell,in,0.12, 1.32880,81875968,0.00,0.00,0.00,0.00,9 502.98,MM SELL 03161445,
2026.03.16 14:49:36,19565130,GBPUSD,sell,in,0.12, 1.32825,81875992,0.00,0.00,0.00,0.00,9 502.98,MM SELL 03161449,
2026.03.16 14:53:53,19565160,GBPUSD,sell,in,0.12, 1.32792,81876022,0.00,0.00,0.00,0.00,9 502.98,MM SELL 03161453,
2026.03.16 14:56:14,19565178,GBPUSD,sell,in,0.12, 1.32772,81876039,0.00,0.00,0.00,0.00,9 502.98,MM SELL 03161456,
2026.03.16 14:59:42,19565198,GBPUSD,sell,in,0.12, 1.32768,81876060,0.00,0.00,0.00,0.00,9 502.98,MM SELL 03161459,
2026.03.16 15:03:59,19565228,GBPUSD,sell,in,0.12, 1.32792,81876091,0.00,0.00,0.00,0.00,9 502.98,MM SELL 03161503,
2026.03.16 15:06:40,19565248,GBPUSD,sell,in,0.12, 1.32794,81876111,0.00,0.00,0.00,0.00,9 502.98,MM SELL 03161506,
2026.03.16 15:08:35,19565257,EURUSD,buy,out,0.02, 1.14777,81876121,0.00,0.00,0.00,- 6.54,9 496.44,MM CLOSE 0316150,
2026.03.16 15:10:07,19565264,GBPUSD,sell,in,0.12, 1.32823,81876129,0.00,0.00,0.00,0.00,9 496.44,MM SELL 03161510,
2026.03.16 15:13:14,19565280,GBPUSD,sell,in,0.12, 1.32856,81876148,0.00,0.00,0.00,0.00,9 496.44,MM SELL 03161513,
2026.03.16 15:13:17,19565281,EURUSD,buy,out,0.02, 1.14815,81876149,0.00,0.00,0.00,- 7.26,9 489.18,MM CLOSE 0316151,
2026.03.16 15:16:49,19565297,GBPUSD,sell,in,0.12, 1.32826,81876166,0.00,0.00,0.00,0.00,9 489.18,MM SELL 03161516,
2026.03.16 15:16:53,19565298,EURUSD,buy,out,0.02, 1.14783,81876167,0.00,0.00,0.00,- 5.80,9 483.38,MM CLOSE 0316151,
2026.03.16 15:20:17,19565326,GBPUSD,sell,in,0.12, 1.32815,81876194,0.00,0.00,0.00,0.00,9 483.38,MM SELL 03161520,
2026.03.16 15:20:20,19565327,EURUSD,buy,out,0.02, 1.14760,81876195,0.00,0.00,0.00,- 5.08,9 478.30,MM CLOSE 0316152,
2026.03.16 15:21:47,19565332,EURUSD,buy,out,0.02, 1.14765,81876201,0.00,0.00,0.00,- 5.38,9 472.92,MM CLOSE 0316152,
2026.03.16 15:23:38,19565351,GBPUSD,sell,in,0.06, 1.32871,81876221,0.00,0.00,0.00,0.00,9 472.92,MM SELL 03161523,
2026.03.16 15:25:19,19565367,EURUSD,buy,out,0.02, 1.14814,81876236,0.00,0.00,0.00,- 6.06,9 466.86,MM CLOSE 0316152,
2026.03.16 15:27:03,19565372,GBPUSD,sell,in,0.03, 1.32866,81876241,0.00,0.00,0.00,0.00,9 466.86,MM SELL 03161527,
2026.03.16 15:46:51,19565627,GBPUSD,sell,out,0.25, 1.33023,81876498,0.00,0.00,0.00, 56.50,9 523.36,[tp 1.33023],
2026.03.16 15:48:59,19565666,EURUSD,buy,out,0.01, 1.14913,81876535,0.00,0.00,0.00,- 3.34,9 520.02,MM CLOSE 0316154,
2026.03.16 15:58:21,19565781,EURUSD,buy,out,0.01, 1.15001,81876649,0.00,0.00,0.00,- 3.88,9 516.14,MM CLOSE 0316155,
2026.03.16 16:00:34,19565811,GBPUSD,buy,out,0.03, 1.33066,81876680,0.00,0.00,0.00,- 8.37,9 507.77,MM CLOSE 0316160,
2026.03.16 16:27:05,19566032,GBPUSD,buy,out,0.06, 1.33067,81876907,0.00,0.00,0.00,- 16.92,9 490.85,MM CLOSE 0316162,
2026.03.16 17:21:04,19566477,GBPUSD,buy,out,0.12, 1.33104,81877373,0.00,0.00,0.00,- 33.00,9 457.85,MM CLOSE 0316172,
2026.03.16 17:47:12,19566717,GBPUSD,buy,out,0.12, 1.33148,81877617,0.00,0.00,0.00,- 39.00,9 418.85,MM CLOSE 0316174,
2026.03.16 17:47:57,19566721,GBPUSD,buy,out,0.12, 1.33143,81877622,0.00,0.00,0.00,- 40.44,9 378.41,MM CLOSE 0316174,
2026.03.16 17:56:01,19566807,GBPUSD,buy,out,0.1, 1.32979,81877710,0.00,0.00,0.00,- 11.30,9 367.11,MM CLOSE 0316175,
2026.03.16 18:03:44,19566880,GBPUSD,buy,out,0.01, 1.33100,81877785,0.00,0.00,0.00,- 2.64,9 364.47,MM CLOSE 0316180,
2026.03.16 18:12:43,19566958,GBPUSD,buy,out,0.01, 1.33048,81877863,0.00,0.00,0.00,- 1.84,9 362.63,MM CLOSE 0316181,
2026.03.16 18:13:19,19566962,GBPUSD,buy,out,0.12, 1.33058,81877868,0.00,0.00,0.00,- 22.20,9 340.43,MM CLOSE 0316181,
2026.03.16 18:21:19,19567010,GBPUSD,buy,out,0.12, 1.33011,81877917,0.00,0.00,0.00,- 19.92,9 320.51,MM CLOSE 0316182,
2026.03.16 18:29:27,19567142,GBPUSD,buy,out,0.12, 1.32917,81878048,0.00,0.00,0.00,- 6.48,9 314.03,MM CLOSE 0316182,
2026.03.16 18:39:17,19567249,GBPUSD,buy,out,0.12, 1.32978,81878157,0.00,0.00,0.00,- 11.76,9 302.27,MM CLOSE 0316183,
2026.03.16 18:40:08,19567254,GBPUSD,buy,out,0.12, 1.33001,81878162,0.00,0.00,0.00,- 21.12,9 281.15,MM CLOSE 0316184,
2026.03.16 18:40:24,19567258,GBPUSD,buy,out,0.12, 1.32992,81878166,0.00,0.00,0.00,- 24.00,9 257.15,MM CLOSE 0316184,
2026.03.16 18:40:25,19567259,GBPUSD,buy,out,0.12, 1.32991,81878167,0.00,0.00,0.00,- 26.28,9 230.87,MM CLOSE 0316184,
2026.03.16 18:40:25,19567260,GBPUSD,buy,in,0.95, 1.32991,81878168,0.00,0.00,0.00,0.00,9 230.87,MM BUY 031618402,
2026.03.16 18:41:03,19567265,GBPUSD,buy,out,0.12, 1.32991,81878172,0.00,0.00,0.00,- 26.76,9 204.11,MM CLOSE 0316184,
2026.03.16 18:41:18,19567267,GBPUSD,buy,out,0.12, 1.33004,81878174,0.00,0.00,0.00,- 25.44,9 178.67,MM CLOSE 0316184,
2026.03.16 18:41:33,19567275,EURUSD,buy,in,1.75, 1.14905,81878181,0.00,0.00,0.00,0.00,9 178.67,MM BUY 031618413,
2026.03.16 18:41:33,19567276,EURUSD,sell,in,0.26, 1.14898,81878182,0.00,0.00,0.00,0.00,9 178.67,MM SELL 03161841,
2026.03.16 18:41:34,19567277,GBPUSD,buy,out,0.12, 1.32998,81878183,0.00,0.00,0.00,- 24.48,9 154.19,MM CLOSE 0316184,
2026.03.16 18:41:53,19567282,GBPUSD,buy,out,0.12, 1.33000,81878188,0.00,0.00,0.00,- 21.24,9 132.95,MM CLOSE 0316184,
2026.03.16 18:42:20,19567289,USDCHF,buy,in,0.29, 0.78787,81878195,0.00,0.00,0.00,0.00,9 132.95,MM BUY 031618422,
2026.03.16 18:42:21,19567290,USDCHF,sell,in,0.05, 0.78777,81878196,0.00,0.00,0.00,0.00,9 132.95,MM SELL 03161842,
2026.03.16 18:43:27,19567295,GBPUSD,buy,out,0.12, 1.33029,81878201,0.00,0.00,0.00,- 20.76,9 112.19,MM CLOSE 0316184,
2026.03.16 18:45:32,19567317,GBPUSD,buy,out,0.12, 1.32986,81878225,0.00,0.00,0.00,- 19.20,9 092.99,MM CLOSE 0316184,
2026.03.16 18:46:48,19567331,GBPUSD,buy,out,0.12, 1.33017,81878240,0.00,0.00,0.00,- 24.24,9 068.75,MM CLOSE 0316184,
2026.03.16 18:47:37,19567333,GBPUSD,buy,out,0.06, 1.33026,81878243,0.00,0.00,0.00,- 9.30,9 059.45,MM CLOSE 0316184,
2026.03.16 18:48:25,19567335,GBPUSD,buy,out,0.03, 1.33015,81878246,0.00,0.00,0.00,- 4.47,9 054.98,MM CLOSE 0316184,
2026.03.16 19:00:29,19567405,EURUSD,sell,out,1.75, 1.14955,81878318,0.00,0.00,0.00, 87.50,9 142.48,,
2026.03.16 19:00:29,19567406,GBPUSD,sell,out,0.95, 1.33053,81878319,0.00,0.00,0.00, 58.90,9 201.38,,
2026.03.16 19:00:31,19567407,USDCHF,buy,out,0.05, 0.78767,81878320,0.00,0.00,0.00, 0.63,9 202.01,,
2026.03.16 19:00:42,19567412,USDCHF,sell,in,0.14, 0.78752,81878325,0.00,0.00,0.00,0.00,9 202.01,MM SELL 03161900,
2026.03.16 19:01:03,19567434,USDCHF,sell,out,0.29, 0.78734,81878345,0.00,0.00,0.00,- 19.52,9 182.49,,
2026.03.16 19:01:03,19567435,EURUSD,buy,out,0.26, 1.15013,81878346,0.00,0.00,0.00,- 29.90,9 152.59,,
2026.03.16 19:01:04,19567438,USDCHF,buy,out,0.14, 0.78748,81878349,0.00,0.00,0.00, 0.71,9 153.30,,
2026.03.16 19:06:25,19567475,EURUSD,buy,in,2.03, 1.15008,81878388,0.00,0.00,0.00,0.00,9 153.30,MM BUY 031619062,
2026.03.16 19:06:25,19567476,EURUSD,sell,in,0.3, 1.15001,81878389,0.00,0.00,0.00,0.00,9 153.30,MM SELL 03161906,
2026.03.16 19:06:26,19567477,USDCHF,buy,in,0.64, 0.78752,81878390,0.00,0.00,0.00,0.00,9 153.30,MM BUY 031619062,
2026.03.16 19:06:26,19567478,USDCHF,sell,in,0.09, 0.78740,81878391,0.00,0.00,0.00,0.00,9 153.30,MM SELL 03161906,
2026.03.16 19:06:26,19567479,GBPUSD,buy,in,0.12, 1.33137,81878392,0.00,0.00,0.00,0.00,9 153.30,MM BUY 031619062,
2026.03.16 19:06:27,19567480,GBPUSD,sell,in,0.02, 1.33126,81878393,0.00,0.00,0.00,0.00,9 153.30,MM SELL 03161906,
2026.03.16 19:08:33,19567497,EURUSD,sell,in,0.04, 1.15000,81878411,0.00,0.00,0.00,0.00,9 153.30,MM SELL 03161908,
2026.03.16 19:08:35,19567498,USDCHF,sell,in,0.09, 0.78738,81878412,0.00,0.00,0.00,0.00,9 153.30,MM SELL 03161908,
2026.03.16 19:08:35,19567499,GBPUSD,sell,in,0.06, 1.33127,81878413,0.00,0.00,0.00,0.00,9 153.30,MM SELL 03161908,
2026.03.16 19:10:43,19567513,EURUSD,sell,in,0.2, 1.14987,81878429,0.00,0.00,0.00,0.00,9 153.30,MM SELL 03161910,
2026.03.16 19:10:44,19567514,USDCHF,sell,in,0.32, 0.78742,81878430,0.00,0.00,0.00,0.00,9 153.30,MM SELL 03161910,
2026.03.16 19:10:45,19567516,GBPUSD,sell,in,0.06, 1.33125,81878432,0.00,0.00,0.00,0.00,9 153.30,MM SELL 03161910,
2026.03.16 19:12:53,19567538,EURUSD,sell,in,0.63, 1.15003,81878457,0.00,0.00,0.00,0.00,9 153.30,MM SELL 03161912,
2026.03.16 19:12:54,19567541,USDCHF,sell,in,0.32, 0.78725,81878460,0.00,0.00,0.00,0.00,9 153.30,MM SELL 03161912,
2026.03.16 19:12:54,19567542,GBPUSD,sell,in,0.06, 1.33149,81878462,0.00,0.00,0.00,0.00,9 153.30,MM SELL 03161912,
2026.03.16 19:15:02,19567571,EURUSD,sell,in,1.01, 1.14997,81878490,0.00,0.00,0.00,0.00,9 153.30,MM SELL 03161915,
2026.03.16 19:15:03,19567572,USDCHF,sell,in,0.32, 0.78738,81878491,0.00,0.00,0.00,0.00,9 153.30,MM SELL 03161915,
2026.03.16 19:15:04,19567573,GBPUSD,sell,in,0.06, 1.33121,81878492,0.00,0.00,0.00,0.00,9 153.30,MM SELL 03161915,
2026.03.16 19:17:09,19567589,EURUSD,sell,in,1.01, 1.14960,81878507,0.00,0.00,0.00,0.00,9 153.30,MM SELL 03161917,
2026.03.16 19:17:10,19567590,USDCHF,sell,in,0.32, 0.78763,81878508,0.00,0.00,0.00,0.00,9 153.30,MM SELL 03161917,
2026.03.16 19:17:11,19567591,GBPUSD,sell,in,0.06, 1.33094,81878509,0.00,0.00,0.00,0.00,9 153.30,MM SELL 03161917,
2026.03.16 19:19:19,19567606,EURUSD,sell,in,0.22, 1.14975,81878525,0.00,0.00,0.00,0.00,9 153.30,MM SELL 03161919,
2026.03.16 19:19:19,19567607,USDCHF,sell,in,0.03, 0.78749,81878526,0.00,0.00,0.00,0.00,9 153.30,MM SELL 03161919,
2026.03.16 19:19:20,19567608,GBPUSD,sell,in,0.01, 1.33108,81878527,0.00,0.00,0.00,0.00,9 153.30,MM SELL 03161919,
2026.03.16 19:53:35,19567870,EURUSD,sell,out,2.03, 1.14931,81878789,0.00,0.00,0.00,- 156.31,8 996.99,,
2026.03.16 19:53:53,19567876,GBPUSD,sell,out,0.12, 1.33036,81878795,0.00,0.00,0.00,- 12.12,8 984.87,,
2026.03.16 19:53:58,19567879,USDCHF,buy,out,0.32, 0.78830,81878798,0.00,0.00,0.00,- 42.62,8 942.25,,
2026.03.16 19:54:00,19567880,USDCHF,buy,out,0.32, 0.78832,81878799,0.00,0.00,0.00,- 38.16,8 904.09,,
2026.03.16 19:54:02,19567881,USDCHF,buy,out,0.32, 0.78830,81878800,0.00,0.00,0.00,- 35.72,8 868.37,,
2026.03.16 19:54:05,19567882,USDCHF,buy,out,0.32, 0.78830,81878801,0.00,0.00,0.00,- 27.20,8 841.17,,
2026.03.16 19:54:54,19567889,USDCHF,buy,out,0.09, 0.78834,81878808,0.00,0.00,0.00,- 10.73,8 830.44,,
2026.03.16 19:54:55,19567890,USDCHF,buy,out,0.03, 0.78833,81878809,0.00,0.00,0.00,- 3.20,8 827.24,,
2026.03.16 19:54:57,19567891,USDCHF,buy,out,0.09, 0.78834,81878810,0.00,0.00,0.00,- 10.96,8 816.28,,
2026.03.16 19:55:01,19567892,USDCHF,sell,out,0.64, 0.78825,81878811,0.00,0.00,0.00, 59.27,8 875.55,,
2026.03.16 19:55:02,19567893,EURUSD,buy,out,1.01, 1.14928,81878812,0.00,0.00,0.00, 32.32,8 907.87,,
2026.03.16 19:55:03,19567894,EURUSD,buy,out,0.22, 1.14928,81878813,0.00,0.00,0.00, 10.34,8 918.21,,
2026.03.16 19:55:03,19567895,EURUSD,buy,out,0.2, 1.14926,81878814,0.00,0.00,0.00, 12.20,8 930.41,,
2026.03.16 19:55:04,19567896,EURUSD,buy,out,1.01, 1.14928,81878815,0.00,0.00,0.00, 69.69,9 000.10,,
2026.03.16 19:55:04,19567898,EURUSD,buy,out,0.04, 1.14930,81878817,0.00,0.00,0.00, 2.80,9 002.90,,
2026.03.16 19:55:05,19567899,EURUSD,buy,out,0.3, 1.14931,81878818,0.00,0.00,0.00, 21.00,9 023.90,,
2026.03.16 19:55:05,19567900,EURUSD,buy,out,0.63, 1.14930,81878819,0.00,0.00,0.00, 45.99,9 069.89,,
2026.03.16 19:55:06,19567901,GBPUSD,buy,out,0.06, 1.33032,81878820,0.00,0.00,0.00, 3.72,9 073.61,,
2026.03.16 19:55:06,19567902,GBPUSD,buy,out,0.01, 1.33034,81878821,0.00,0.00,0.00, 0.74,9 074.35,,
2026.03.16 19:55:07,19567903,GBPUSD,buy,out,0.06, 1.33035,81878822,0.00,0.00,0.00, 5.16,9 079.51,,
2026.03.16 19:55:08,19567904,GBPUSD,buy,out,0.06, 1.33035,81878823,0.00,0.00,0.00, 5.40,9 084.91,,
2026.03.16 19:55:09,19567905,GBPUSD,buy,out,0.02, 1.33035,81878824,0.00,0.00,0.00, 1.82,9 086.73,,
2026.03.16 19:55:09,19567906,GBPUSD,buy,out,0.06, 1.33035,81878825,0.00,0.00,0.00, 5.52,9 092.25,,
2026.03.16 19:55:11,19567907,GBPUSD,buy,out,0.06, 1.33035,81878826,0.00,0.00,0.00, 6.84,9 099.09,,
2026.03.16 19:55:14,19567909,GBPUSD,sell,in,1.74, 1.33023,81878828,0.00,0.00,0.00,0.00,9 099.09,MM SELL 03161955,
2026.03.16 19:55:27,19567911,USDCHF,buy,in,0.34, 0.78828,81878830,0.00,0.00,0.00,0.00,9 099.09,MM BUY 031619552,
2026.03.16 19:55:27,19567912,USDCHF,sell,in,0.05, 0.78818,81878831,0.00,0.00,0.00,0.00,9 099.09,MM SELL 03161955,
2026.03.16 19:55:41,19567913,GBPUSD,buy,out,1.74, 1.33042,81878832,0.00,0.00,0.00,- 33.06,9 066.03,,
2026.03.16 19:55:42,19567914,USDCHF,sell,out,0.34, 0.78819,81878833,0.00,0.00,0.00,- 3.88,9 062.15,,
2026.03.16 19:55:43,19567915,USDCHF,buy,out,0.05, 0.78828,81878834,0.00,0.00,0.00,- 0.63,9 061.52,,
2026.03.16 19:57:05,19567923,GBPUSD,sell,in,1.73, 1.33037,81878842,0.00,0.00,0.00,0.00,9 061.52,MM SELL 03161957,
2026.03.16 19:57:32,19567926,EURUSD,buy,in,0.3, 1.14942,81878845,0.00,0.00,0.00,0.00,9 061.52,MM BUY 031619573,
2026.03.16 19:57:32,19567927,EURUSD,sell,in,0.05, 1.14935,81878846,0.00,0.00,0.00,0.00,9 061.52,MM SELL 03161957,
2026.03.16 19:57:33,19567928,USDCHF,buy,in,0.1, 0.78827,81878847,0.00,0.00,0.00,0.00,9 061.52,MM BUY 031619573,
2026.03.16 19:57:33,19567929,USDCHF,sell,in,0.02, 0.78816,81878848,0.00,0.00,0.00,0.00,9 061.52,MM SELL 03161957,
2026.03.16 19:59:44,19567943,EURUSD,sell,in,0.04, 1.14923,81878862,0.00,0.00,0.00,0.00,9 061.52,MM SELL 03161959,
2026.03.16 19:59:44,19567944,USDCHF,sell,in,0.05, 0.78834,81878863,0.00,0.00,0.00,0.00,9 061.52,MM SELL 03161959,
2026.03.16 20:01:48,19567967,EURUSD,sell,in,0.09, 1.14959,81878886,0.00,0.00,0.00,0.00,9 061.52,MM SELL 03162001,
2026.03.16 20:01:49,19567968,USDCHF,sell,in,0.05, 0.78812,81878887,0.00,0.00,0.00,0.00,9 061.52,MM SELL 03162001,
2026.03.16 20:03:52,19567987,EURUSD,sell,in,0.15, 1.14981,81878906,0.00,0.00,0.00,0.00,9 061.52,MM SELL 03162003,
2026.03.16 20:03:53,19567988,USDCHF,sell,in,0.05, 0.78791,81878907,0.00,0.00,0.00,0.00,9 061.52,MM SELL 03162003,
2026.03.16 20:05:53,19568031,EURUSD,sell,in,0.15, 1.15006,81878950,0.00,0.00,0.00,0.00,9 061.52,MM SELL 03162005,
2026.03.16 20:05:54,19568032,USDCHF,sell,in,0.05, 0.78774,81878951,0.00,0.00,0.00,0.00,9 061.52,MM SELL 03162005,
2026.03.16 20:08:01,19568067,USDCHF,sell,in,0.01, 0.78764,81878987,0.00,0.00,0.00,0.00,9 061.52,MM SELL 03162008,
2026.03.16 20:12:04,19568129,USDCHF,sell,in,0.01, 0.78771,81879050,0.00,0.00,0.00,0.00,9 061.52,MM SELL 03162012,
2026.03.16 20:24:11,19568199,GBPUSD,buy,out,1.73, 1.33239,81879123,0.00,0.00,0.00,- 349.46,8 712.06,[sl 1.33239],
2026.03.16 20:24:17,19568209,EURUSD,sell,in,0.15, 1.15121,81879133,0.00,0.00,0.00,0.00,8 712.06,MM SELL 03162024,
2026.03.16 20:24:18,19568212,USDCHF,sell,in,0.05, 0.78716,81879135,0.00,0.00,0.00,0.00,8 712.06,MM SELL 03162024,
2026.03.16 20:25:37,19568227,USDCHF,sell,out,0.1, 0.78709,81879150,0.00,0.00,0.00,- 14.99,8 697.07,[sl 0.78709],
2026.03.16 20:25:37,19568228,EURUSD,sell,out,0.3, 1.15137,81879151,0.00,0.00,0.00, 58.50,8 755.57,[tp 1.15137],
2026.03.16 20:26:18,19568240,EURUSD,buy,out,0.05, 1.15169,81879162,0.00,0.00,0.00,- 11.70,8 743.87,MM CLOSE 0316202,
2026.03.16 20:27:05,19568267,EURUSD,buy,out,0.04, 1.15191,81879188,0.00,0.00,0.00,- 10.72,8 733.15,MM CLOSE 0316202,
2026.03.16 20:27:53,19568286,USDCHF,buy,out,0.05, 0.78676,81879205,0.00,0.00,0.00, 10.04,8 743.19,[tp 0.78676],
2026.03.16 20:28:00,19568291,EURUSD,buy,out,0.09, 1.15224,81879210,0.00,0.00,0.00,- 23.85,8 719.34,MM CLOSE 0316202,
2026.03.16 20:28:56,19568305,EURUSD,buy,out,0.15, 1.15199,81879225,0.00,0.00,0.00,- 32.70,8 686.64,MM CLOSE 0316202,
2026.03.16 20:28:56,19568306,EURUSD,buy,in,1.48, 1.15199,81879226,0.00,0.00,0.00,0.00,8 686.64,MM BUY 031620285,
2026.03.16 20:45:13,19568446,USDCHF,buy,out,0.02, 0.78658,81879365,0.00,0.00,0.00, 4.02,8 690.66,[tp 0.78658],
2026.03.16 20:45:26,19568450,GBPUSD,buy,in,0.66, 1.33369,81879369,0.00,0.00,0.00,0.00,8 690.66,MM BUY 031620452,
2026.03.16 20:45:26,19568451,GBPUSD,sell,in,0.09, 1.33357,81879370,0.00,0.00,0.00,0.00,8 690.66,MM SELL 03162045,
2026.03.16 20:47:35,19568468,GBPUSD,sell,in,0.16, 1.33347,81879387,0.00,0.00,0.00,0.00,8 690.66,MM SELL 03162047,
2026.03.16 20:49:44,19568480,GBPUSD,sell,in,0.29, 1.33327,81879400,0.00,0.00,0.00,0.00,8 690.66,MM SELL 03162049,
2026.03.16 20:51:51,19568497,GBPUSD,sell,in,0.33, 1.33300,81879419,0.00,0.00,0.00,0.00,8 690.66,MM SELL 03162051,
2026.03.16 20:53:59,19568509,GBPUSD,sell,in,0.33, 1.33309,81879431,0.00,0.00,0.00,0.00,8 690.66,MM SELL 03162053,
2026.03.16 20:56:08,19568515,GBPUSD,sell,in,0.18, 1.33324,81879437,0.00,0.00,0.00,0.00,8 690.66,MM SELL 03162056,
2026.03.16 20:58:20,19568527,GBPUSD,sell,in,0.02, 1.33316,81879449,0.00,0.00,0.00,0.00,8 690.66,MM SELL 03162058,
2026.03.16 21:00:29,19568540,GBPUSD,sell,in,0.01, 1.33337,81879462,0.00,0.00,0.00,0.00,8 690.66,MM SELL 03162100,
2026.03.16 22:00:33,19568960,GBPUSD,buy,out,0.09, 1.33268,81879896,0.00,0.00,0.00, 8.01,8 698.67,,
2026.03.16 22:00:34,19568961,GBPUSD,buy,out,0.01, 1.33268,81879897,0.00,0.00,0.00, 0.69,8 699.36,,
2026.03.16 22:00:34,19568962,GBPUSD,sell,in,0.07, 1.33259,81879898,0.00,0.00,0.00,0.00,8 699.36,MM SELL 03162200,
2026.03.16 22:00:35,19568963,GBPUSD,buy,out,0.18, 1.33268,81879899,0.00,0.00,0.00, 10.08,8 709.44,,
2026.03.16 22:00:35,19568964,GBPUSD,buy,out,0.29, 1.33268,81879900,0.00,0.00,0.00, 17.11,8 726.55,,
2026.03.16 22:00:36,19568965,GBPUSD,buy,out,0.02, 1.33264,81879901,0.00,0.00,0.00, 1.04,8 727.59,,
2026.03.16 22:00:37,19568966,GBPUSD,buy,out,0.16, 1.33264,81879902,0.00,0.00,0.00, 13.28,8 740.87,,
2026.03.16 22:00:38,19568967,GBPUSD,buy,out,0.33, 1.33264,81879903,0.00,0.00,0.00, 14.85,8 755.72,,
2026.03.16 22:00:39,19568968,GBPUSD,buy,out,0.33, 1.33264,81879904,0.00,0.00,0.00, 11.88,8 767.60,,
2026.03.16 22:00:40,19568969,EURUSD,buy,out,0.15, 1.15090,81879905,0.00,0.00,0.00, 4.65,8 772.25,,
2026.03.16 22:00:41,19568970,USDCHF,buy,out,0.05, 0.78762,81879906,0.00,0.00,0.00, 3.17,8 775.42,,
2026.03.16 22:00:42,19568971,USDCHF,buy,out,0.05, 0.78762,81879907,0.00,0.00,0.00, 1.84,8 777.26,,
2026.03.16 22:00:43,19568972,USDCHF,buy,out,0.05, 0.78762,81879908,0.00,0.00,0.00, 0.76,8 778.02,,
2026.03.16 22:00:43,19568973,USDCHF,buy,out,0.01, 0.78760,81879909,0.00,0.00,0.00, 0.14,8 778.16,,
2026.03.16 22:00:44,19568974,USDCHF,buy,out,0.01, 0.78760,81879910,0.00,0.00,0.00, 0.05,8 778.21,,
2026.03.16 22:11:54,19569011,EURUSD,sell,out,1.48, 1.15087,81879946,0.00,0.00,0.00,- 165.76,8 612.45,,
2026.03.16 22:11:55,19569012,GBPUSD,sell,out,0.66, 1.33241,81879947,0.00,0.00,0.00,- 84.48,8 527.97,,
2026.03.16 22:11:55,19569013,GBPUSD,buy,out,0.07, 1.33251,81879948,0.00,0.00,0.00, 0.56,8 528.53,,
2026.03.16 22:11:57,19569014,EURUSD,buy,out,0.15, 1.15094,81879949,0.00,0.00,0.00,- 13.20,8 515.33,,
2026.03.16 22:11:57,19569015,USDCHF,buy,out,0.05, 0.78754,81879950,0.00,0.00,0.00,- 2.41,8 512.92,,
2026.03.17 11:03:46,19571553,USDCHF,sell,in,2.17, 0.78701,81882566,0.00,0.00,0.00,0.00,8 512.92,MM SELL 03171103,
2026.03.17 11:03:50,19571554,EURUSD,buy,in,0.27, 1.15140,81882567,0.00,0.00,0.00,0.00,8 512.92,MM BUY 031711035,
2026.03.17 11:03:50,19571555,EURUSD,sell,in,0.04, 1.15132,81882568,0.00,0.00,0.00,0.00,8 512.92,MM SELL 03171103,
2026.03.17 11:03:52,19571560,GBPUSD,buy,in,0.07, 1.33329,81882573,0.00,0.00,0.00,0.00,8 512.92,MM BUY 031711035,
2026.03.17 11:03:52,19571561,GBPUSD,sell,in,0.01, 1.33319,81882574,0.00,0.00,0.00,0.00,8 512.92,MM SELL 03171103,
2026.03.17 11:05:53,19571576,EURUSD,sell,in,0.02, 1.15136,81882595,0.00,0.00,0.00,0.00,8 512.92,MM SELL 03171105,
2026.03.17 11:05:54,19571578,GBPUSD,sell,in,0.03, 1.33317,81882597,0.00,0.00,0.00,0.00,8 512.92,MM SELL 03171105,
2026.03.17 11:07:56,19571592,EURUSD,sell,in,0.06, 1.15137,81882613,0.00,0.00,0.00,0.00,8 512.92,MM SELL 03171107,
2026.03.17 11:07:58,19571593,GBPUSD,sell,in,0.03, 1.33308,81882614,0.00,0.00,0.00,0.00,8 512.92,MM SELL 03171107,
2026.03.17 11:09:56,19571608,EURUSD,sell,in,0.13, 1.15141,81882630,0.00,0.00,0.00,0.00,8 512.92,MM SELL 03171109,
2026.03.17 11:10:02,19571610,GBPUSD,sell,in,0.03, 1.33306,81882632,0.00,0.00,0.00,0.00,8 512.92,MM SELL 03171110,
2026.03.17 11:11:58,19571626,EURUSD,sell,in,0.13, 1.15134,81882648,0.00,0.00,0.00,0.00,8 512.92,MM SELL 03171111,
2026.03.17 11:12:04,19571627,GBPUSD,sell,in,0.03, 1.33294,81882649,0.00,0.00,0.00,0.00,8 512.92,MM SELL 03171112,
2026.03.17 11:13:58,19571631,EURUSD,sell,in,0.12, 1.15120,81882653,0.00,0.00,0.00,0.00,8 512.92,MM SELL 03171113,
2026.03.17 11:14:04,19571632,GBPUSD,sell,in,0.01, 1.33274,81882654,0.00,0.00,0.00,0.00,8 512.92,MM SELL 03171114,
2026.03.17 11:16:01,19571643,EURUSD,sell,in,0.02, 1.15121,81882665,0.00,0.00,0.00,0.00,8 512.92,MM SELL 03171116,
2026.03.17 11:26:08,19571691,GBPUSD,sell,in,0.01, 1.33343,81882719,0.00,0.00,0.00,0.00,8 512.92,MM SELL 03171126,
2026.03.17 11:28:19,19571733,EURUSD,sell,in,0.01, 1.15230,81882760,0.00,0.00,0.00,0.00,8 512.92,MM SELL 03171128,
2026.03.17 11:29:47,19571744,GBPUSD,sell,in,0.01, 1.33364,81882772,0.00,0.00,0.00,0.00,8 512.92,MM SELL 03171129,
2026.03.17 11:30:44,19571758,EURUSD,sell,in,0.01, 1.15216,81882786,0.00,0.00,0.00,0.00,8 512.92,MM SELL 03171130,
2026.03.17 12:57:58,19572308,USDCHF,buy,out,2.17, 0.78679,81883364,0.00,0.00,0.00, 60.68,8 573.60,,
2026.03.17 12:57:59,19572309,EURUSD,sell,in,0.13, 1.15063,81883365,0.00,0.00,0.00,0.00,8 573.60,MM SELL 03171257,
2026.03.17 12:58:01,19572310,GBPUSD,sell,in,0.03, 1.33241,81883366,0.00,0.00,0.00,0.00,8 573.60,MM SELL 03171258,
2026.03.17 12:58:21,19572311,EURUSD,buy,out,0.13, 1.15066,81883367,0.00,0.00,0.00, 9.75,8 583.35,,
2026.03.17 12:58:23,19572312,EURUSD,buy,out,0.13, 1.15064,81883368,0.00,0.00,0.00, 9.10,8 592.45,,
2026.03.17 13:00:00,19572315,EURUSD,sell,in,0.13, 1.15059,81883371,0.00,0.00,0.00,0.00,8 592.45,MM SELL 03171300,
2026.03.17 13:00:05,19572317,GBPUSD,sell,in,0.03, 1.33234,81883373,0.00,0.00,0.00,0.00,8 592.45,MM SELL 03171300,
2026.03.17 13:02:01,19572330,EURUSD,sell,in,0.13, 1.15049,81883387,0.00,0.00,0.00,0.00,8 592.45,MM SELL 03171302,
2026.03.17 13:02:07,19572331,GBPUSD,sell,in,0.03, 1.33226,81883388,0.00,0.00,0.00,0.00,8 592.45,MM SELL 03171302,
2026.03.17 13:04:05,19572335,EURUSD,sell,in,0.13, 1.15071,81883392,0.00,0.00,0.00,0.00,8 592.45,MM SELL 03171304,
2026.03.17 13:04:11,19572336,GBPUSD,sell,in,0.03, 1.33269,81883393,0.00,0.00,0.00,0.00,8 592.45,MM SELL 03171304,
2026.03.17 13:06:07,19572341,EURUSD,sell,in,0.13, 1.15080,81883398,0.00,0.00,0.00,0.00,8 592.45,MM SELL 03171306,
2026.03.17 13:06:17,19572342,GBPUSD,sell,in,0.03, 1.33258,81883399,0.00,0.00,0.00,0.00,8 592.45,MM SELL 03171306,
2026.03.17 13:08:12,19572352,EURUSD,sell,in,0.13, 1.15119,81883409,0.00,0.00,0.00,0.00,8 592.45,MM SELL 03171308,
2026.03.17 13:08:18,19572353,GBPUSD,sell,in,0.03, 1.33295,81883410,0.00,0.00,0.00,0.00,8 592.45,MM SELL 03171308,
2026.03.17 13:10:12,19572366,EURUSD,sell,in,0.13, 1.15117,81883423,0.00,0.00,0.00,0.00,8 592.45,MM SELL 03171310,
2026.03.17 13:10:23,19572369,GBPUSD,sell,in,0.03, 1.33317,81883426,0.00,0.00,0.00,0.00,8 592.45,MM SELL 03171310,
2026.03.17 13:12:12,19572375,EURUSD,sell,in,0.13, 1.15126,81883432,0.00,0.00,0.00,0.00,8 592.45,MM SELL 03171312,
2026.03.17 13:12:23,19572376,GBPUSD,sell,in,0.03, 1.33329,81883433,0.00,0.00,0.00,0.00,8 592.45,MM SELL 03171312,
2026.03.17 13:14:14,19572389,EURUSD,sell,in,0.13, 1.15112,81883446,0.00,0.00,0.00,0.00,8 592.45,MM SELL 03171314,
2026.03.17 13:14:25,19572390,GBPUSD,sell,in,0.03, 1.33323,81883447,0.00,0.00,0.00,0.00,8 592.45,MM SELL 03171314,
2026.03.17 13:16:19,19572402,EURUSD,sell,in,0.13, 1.15145,81883459,0.00,0.00,0.00,0.00,8 592.45,MM SELL 03171316,
2026.03.17 13:16:30,19572403,GBPUSD,sell,in,0.03, 1.33332,81883460,0.00,0.00,0.00,0.00,8 592.45,MM SELL 03171316,
2026.03.17 13:18:23,19572414,EURUSD,sell,in,0.13, 1.15126,81883471,0.00,0.00,0.00,0.00,8 592.45,MM SELL 03171318,
2026.03.17 13:18:34,19572417,GBPUSD,sell,in,0.03, 1.33316,81883473,0.00,0.00,0.00,0.00,8 592.45,MM SELL 03171318,
2026.03.17 13:20:25,19572423,EURUSD,sell,in,0.13, 1.15137,81883479,0.00,0.00,0.00,0.00,8 592.45,MM SELL 03171320,
2026.03.17 13:20:35,19572424,GBPUSD,sell,in,0.03, 1.33312,81883480,0.00,0.00,0.00,0.00,8 592.45,MM SELL 03171320,
2026.03.17 13:22:27,19572434,EURUSD,sell,in,0.09, 1.15157,81883490,0.00,0.00,0.00,0.00,8 592.45,MM SELL 03171322,
2026.03.17 13:22:38,19572442,GBPUSD,sell,in,0.01, 1.33344,81883497,0.00,0.00,0.00,0.00,8 592.45,MM SELL 03171322,
2026.03.17 13:24:29,19572449,EURUSD,sell,in,0.01, 1.15150,81883504,0.00,0.00,0.00,0.00,8 592.45,MM SELL 03171324,
2026.03.17 13:29:04,19572468,EURUSD,sell,in,0.01, 1.15141,81883522,0.00,0.00,0.00,0.00,8 592.45,MM SELL 03171329,
2026.03.17 13:30:39,19572479,GBPUSD,sell,in,0.01, 1.33304,81883533,0.00,0.00,0.00,0.00,8 592.45,MM SELL 03171330,
2026.03.17 13:33:25,19572484,EURUSD,sell,in,0.01, 1.15100,81883538,0.00,0.00,0.00,0.00,8 592.45,MM SELL 03171333,
2026.03.17 13:54:04,19572555,EURUSD,sell,in,0.01, 1.15099,81883615,0.00,0.00,0.00,0.00,8 592.45,MM SELL 03171354,
2026.03.17 13:55:18,19572559,GBPUSD,sell,in,0.01, 1.33171,81883619,0.00,0.00,0.00,0.00,8 592.45,MM SELL 03171355,
2026.03.17 13:57:07,19572567,EURUSD,sell,in,0.01, 1.15067,81883626,0.00,0.00,0.00,0.00,8 592.45,MM SELL 03171357,
2026.03.17 14:01:38,19572594,EURUSD,sell,in,0.01, 1.15044,81883651,0.00,0.00,0.00,0.00,8 592.45,MM SELL 03171401,
2026.03.17 14:03:47,19572606,GBPUSD,sell,out,0.07, 1.33125,81883663,0.00,0.00,0.00,- 14.28,8 578.17,[sl 1.33129],
2026.03.17 14:03:52,19572608,EURUSD,sell,out,0.27, 1.15063,81883665,0.00,0.00,0.00,- 20.79,8 557.38,MM CLOSE 0317140,
2026.03.17 14:03:54,19572609,GBPUSD,buy,out,0.01, 1.33128,81883666,0.00,0.00,0.00, 1.91,8 559.29,MM CLOSE 0317140,
2026.03.17 14:04:08,19572610,GBPUSD,buy,out,0.03, 1.33128,81883667,0.00,0.00,0.00, 5.67,8 564.96,MM CLOSE 0317140,
2026.03.17 14:04:30,19572614,EURUSD,buy,out,0.04, 1.15099,81883671,0.00,0.00,0.00, 1.32,8 566.28,MM CLOSE 0317140,
2026.03.17 14:05:55,19572628,EURUSD,buy,out,0.02, 1.15134,81883685,0.00,0.00,0.00, 0.04,8 566.32,MM CLOSE 0317140,
2026.03.17 14:07:59,19572651,EURUSD,buy,out,0.06, 1.15176,81883708,0.00,0.00,0.00,- 2.34,8 563.98,MM CLOSE 0317140,
2026.03.17 14:08:01,19572652,GBPUSD,buy,out,0.03, 1.33286,81883709,0.00,0.00,0.00, 0.66,8 564.64,MM CLOSE 0317140,
2026.03.17 14:10:03,19572682,GBPUSD,buy,out,0.03, 1.33327,81883738,0.00,0.00,0.00,- 0.63,8 564.01,MM CLOSE 0317141,
2026.03.17 14:12:05,19572689,GBPUSD,buy,out,0.03, 1.33323,81883744,0.00,0.00,0.00,- 0.87,8 563.14,MM CLOSE 0317141,
2026.03.17 14:14:01,19572701,EURUSD,buy,out,0.12, 1.15225,81883756,0.00,0.00,0.00,- 12.60,8 550.54,MM CLOSE 0317141,
2026.03.17 14:14:06,19572702,GBPUSD,buy,out,0.01, 1.33353,81883757,0.00,0.00,0.00,- 0.79,8 549.75,MM CLOSE 0317141,
2026.03.17 14:16:01,19572713,EURUSD,buy,out,0.02, 1.15227,81883765,0.00,0.00,0.00,- 2.12,8 547.63,MM CLOSE 0317141,
2026.03.17 14:31:52,19572809,GBPUSD,buy,out,0.01, 1.33291,81883862,0.00,0.00,0.00, 0.52,8 548.15,MM CLOSE 0317143,
2026.03.17 14:32:06,19572816,EURUSD,buy,out,0.01, 1.15184,81883869,0.00,0.00,0.00, 0.46,8 548.61,MM CLOSE 0317143,
2026.03.17 14:32:07,19572817,GBPUSD,buy,out,0.01, 1.33316,81883870,0.00,0.00,0.00, 0.48,8 549.09,MM CLOSE 0317143,
2026.03.17 14:32:11,19572818,EURUSD,buy,out,0.01, 1.15187,81883871,0.00,0.00,0.00, 0.29,8 549.38,MM CLOSE 0317143,
2026.03.17 15:01:53,19572997,EURUSD,buy,out,0.13, 1.15314,81884055,0.00,0.00,0.00,- 32.63,8 516.75,MM CLOSE 0317150,
2026.03.17 15:02:29,19573008,EURUSD,buy,out,0.13, 1.15324,81884066,0.00,0.00,0.00,- 34.45,8 482.30,MM CLOSE 0317150,
2026.03.17 15:02:43,19573011,EURUSD,buy,out,0.13, 1.15327,81884069,0.00,0.00,0.00,- 36.14,8 446.16,MM CLOSE 0317150,
2026.03.17 15:02:58,19573040,EURUSD,buy,out,0.13, 1.15355,81884103,0.00,0.00,0.00,- 36.92,8 409.24,MM CLOSE 0317150,
2026.03.17 15:03:12,19573042,EURUSD,buy,out,0.13, 1.15349,81884105,0.00,0.00,0.00,- 34.97,8 374.27,MM CLOSE 0317150,
2026.03.17 15:03:27,19573048,EURUSD,buy,out,0.13, 1.15359,81884110,0.00,0.00,0.00,- 31.20,8 343.07,MM CLOSE 0317150,
2026.03.17 15:03:41,19573051,EURUSD,buy,out,0.13, 1.15358,81884113,0.00,0.00,0.00,- 31.33,8 311.74,MM CLOSE 0317150,
2026.03.17 15:03:56,19573056,EURUSD,buy,out,0.13, 1.15367,81884118,0.00,0.00,0.00,- 31.33,8 280.41,MM CLOSE 0317150,
2026.03.17 15:04:11,19573060,EURUSD,buy,out,0.13, 1.15339,81884122,0.00,0.00,0.00,- 29.51,8 250.90,MM CLOSE 0317150,
2026.03.17 15:04:26,19573065,EURUSD,buy,out,0.13, 1.15329,81884127,0.00,0.00,0.00,- 23.92,8 226.98,MM CLOSE 0317150,
2026.03.17 15:04:41,19573067,EURUSD,buy,out,0.13, 1.15354,81884129,0.00,0.00,0.00,- 29.64,8 197.34,MM CLOSE 0317150,
2026.03.17 15:04:56,19573071,EURUSD,buy,out,0.13, 1.15348,81884133,0.00,0.00,0.00,- 27.43,8 169.91,MM CLOSE 0317150,
2026.03.17 15:05:10,19573076,EURUSD,buy,out,0.09, 1.15342,81884138,0.00,0.00,0.00,- 16.65,8 153.26,MM CLOSE 0317150,
2026.03.17 15:05:25,19573080,EURUSD,buy,out,0.01, 1.15340,81884142,0.00,0.00,0.00,- 1.90,8 151.36,MM CLOSE 0317150,
2026.03.17 15:05:39,19573085,EURUSD,buy,out,0.01, 1.15340,81884147,0.00,0.00,0.00,- 1.99,8 149.37,MM CLOSE 0317150,
2026.03.17 15:05:54,19573088,EURUSD,buy,out,0.01, 1.15329,81884150,0.00,0.00,0.00,- 2.29,8 147.08,MM CLOSE 0317150,
2026.03.17 15:06:22,19573092,EURUSD,buy,out,0.01, 1.15314,81884154,0.00,0.00,0.00,- 2.15,8 144.93,MM CLOSE 0317150,
2026.03.17 15:06:53,19573099,EURUSD,buy,out,0.01, 1.15323,81884161,0.00,0.00,0.00,- 2.56,8 142.37,MM CLOSE 0317150,
2026.03.17 15:07:08,19573105,EURUSD,buy,out,0.01, 1.15333,81884167,0.00,0.00,0.00,- 2.89,8 139.48,MM CLOSE 0317150,
2026.03.17 15:24:10,19573284,GBPUSD,buy,out,0.03, 1.33538,81884343,0.00,0.00,0.00,- 8.91,8 130.57,MM CLOSE 0317152,
2026.03.17 15:24:25,19573294,GBPUSD,buy,out,0.03, 1.33525,81884355,0.00,0.00,0.00,- 8.73,8 121.84,MM CLOSE 0317152,
2026.03.17 15:33:09,19573459,GBPUSD,buy,out,0.03, 1.33564,81884517,0.00,0.00,0.00,- 10.14,8 111.70,MM CLOSE 0317153,
2026.03.17 15:33:55,19573466,GBPUSD,buy,out,0.03, 1.33558,81884524,0.00,0.00,0.00,- 8.67,8 103.03,MM CLOSE 0317153,
2026.03.17 15:34:41,19573482,GBPUSD,buy,out,0.03, 1.33559,81884540,0.00,0.00,0.00,- 9.03,8 094.00,MM CLOSE 0317153,
2026.03.17 15:35:26,19573487,GBPUSD,buy,out,0.03, 1.33566,81884545,0.00,0.00,0.00,- 8.13,8 085.87,MM CLOSE 0317153,
2026.03.17 15:36:07,19573497,GBPUSD,buy,out,0.03, 1.33580,81884556,0.00,0.00,0.00,- 7.89,8 077.98,MM CLOSE 0317153,
2026.03.17 15:36:49,19573507,GBPUSD,buy,out,0.03, 1.33592,81884564,0.00,0.00,0.00,- 7.89,8 070.09,MM CLOSE 0317153,
2026.03.17 15:37:33,19573516,GBPUSD,buy,out,0.03, 1.33564,81884573,0.00,0.00,0.00,- 7.23,8 062.86,MM CLOSE 0317153,
2026.03.17 15:38:16,19573529,GBPUSD,buy,out,0.03, 1.33576,81884586,0.00,0.00,0.00,- 7.32,8 055.54,MM CLOSE 0317153,
2026.03.17 15:38:58,19573544,GBPUSD,buy,out,0.03, 1.33571,81884601,0.00,0.00,0.00,- 7.65,8 047.89,MM CLOSE 0317153,
2026.03.17 15:39:40,19573549,GBPUSD,buy,out,0.03, 1.33568,81884606,0.00,0.00,0.00,- 7.68,8 040.21,MM CLOSE 0317153,
2026.03.17 15:39:40,19573550,GBPUSD,buy,in,1.5, 1.33568,81884607,0.00,0.00,0.00,0.00,8 040.21,MM BUY 031715394,
2026.03.17 16:22:44,19574096,GBPUSD,buy,out,0.01, 1.33463,81885165,0.00,0.00,0.00,- 1.19,8 039.02,MM CLOSE 0317162,
2026.03.17 16:22:58,19574101,USDCHF,sell,in,0.32, 0.78655,81885171,0.00,0.00,0.00,0.00,8 039.02,MM SELL 03171622,
2026.03.17 16:30:51,19574259,GBPUSD,buy,out,0.01, 1.33456,81885336,0.00,0.00,0.00,- 1.52,8 037.50,MM CLOSE 0317163,
2026.03.17 16:43:53,19574489,EURUSD,buy,in,0.06, 1.15323,81885565,0.00,0.00,0.00,0.00,8 037.50,MM BUY 031716435,
2026.03.17 16:43:54,19574490,EURUSD,sell,in,0.01, 1.15316,81885566,0.00,0.00,0.00,0.00,8 037.50,MM SELL 03171643,
2026.03.17 16:45:58,19574536,EURUSD,sell,in,0.03, 1.15352,81885613,0.00,0.00,0.00,0.00,8 037.50,MM SELL 03171645,
2026.03.17 16:48:07,19574557,EURUSD,sell,in,0.03, 1.15346,81885633,0.00,0.00,0.00,0.00,8 037.50,MM SELL 03171648,
2026.03.17 16:50:15,19574578,EURUSD,sell,in,0.03, 1.15366,81885655,0.00,0.00,0.00,0.00,8 037.50,MM SELL 03171650,
2026.03.17 16:52:21,19574608,EURUSD,sell,in,0.02, 1.15345,81885684,0.00,0.00,0.00,0.00,8 037.50,MM SELL 03171652,
2026.03.17 16:54:26,19574628,EURUSD,sell,in,0.01, 1.15361,81885705,0.00,0.00,0.00,0.00,8 037.50,MM SELL 03171654,
2026.03.17 16:55:22,19574632,GBPUSD,buy,out,0.01, 1.33521,81885709,0.00,0.00,0.00,- 3.50,8 034.00,MM CLOSE 0317165,
2026.03.17 17:04:09,19574819,EURUSD,sell,in,0.01, 1.15375,81885895,0.00,0.00,0.00,0.00,8 034.00,MM SELL 03171704,
2026.03.17 17:36:50,19575261,GBPUSD,sell,out,1.5, 1.33366,81886352,0.00,0.00,0.00,- 303.00,7 731.00,[sl 1.33368],
2026.03.17 17:36:59,19575268,EURUSD,sell,in,0.03, 1.15206,81886359,0.00,0.00,0.00,0.00,7 731.00,MM SELL 03171736,
2026.03.17 17:39:07,19575307,EURUSD,sell,in,0.03, 1.15250,81886397,0.00,0.00,0.00,0.00,7 731.00,MM SELL 03171739,
2026.03.17 17:41:15,19575355,EURUSD,sell,in,0.03, 1.15231,81886445,0.00,0.00,0.00,0.00,7 731.00,MM SELL 03171741,
2026.03.17 17:43:24,19575401,EURUSD,sell,in,0.03, 1.15228,81886490,0.00,0.00,0.00,0.00,7 731.00,MM SELL 03171743,
2026.03.17 17:45:32,19575433,EURUSD,sell,in,0.03, 1.15240,81886524,0.00,0.00,0.00,0.00,7 731.00,MM SELL 03171745,
2026.03.17 17:47:37,19575458,EURUSD,sell,in,0.03, 1.15259,81886549,0.00,0.00,0.00,0.00,7 731.00,MM SELL 03171747,
2026.03.17 17:49:40,19575477,EURUSD,sell,in,0.03, 1.15231,81886568,0.00,0.00,0.00,0.00,7 731.00,MM SELL 03171749,
2026.03.17 17:51:44,19575493,EURUSD,sell,in,0.03, 1.15223,81886585,0.00,0.00,0.00,0.00,7 731.00,MM SELL 03171751,
2026.03.17 17:53:52,19575520,EURUSD,sell,in,0.03, 1.15236,81886612,0.00,0.00,0.00,0.00,7 731.00,MM SELL 03171753,
2026.03.17 17:56:02,19575539,EURUSD,sell,in,0.03, 1.15246,81886632,0.00,0.00,0.00,0.00,7 731.00,MM SELL 03171756,
2026.03.17 17:58:10,19575559,EURUSD,sell,in,0.03, 1.15242,81886652,0.00,0.00,0.00,0.00,7 731.00,MM SELL 03171758,
2026.03.17 18:00:16,19575568,EURUSD,sell,in,0.03, 1.15248,81886660,0.00,0.00,0.00,0.00,7 731.00,MM SELL 03171800,
2026.03.17 18:02:32,19575580,EURUSD,sell,in,0.03, 1.15200,81886673,0.00,0.00,0.00,0.00,7 731.00,MM SELL 03171802,
2026.03.17 18:04:41,19575612,EURUSD,sell,in,0.03, 1.15201,81886707,0.00,0.00,0.00,0.00,7 731.00,MM SELL 03171804,
2026.03.17 18:06:44,19575628,EURUSD,sell,in,0.03, 1.15230,81886723,0.00,0.00,0.00,0.00,7 731.00,MM SELL 03171806,
2026.03.17 18:08:55,19575658,EURUSD,sell,in,0.03, 1.15217,81886753,0.00,0.00,0.00,0.00,7 731.00,MM SELL 03171808,
2026.03.17 18:11:03,19575683,EURUSD,sell,in,0.03, 1.15244,81886778,0.00,0.00,0.00,0.00,7 731.00,MM SELL 03171811,
2026.03.17 18:13:11,19575707,EURUSD,sell,in,0.03, 1.15254,81886804,0.00,0.00,0.00,0.00,7 731.00,MM SELL 03171813,
2026.03.17 18:15:13,19575719,EURUSD,sell,in,0.03, 1.15243,81886817,0.00,0.00,0.00,0.00,7 731.00,MM SELL 03171815,
2026.03.17 18:17:20,19575730,EURUSD,sell,in,0.03, 1.15254,81886828,0.00,0.00,0.00,0.00,7 731.00,MM SELL 03171817,
2026.03.17 18:19:26,19575771,EURUSD,sell,in,0.03, 1.15290,81886869,0.00,0.00,0.00,0.00,7 731.00,MM SELL 03171819,
2026.03.17 18:21:30,19575795,EURUSD,sell,in,0.03, 1.15286,81886892,0.00,0.00,0.00,0.00,7 731.00,MM SELL 03171821,
2026.03.17 18:23:24,19575813,USDCHF,buy,out,0.32, 0.78521,81886910,0.00,0.00,0.00, 54.61,7 785.61,[tp 0.78521],
2026.03.17 18:23:31,19575816,EURUSD,sell,in,0.03, 1.15285,81886913,0.00,0.00,0.00,0.00,7 785.61,MM SELL 03171823,
2026.03.17 18:25:34,19575847,EURUSD,sell,in,0.03, 1.15280,81886943,0.00,0.00,0.00,0.00,7 785.61,MM SELL 03171825,
2026.03.17 18:27:46,19575876,EURUSD,sell,in,0.03, 1.15277,81886973,0.00,0.00,0.00,0.00,7 785.61,MM SELL 03171827,
2026.03.17 18:29:51,19575888,EURUSD,sell,in,0.03, 1.15293,81886985,0.00,0.00,0.00,0.00,7 785.61,MM SELL 03171829,
2026.03.17 18:32:02,19575918,EURUSD,sell,in,0.03, 1.15287,81887016,0.00,0.00,0.00,0.00,7 785.61,MM SELL 03171832,
2026.03.17 18:34:07,19575945,EURUSD,sell,in,0.03, 1.15285,81887042,0.00,0.00,0.00,0.00,7 785.61,MM SELL 03171834,
2026.03.17 18:36:12,19575967,EURUSD,sell,in,0.03, 1.15278,81887065,0.00,0.00,0.00,0.00,7 785.61,MM SELL 03171836,
2026.03.17 18:38:14,19575977,EURUSD,sell,in,0.03, 1.15265,81887076,0.00,0.00,0.00,0.00,7 785.61,MM SELL 03171838,
2026.03.17 18:40:18,19575987,EURUSD,sell,in,0.03, 1.15301,81887087,0.00,0.00,0.00,0.00,7 785.61,MM SELL 03171840,
2026.03.17 18:42:19,19576000,EURUSD,sell,in,0.03, 1.15291,81887100,0.00,0.00,0.00,0.00,7 785.61,MM SELL 03171842,
2026.03.17 18:44:24,19576015,EURUSD,sell,in,0.03, 1.15295,81887116,0.00,0.00,0.00,0.00,7 785.61,MM SELL 03171844,
2026.03.17 18:46:34,19576036,EURUSD,sell,in,0.03, 1.15320,81887137,0.00,0.00,0.00,0.00,7 785.61,MM SELL 03171846,
2026.03.17 18:48:40,19576047,EURUSD,sell,in,0.03, 1.15311,81887148,0.00,0.00,0.00,0.00,7 785.61,MM SELL 03171848,
2026.03.17 18:50:40,19576053,EURUSD,sell,in,0.03, 1.15292,81887154,0.00,0.00,0.00,0.00,7 785.61,MM SELL 03171850,
2026.03.17 18:52:48,19576060,EURUSD,sell,in,0.03, 1.15293,81887161,0.00,0.00,0.00,0.00,7 785.61,MM SELL 03171852,
2026.03.17 18:54:57,19576068,EURUSD,sell,in,0.03, 1.15307,81887169,0.00,0.00,0.00,0.00,7 785.61,MM SELL 03171854,
2026.03.17 18:57:08,19576074,EURUSD,sell,in,0.03, 1.15291,81887175,0.00,0.00,0.00,0.00,7 785.61,MM SELL 03171857,
2026.03.17 18:59:18,19576079,EURUSD,sell,in,0.03, 1.15292,81887180,0.00,0.00,0.00,0.00,7 785.61,MM SELL 03171859,
2026.03.17 19:01:20,19576090,EURUSD,sell,in,0.03, 1.15274,81887191,0.00,0.00,0.00,0.00,7 785.61,MM SELL 03171901,
2026.03.17 19:03:37,19576116,EURUSD,sell,in,0.03, 1.15290,81887216,0.00,0.00,0.00,0.00,7 785.61,MM SELL 03171903,
2026.03.17 19:05:47,19576148,EURUSD,sell,in,0.03, 1.15293,81887248,0.00,0.00,0.00,0.00,7 785.61,MM SELL 03171905,
2026.03.17 19:07:54,19576191,EURUSD,sell,in,0.03, 1.15292,81887291,0.00,0.00,0.00,0.00,7 785.61,MM SELL 03171907,
2026.03.17 19:09:57,19576199,EURUSD,sell,in,0.03, 1.15318,81887299,0.00,0.00,0.00,0.00,7 785.61,MM SELL 03171909,
2026.03.17 19:12:07,19576223,EURUSD,sell,in,0.03, 1.15293,81887323,0.00,0.00,0.00,0.00,7 785.61,MM SELL 03171912,
2026.03.17 19:14:17,19576231,EURUSD,sell,in,0.03, 1.15281,81887331,0.00,0.00,0.00,0.00,7 785.61,MM SELL 03171914,
2026.03.17 19:16:24,19576236,EURUSD,sell,in,0.03, 1.15284,81887338,0.00,0.00,0.00,0.00,7 785.61,MM SELL 03171916,
2026.03.17 19:18:30,19576242,EURUSD,sell,in,0.03, 1.15286,81887343,0.00,0.00,0.00,0.00,7 785.61,MM SELL 03171918,
2026.03.17 19:20:36,19576257,EURUSD,sell,in,0.03, 1.15281,81887357,0.00,0.00,0.00,0.00,7 785.61,MM SELL 03171920,
2026.03.17 19:22:42,19576267,EURUSD,sell,in,0.03, 1.15297,81887368,0.00,0.00,0.00,0.00,7 785.61,MM SELL 03171922,
2026.03.17 19:24:50,19576288,EURUSD,sell,in,0.03, 1.15307,81887389,0.00,0.00,0.00,0.00,7 785.61,MM SELL 03171924,
2026.03.17 19:26:59,19576297,EURUSD,sell,in,0.03, 1.15297,81887400,0.00,0.00,0.00,0.00,7 785.61,MM SELL 03171926,
2026.03.17 19:29:09,19576309,EURUSD,sell,in,0.03, 1.15322,81887412,0.00,0.00,0.00,0.00,7 785.61,MM SELL 03171929,
2026.03.17 19:31:35,19576321,EURUSD,sell,in,0.03, 1.15333,81887424,0.00,0.00,0.00,0.00,7 785.61,MM SELL 03171931,
2026.03.17 19:33:41,19576336,EURUSD,sell,in,0.03, 1.15349,81887439,0.00,0.00,0.00,0.00,7 785.61,MM SELL 03171933,
2026.03.17 19:35:45,19576351,EURUSD,sell,in,0.03, 1.15356,81887454,0.00,0.00,0.00,0.00,7 785.61,MM SELL 03171935,
2026.03.17 19:37:52,19576364,EURUSD,sell,in,0.03, 1.15370,81887468,0.00,0.00,0.00,0.00,7 785.61,MM SELL 03171937,
2026.03.17 19:40:02,19576372,EURUSD,sell,in,0.03, 1.15383,81887475,0.00,0.00,0.00,0.00,7 785.61,MM SELL 03171940,
2026.03.17 19:42:18,19576386,EURUSD,sell,in,0.03, 1.15380,81887489,0.00,0.00,0.00,0.00,7 785.61,MM SELL 03171942,
2026.03.17 19:44:00,19576407,EURUSD,sell,out,0.06, 1.15341,81887512,0.00,0.00,0.00, 1.08,7 786.69,MM CLOSE 0317194,
2026.03.17 19:44:15,19576412,EURUSD,buy,out,0.01, 1.15359,81887516,0.00,0.00,0.00,- 0.43,7 786.26,MM CLOSE 0317194,
2026.03.17 19:45:58,19576430,EURUSD,buy,out,0.03, 1.15364,81887534,0.00,0.00,0.00,- 0.36,7 785.90,MM CLOSE 0317194,
2026.03.17 19:48:18,19576464,EURUSD,buy,out,0.03, 1.15373,81887570,0.00,0.00,0.00,- 0.81,7 785.09,MM CLOSE 0317194,
2026.03.17 19:50:23,19576478,EURUSD,buy,out,0.03, 1.15393,81887584,0.00,0.00,0.00,- 0.81,7 784.28,MM CLOSE 0317195,
2026.03.17 19:52:30,19576490,EURUSD,buy,out,0.02, 1.15394,81887597,0.00,0.00,0.00,- 0.98,7 783.30,MM CLOSE 0317195,
2026.03.17 19:54:43,19576500,EURUSD,buy,out,0.01, 1.15399,81887607,0.00,0.00,0.00,- 0.38,7 782.92,MM CLOSE 0317195,
2026.03.17 20:04:09,19576589,EURUSD,buy,out,0.01, 1.15447,81887696,0.00,0.00,0.00,- 0.72,7 782.20,MM CLOSE 0317200,
2026.03.17 20:37:13,19576818,EURUSD,buy,out,0.03, 1.15400,81887920,0.00,0.00,0.00,- 5.82,7 776.38,MM CLOSE 0317203,
2026.03.17 20:39:17,19576822,EURUSD,buy,out,0.03, 1.15410,81887924,0.00,0.00,0.00,- 4.80,7 771.58,MM CLOSE 0317203,
2026.03.17 20:41:26,19576829,EURUSD,buy,out,0.03, 1.15401,81887931,0.00,0.00,0.00,- 5.10,7 766.48,MM CLOSE 0317204,
2026.03.17 20:43:30,19576837,EURUSD,buy,out,0.03, 1.15407,81887939,0.00,0.00,0.00,- 5.37,7 761.11,MM CLOSE 0317204,
2026.03.17 20:45:34,19576842,EURUSD,buy,out,0.03, 1.15409,81887944,0.00,0.00,0.00,- 5.07,7 756.04,MM CLOSE 0317204,
2026.03.17 20:47:39,19576851,EURUSD,buy,out,0.03, 1.15434,81887954,0.00,0.00,0.00,- 5.25,7 750.79,MM CLOSE 0317204,
2026.03.17 20:49:44,19576857,EURUSD,buy,out,0.03, 1.15416,81887961,0.00,0.00,0.00,- 5.55,7 745.24,MM CLOSE 0317204,
2026.03.17 20:51:45,19576863,EURUSD,buy,out,0.03, 1.15414,81887968,0.00,0.00,0.00,- 5.73,7 739.51,MM CLOSE 0317205,
2026.03.17 20:54:04,19576884,EURUSD,buy,out,0.03, 1.15418,81887988,0.00,0.00,0.00,- 5.46,7 734.05,MM CLOSE 0317205,
2026.03.17 20:56:02,19576890,EURUSD,buy,out,0.03, 1.15416,81887994,0.00,0.00,0.00,- 5.10,7 728.95,MM CLOSE 0317205,
2026.03.17 20:58:19,19576896,EURUSD,buy,out,0.03, 1.15407,81888000,0.00,0.00,0.00,- 4.95,7 724.00,MM CLOSE 0317205,
2026.03.17 21:00:16,19576904,EURUSD,buy,out,0.03, 1.15386,81888008,0.00,0.00,0.00,- 4.14,7 719.86,MM CLOSE 0317210,
2026.03.17 21:02:39,19576929,EURUSD,buy,out,0.03, 1.15400,81888033,0.00,0.00,0.00,- 6.00,7 713.86,MM CLOSE 0317210,
2026.03.17 21:04:53,19576939,EURUSD,buy,out,0.03, 1.15396,81888043,0.00,0.00,0.00,- 5.85,7 708.01,MM CLOSE 0317210,
2026.03.17 21:06:47,19576972,EURUSD,buy,out,0.03, 1.15401,81888076,0.00,0.00,0.00,- 5.13,7 702.88,MM CLOSE 0317210,
2026.03.17 21:09:04,19576987,EURUSD,buy,out,0.03, 1.15411,81888091,0.00,0.00,0.00,- 5.82,7 697.06,MM CLOSE 0317210,
2026.03.17 21:11:10,19576991,EURUSD,buy,out,0.03, 1.15400,81888095,0.00,0.00,0.00,- 4.68,7 692.38,MM CLOSE 0317211,
2026.03.17 21:13:15,19576996,EURUSD,buy,out,0.03, 1.15401,81888100,0.00,0.00,0.00,- 4.41,7 687.97,MM CLOSE 0317211,
2026.03.17 21:15:15,19577008,EURUSD,buy,out,0.03, 1.15402,81888112,0.00,0.00,0.00,- 4.77,7 683.20,MM CLOSE 0317211,
2026.03.17 21:17:24,19577026,EURUSD,buy,out,0.03, 1.15401,81888130,0.00,0.00,0.00,- 4.41,7 678.79,MM CLOSE 0317211,
2026.03.17 21:19:28,19577045,EURUSD,buy,out,0.03, 1.15411,81888150,0.00,0.00,0.00,- 3.63,7 675.16,MM CLOSE 0317211,
2026.03.17 21:21:31,19577057,EURUSD,buy,out,0.03, 1.15403,81888164,0.00,0.00,0.00,- 3.51,7 671.65,MM CLOSE 0317212,
2026.03.17 21:23:31,19577067,EURUSD,buy,out,0.03, 1.15399,81888175,0.00,0.00,0.00,- 3.42,7 668.23,MM CLOSE 0317212,
2026.03.17 21:25:37,19577073,EURUSD,buy,out,0.03, 1.15401,81888181,0.00,0.00,0.00,- 3.63,7 664.60,MM CLOSE 0317212,
2026.03.17 21:27:57,19577077,EURUSD,buy,out,0.03, 1.15396,81888186,0.00,0.00,0.00,- 3.57,7 661.03,MM CLOSE 0317212,
2026.03.17 21:30:01,19577091,EURUSD,buy,out,0.03, 1.15385,81888200,0.00,0.00,0.00,- 2.76,7 658.27,MM CLOSE 0317213,
2026.03.17 21:32:10,19577108,EURUSD,buy,out,0.03, 1.15371,81888217,0.00,0.00,0.00,- 2.52,7 655.75,MM CLOSE 0317213,
2026.03.17 21:34:08,19577121,EURUSD,buy,out,0.03, 1.15360,81888230,0.00,0.00,0.00,- 2.25,7 653.50,MM CLOSE 0317213,
2026.03.17 21:36:20,19577127,EURUSD,buy,out,0.03, 1.15371,81888236,0.00,0.00,0.00,- 2.79,7 650.71,MM CLOSE 0317213,
2026.03.17 21:38:24,19577136,EURUSD,buy,out,0.03, 1.15363,81888249,0.00,0.00,0.00,- 2.94,7 647.77,MM CLOSE 0317213,
2026.03.17 21:40:24,19577138,EURUSD,buy,out,0.03, 1.15366,81888251,0.00,0.00,0.00,- 1.95,7 645.82,MM CLOSE 0317214,
2026.03.17 21:42:25,19577145,EURUSD,buy,out,0.03, 1.15375,81888258,0.00,0.00,0.00,- 2.52,7 643.30,MM CLOSE 0317214,
2026.03.17 21:44:30,19577156,EURUSD,buy,out,0.03, 1.15371,81888269,0.00,0.00,0.00,- 2.28,7 641.02,MM CLOSE 0317214,
2026.03.17 21:46:46,19577165,EURUSD,buy,out,0.03, 1.15371,81888278,0.00,0.00,0.00,- 1.53,7 639.49,MM CLOSE 0317214,
2026.03.17 21:48:52,19577169,EURUSD,buy,out,0.03, 1.15371,81888282,0.00,0.00,0.00,- 1.80,7 637.69,MM CLOSE 0317214,
2026.03.17 21:50:43,19577184,EURUSD,buy,out,0.03, 1.15365,81888297,0.00,0.00,0.00,- 2.19,7 635.50,MM CLOSE 0317215,
2026.03.17 21:53:03,19577192,EURUSD,buy,out,0.03, 1.15367,81888306,0.00,0.00,0.00,- 2.22,7 633.28,MM CLOSE 0317215,
2026.03.17 21:55:07,19577203,EURUSD,buy,out,0.03, 1.15364,81888317,0.00,0.00,0.00,- 1.71,7 631.57,MM CLOSE 0317215,
2026.03.17 21:57:17,19577218,EURUSD,buy,out,0.03, 1.15345,81888333,0.00,0.00,0.00,- 1.62,7 629.95,MM CLOSE 0317215,
2026.03.17 21:59:31,19577239,EURUSD,buy,out,0.03, 1.15351,81888354,0.00,0.00,0.00,- 1.77,7 628.18,MM CLOSE 0317215,
2026.03.17 22:01:24,19577251,EURUSD,buy,out,0.03, 1.15358,81888366,0.00,0.00,0.00,- 2.52,7 625.66,MM CLOSE 0317220,
2026.03.17 22:03:38,19577255,EURUSD,buy,out,0.03, 1.15374,81888370,0.00,0.00,0.00,- 2.52,7 623.14,MM CLOSE 0317220,
2026.03.17 22:05:47,19577283,EURUSD,buy,out,0.03, 1.15402,81888397,0.00,0.00,0.00,- 3.27,7 619.87,MM CLOSE 0317220,
2026.03.17 22:07:57,19577286,EURUSD,buy,out,0.03, 1.15387,81888399,0.00,0.00,0.00,- 2.85,7 617.02,MM CLOSE 0317220,
2026.03.17 22:10:06,19577292,EURUSD,buy,out,0.03, 1.15381,81888406,0.00,0.00,0.00,- 1.89,7 615.13,MM CLOSE 0317221,
2026.03.17 22:12:08,19577301,EURUSD,buy,out,0.03, 1.15363,81888416,0.00,0.00,0.00,- 2.10,7 613.03,MM CLOSE 0317221,
2026.03.17 22:14:18,19577306,EURUSD,buy,out,0.03, 1.15378,81888421,0.00,0.00,0.00,- 2.91,7 610.12,MM CLOSE 0317221,
2026.03.17 22:16:44,19577334,EURUSD,buy,out,0.03, 1.15383,81888449,0.00,0.00,0.00,0.00,7 610.12,,
2026.03.17 22:16:48,19577337,EURUSD,buy,out,0.03, 1.15383,81888452,0.00,0.00,0.00,- 0.09,7 610.03,,
2026.03.17 22:16:51,19577338,EURUSD,buy,out,0.03, 1.15381,81888453,0.00,0.00,0.00,- 0.33,7 609.70,,
2026.03.17 22:16:58,19577340,EURUSD,buy,out,0.03, 1.15381,81888455,0.00,0.00,0.00,- 0.75,7 608.95,,
2026.03.17 22:17:00,19577341,EURUSD,buy,out,0.03, 1.15380,81888456,0.00,0.00,0.00,- 0.93,7 608.02,,
2026.03.17 22:17:31,19577342,EURUSD,buy,out,0.03, 1.15380,81888457,0.00,0.00,0.00,- 2.88,7 605.14,MM CLOSE 0317221,
2026.03.17 22:17:42,19577343,EURUSD,buy,out,0.03, 1.15379,81888458,0.00,0.00,0.00,- 2.79,7 602.35,MM CLOSE 0317221,
2026.03.17 22:17:56,19577347,EURUSD,buy,out,0.03, 1.15380,81888462,0.00,0.00,0.00,- 2.97,7 599.38,MM CLOSE 0317221,
2026.03.17 22:18:11,19577349,EURUSD,buy,out,0.03, 1.15380,81888464,0.00,0.00,0.00,- 2.49,7 596.89,MM CLOSE 0317221,
2026.03.17 22:18:26,19577354,EURUSD,buy,out,0.03, 1.15380,81888469,0.00,0.00,0.00,- 2.19,7 594.70,MM CLOSE 0317221,
2026.03.17 22:18:27,19577355,EURUSD,buy,in,1.6, 1.15380,81888470,0.00,0.00,0.00,0.00,7 594.70,MM BUY 031722182,
2026.03.17 22:27:00,19577388,EURUSD,buy,out,0.03, 1.15370,81888507,0.00,0.00,0.00,- 2.19,7 592.51,MM CLOSE 0317222,
2026.03.17 22:27:01,19577389,GBPUSD,buy,in,0.31, 1.33532,81888508,0.00,0.00,0.00,0.00,7 592.51,MM BUY 031722270,
2026.03.17 22:27:02,19577390,GBPUSD,sell,in,0.05, 1.33524,81888509,0.00,0.00,0.00,0.00,7 592.51,MM SELL 03172227,
2026.03.17 22:29:02,19577395,GBPUSD,sell,in,0.09, 1.33517,81888514,0.00,0.00,0.00,0.00,7 592.51,MM SELL 03172229,
2026.03.17 22:29:10,19577396,EURUSD,buy,out,0.03, 1.15371,81888515,0.00,0.00,0.00,- 1.47,7 591.04,MM CLOSE 0317222,
2026.03.17 22:31:04,19577397,GBPUSD,sell,in,0.14, 1.33521,81888516,0.00,0.00,0.00,0.00,7 591.04,MM SELL 03172231,
2026.03.17 22:31:37,19577398,EURUSD,buy,out,0.03, 1.15377,81888517,0.00,0.00,0.00,- 1.32,7 589.72,MM CLOSE 0317223,
2026.03.17 22:31:38,19577399,EURUSD,sell,in,0.28, 1.15369,81888518,0.00,0.00,0.00,0.00,7 589.72,MM SELL 03172231,
2026.03.17 22:33:07,19577405,GBPUSD,sell,in,0.15, 1.33532,81888524,0.00,0.00,0.00,0.00,7 589.72,MM SELL 03172233,
2026.03.17 22:33:40,19577409,EURUSD,sell,in,0.43, 1.15375,81888528,0.00,0.00,0.00,0.00,7 589.72,MM SELL 03172233,
2026.03.17 22:35:10,19577413,GBPUSD,sell,in,0.15, 1.33542,81888532,0.00,0.00,0.00,0.00,7 589.72,MM SELL 03172235,
2026.03.17 22:35:43,19577415,EURUSD,sell,in,0.65, 1.15379,81888535,0.00,0.00,0.00,0.00,7 589.72,MM SELL 03172235,
2026.03.17 22:37:14,19577416,GBPUSD,sell,in,0.15, 1.33537,81888536,0.00,0.00,0.00,0.00,7 589.72,MM SELL 03172237,
2026.03.17 22:37:47,19577417,EURUSD,sell,in,0.8, 1.15372,81888537,0.00,0.00,0.00,0.00,7 589.72,MM SELL 03172237,
2026.03.17 22:39:19,19577420,GBPUSD,sell,in,0.15, 1.33536,81888539,0.00,0.00,0.00,0.00,7 589.72,MM SELL 03172239,
2026.03.17 22:39:51,19577421,EURUSD,sell,in,0.63, 1.15379,81888540,0.00,0.00,0.00,0.00,7 589.72,MM SELL 03172239,
2026.03.17 22:41:21,19577426,GBPUSD,sell,in,0.08, 1.33541,81888545,0.00,0.00,0.00,0.00,7 589.72,MM SELL 03172241,
2026.03.17 22:41:54,19577428,EURUSD,sell,in,0.01, 1.15381,81888547,0.00,0.00,0.00,0.00,7 589.72,MM SELL 03172241,
2026.03.17 22:51:20,19577449,EURUSD,sell,in,0.01, 1.15377,81888569,0.00,0.00,0.00,0.00,7 589.72,MM SELL 03172251,
2026.03.18 10:24:35,19579368,EURUSD,sell,out,1.6, 1.15207,81890690,0.00,0.00,- 16.56,- 276.80,7 296.36,[sl 1.15207],
2026.03.18 12:10:57,19580013,GBPUSD,sell,out,0.31, 1.33607,81891360,0.00,0.00,- 0.69, 23.25,7 318.92,,
2026.03.18 12:10:59,19580014,EURUSD,buy,out,0.8, 1.15434,81891361,0.00,0.00, 2.94,- 49.60,7 272.26,[so 47.01%/7081.68/15064.78],
2026.03.18 14:30:31,19581974,GBPUSD,buy,out,0.15, 1.33275,81893323,0.00,0.00,- 0.40, 40.05,7 311.91,[tp 1.33275],
2026.03.18 14:30:31,19581977,GBPUSD,buy,out,0.08, 1.33273,81893326,0.00,0.00,- 0.21, 21.44,7 333.14,[tp 1.33274],
2026.03.18 14:30:31,19581978,GBPUSD,buy,out,0.15, 1.33270,81893327,0.00,0.00,- 0.40, 40.05,7 372.79,[tp 1.33270],
2026.03.18 14:30:31,19581979,GBPUSD,buy,out,0.15, 1.33267,81893328,0.00,0.00,- 0.40, 40.35,7 412.74,[tp 1.33269],
2026.03.18 14:30:32,19581981,GBPUSD,buy,out,0.15, 1.33265,81893330,0.00,0.00,- 0.40, 40.05,7 452.39,[tp 1.33265],
2026.03.18 14:42:56,19582238,GBPUSD,buy,out,0.05, 1.33256,81893594,0.00,0.00,- 0.13, 13.40,7 465.66,[tp 1.33257],
2026.03.18 14:42:57,19582242,GBPUSD,buy,out,0.14, 1.33254,81893597,0.00,0.00,- 0.37, 37.38,7 502.67,[tp 1.33254],
2026.03.18 14:42:58,19582244,GBPUSD,buy,out,0.09, 1.33249,81893599,0.00,0.00,- 0.24, 24.12,7 526.55,[tp 1.33250],
2026.03.18 14:44:12,19582301,EURUSD,buy,out,0.01, 1.15150,81893654,0.00,0.00, 0.04, 2.31,7 528.90,[tp 1.15150],
2026.03.18 14:44:16,19582310,EURUSD,buy,out,0.65, 1.15148,81893661,0.00,0.00, 2.39, 150.15,7 681.44,[tp 1.15148],
2026.03.18 14:44:16,19582311,EURUSD,buy,out,0.63, 1.15148,81893662,0.00,0.00, 2.32, 145.53,7 829.29,[tp 1.15148],
2026.03.18 14:44:17,19582313,EURUSD,buy,out,0.01, 1.15146,81893664,0.00,0.00, 0.04, 2.31,7 831.64,[tp 1.15146],
2026.03.18 14:44:17,19582314,EURUSD,buy,out,0.43, 1.15144,81893665,0.00,0.00, 1.58, 99.33,7 932.55,[tp 1.15144],
2026.03.18 14:44:18,19582316,EURUSD,buy,out,0.28, 1.15138,81893667,0.00,0.00, 1.03, 64.68,7 998.26,[tp 1.15138],
2026.03.19 10:07:24,19591681,USDCHF,sell,in,2.04, 0.79260,81903240,0.00,0.00,0.00,0.00,7 998.26,MM SELL 03191007,
2026.03.19 10:07:29,19591684,EURUSD,sell,in,0.26, 1.14463,81903243,0.00,0.00,0.00,0.00,7 998.26,MM SELL 03191007,
2026.03.19 10:07:30,19591685,GBPUSD,sell,in,0.03, 1.32533,81903244,0.00,0.00,0.00,0.00,7 998.26,MM SELL 03191007,
2026.03.19 10:30:48,19592018,USDCHF,buy,out,2.04, 0.79380,81903596,0.00,0.00,0.00,- 308.39,7 689.87,[sl 0.79379],
2026.03.19 10:30:52,19592031,USDCHF,sell,in,1.67, 0.79361,81903611,0.00,0.00,0.00,0.00,7 689.87,MM SELL 03191030,
2026.03.19 10:32:30,19592047,USDCHF,buy,out,1.67, 0.79217,81903628,0.00,0.00,0.00, 303.57,7 993.44,[tp 0.79226],
2026.03.19 10:32:33,19592048,USDCHF,sell,in,1.74, 0.79190,81903629,0.00,0.00,0.00,0.00,7 993.44,MM SELL 03191032,
2026.03.19 10:35:31,19592113,USDCHF,buy,out,1.74, 0.79309,81903694,0.00,0.00,0.00,- 261.08,7 732.36,[sl 0.79309],
2026.03.19 10:35:37,19592114,USDCHF,sell,in,1.68, 0.79294,81903695,0.00,0.00,0.00,0.00,7 732.36,MM SELL 03191035,
2026.03.19 11:06:19,19592607,EURUSD,buy,out,0.26, 1.14636,81904188,0.00,0.00,0.00,- 44.98,7 687.38,[sl 1.14635],
2026.03.19 11:06:23,19592608,EURUSD,sell,in,0.47, 1.14629,81904191,0.00,0.00,0.00,0.00,7 687.38,MM SELL 03191106,
2026.03.19 11:19:33,19592743,GBPUSD,buy,out,0.03, 1.32732,81904333,0.00,0.00,0.00,- 5.97,7 681.41,[sl 1.32732],
2026.03.19 11:19:36,19592745,GBPUSD,sell,in,0.01, 1.32719,81904334,0.00,0.00,0.00,0.00,7 681.41,MM SELL 03191119,
2026.03.19 11:21:59,19592812,EURUSD,buy,out,0.47, 1.14802,81904406,0.00,0.00,0.00,- 81.31,7 600.10,[sl 1.14800],
2026.03.19 11:22:04,19592816,EURUSD,sell,in,0.45, 1.14787,81904410,0.00,0.00,0.00,0.00,7 600.10,MM SELL 03191122,
2026.03.19 11:26:34,19592958,EURUSD,buy,out,0.45, 1.14589,81904555,0.00,0.00,0.00, 89.10,7 689.20,[tp 1.14592],
2026.03.19 11:26:35,19592962,EURUSD,sell,in,0.42, 1.14569,81904559,0.00,0.00,0.00,0.00,7 689.20,MM SELL 03191126,
2026.03.19 11:41:44,19593180,USDCHF,buy,out,1.68, 0.79422,81904784,0.00,0.00,0.00,- 270.76,7 418.44,[sl 0.79413],
2026.03.19 11:41:58,19593181,USDCHF,buy,in,1.46, 0.79413,81904786,0.00,0.00,0.00,0.00,7 418.44,MM BUY 031911415,
2026.03.19 11:41:58,19593182,USDCHF,sell,in,0.21, 0.79404,81904787,0.00,0.00,0.00,0.00,7 418.44,MM SELL 03191141,
2026.03.19 11:43:59,19593206,USDCHF,sell,in,0.4, 0.79438,81904812,0.00,0.00,0.00,0.00,7 418.44,MM SELL 03191143,
2026.03.19 11:46:00,19593238,USDCHF,sell,in,0.73, 0.79494,81904844,0.00,0.00,0.00,0.00,7 418.44,MM SELL 03191146,
2026.03.19 11:47:18,19593262,EURUSD,buy,out,0.42, 1.14742,81904867,0.00,0.00,0.00,- 72.66,7 345.78,[sl 1.14741],
2026.03.19 11:48:05,19593274,USDCHF,sell,in,0.73, 0.79512,81904879,0.00,0.00,0.00,0.00,7 345.78,MM SELL 03191148,
2026.03.19 11:50:05,19593315,USDCHF,sell,in,0.73, 0.79469,81904919,0.00,0.00,0.00,0.00,7 345.78,MM SELL 03191150,
2026.03.19 11:51:43,19593370,GBPUSD,buy,out,0.01, 1.32918,81904972,0.00,0.00,0.00,- 1.99,7 343.79,[sl 1.32918],
2026.03.19 11:52:08,19593387,USDCHF,sell,in,0.73, 0.79499,81904990,0.00,0.00,0.00,0.00,7 343.79,MM SELL 03191152,
2026.03.19 11:54:10,19593416,USDCHF,sell,in,0.14, 0.79457,81905021,0.00,0.00,0.00,0.00,7 343.79,MM SELL 03191154,
2026.03.19 11:56:13,19593430,USDCHF,sell,in,0.02, 0.79457,81905035,0.00,0.00,0.00,0.00,7 343.79,MM SELL 03191156,
2026.03.19 11:58:03,19593443,USDCHF,sell,out,1.46, 0.79411,81905049,0.00,0.00,0.00,- 3.68,7 340.11,[sl 0.79413],
2026.03.19 12:01:07,19593486,USDCHF,buy,out,0.73, 0.79351,81905091,0.00,0.00,0.00, 148.11,7 488.22,[tp 0.79353],
2026.03.19 12:01:35,19593491,USDCHF,buy,out,0.73, 0.79341,81905097,0.00,0.00,0.00, 145.37,7 633.59,[tp 0.79341],
2026.03.19 12:05:48,19593520,USDCHF,buy,out,0.73, 0.79334,81905129,0.00,0.00,0.00, 147.23,7 780.82,[tp 0.79335],
2026.03.19 12:42:09,19593890,USDCHF,buy,out,0.21, 0.79542,81905519,0.00,0.00,0.00,- 36.43,7 744.39,MM CLOSE 0319124,
2026.03.19 12:42:23,19593896,USDCHF,buy,out,0.4, 0.79539,81905526,0.00,0.00,0.00,- 50.79,7 693.60,MM CLOSE 0319124,
2026.03.19 12:42:23,19593898,USDCHF,buy,in,1.18, 0.79539,81905527,0.00,0.00,0.00,0.00,7 693.60,MM BUY 031912422,
2026.03.19 14:07:24,19594779,USDCHF,sell,out,1.18, 0.79420,81906429,0.00,0.00,0.00,- 176.81,7 516.79,[sl 0.79420],
2026.03.19 14:07:35,19594785,EURUSD,buy,in,1.02, 1.14831,81906436,0.00,0.00,0.00,0.00,7 516.79,MM BUY 031914073,
2026.03.19 14:07:35,19594788,EURUSD,sell,in,0.15, 1.14829,81906439,0.00,0.00,0.00,0.00,7 516.79,MM SELL 03191407,
2026.03.19 14:09:36,19594811,EURUSD,sell,in,0.26, 1.14767,81906461,0.00,0.00,0.00,0.00,7 516.79,MM SELL 03191409,
2026.03.19 14:11:36,19594842,EURUSD,sell,in,0.48, 1.14771,81906492,0.00,0.00,0.00,0.00,7 516.79,MM SELL 03191411,
2026.03.19 14:13:41,19594870,EURUSD,sell,in,0.51, 1.14756,81906522,0.00,0.00,0.00,0.00,7 516.79,MM SELL 03191413,
2026.03.19 14:15:42,19594900,EURUSD,sell,in,0.51, 1.14741,81906551,0.00,0.00,0.00,0.00,7 516.79,MM SELL 03191415,
2026.03.19 14:17:46,19594928,EURUSD,sell,in,0.24, 1.14754,81906579,0.00,0.00,0.00,0.00,7 516.79,MM SELL 03191417,
2026.03.19 14:19:46,19594950,EURUSD,sell,in,0.03, 1.14740,81906602,0.00,0.00,0.00,0.00,7 516.79,MM SELL 03191419,
2026.03.19 14:21:49,19594971,EURUSD,sell,in,0.01, 1.14744,81906629,0.00,0.00,0.00,0.00,7 516.79,MM SELL 03191421,
2026.03.19 14:23:51,19594997,EURUSD,sell,in,0.01, 1.14702,81906656,0.00,0.00,0.00,0.00,7 516.79,MM SELL 03191423,
2026.03.19 14:27:03,19595073,EURUSD,sell,out,1.02, 1.14658,81906730,0.00,0.00,0.00,- 176.46,7 340.33,[sl 1.14659],
2026.03.19 14:27:18,19595081,EURUSD,buy,out,0.15, 1.14643,81906737,0.00,0.00,0.00, 27.90,7 368.23,MM CLOSE 0319142,
2026.03.19 14:28:02,19595095,EURUSD,buy,out,0.26, 1.14650,81906750,0.00,0.00,0.00, 30.42,7 398.65,MM CLOSE 0319142,
2026.03.19 14:28:16,19595096,EURUSD,buy,out,0.48, 1.14654,81906751,0.00,0.00,0.00, 56.16,7 454.81,MM CLOSE 0319142,
2026.03.19 14:28:46,19595106,EURUSD,buy,out,0.51, 1.14653,81906761,0.00,0.00,0.00, 52.53,7 507.34,MM CLOSE 0319142,
2026.03.19 14:29:00,19595109,EURUSD,buy,out,0.51, 1.14650,81906764,0.00,0.00,0.00, 46.41,7 553.75,MM CLOSE 0319142,
2026.03.19 14:29:14,19595113,EURUSD,buy,out,0.24, 1.14652,81906768,0.00,0.00,0.00, 24.48,7 578.23,MM CLOSE 0319142,
2026.03.19 14:30:12,19595125,EURUSD,buy,out,0.03, 1.14648,81906781,0.00,0.00,0.00, 2.76,7 580.99,MM CLOSE 0319143,
2026.03.19 14:30:27,19595132,EURUSD,buy,out,0.01, 1.14643,81906788,0.00,0.00,0.00, 1.01,7 582.00,MM CLOSE 0319143,
2026.03.19 14:32:34,19595185,USDCHF,buy,out,0.73, 0.79415,81906841,0.00,0.00,0.00, 49.64,7 631.64,MM CLOSE 0319143,
2026.03.19 14:32:34,19595186,USDCHF,buy,in,1.8, 0.79415,81906842,0.00,0.00,0.00,0.00,7 631.64,MM BUY 031914323,
2026.03.19 15:02:05,19595824,USDCHF,buy,out,0.14, 0.79428,81907479,0.00,0.00,0.00, 5.11,7 636.75,MM CLOSE 0319150,
2026.03.19 15:02:16,19595842,GBPUSD,buy,in,0.31, 1.32978,81907496,0.00,0.00,0.00,0.00,7 636.75,MM BUY 031915021,
2026.03.19 15:02:16,19595843,GBPUSD,sell,in,0.05, 1.32968,81907497,0.00,0.00,0.00,0.00,7 636.75,MM SELL 03191502,
2026.03.19 15:04:18,19595918,GBPUSD,sell,in,0.07, 1.33038,81907570,0.00,0.00,0.00,0.00,7 636.75,MM SELL 03191504,
2026.03.19 15:06:22,19596011,GBPUSD,sell,in,0.13, 1.33012,81907667,0.00,0.00,0.00,0.00,7 636.75,MM SELL 03191506,
2026.03.19 15:08:23,19596052,GBPUSD,sell,in,0.15, 1.33013,81907707,0.00,0.00,0.00,0.00,7 636.75,MM SELL 03191508,
2026.03.19 15:10:26,19596090,GBPUSD,sell,in,0.15, 1.32970,81907746,0.00,0.00,0.00,0.00,7 636.75,MM SELL 03191510,
2026.03.19 15:10:35,19596096,USDCHF,buy,out,0.02, 0.79427,81907752,0.00,0.00,0.00, 0.76,7 637.51,MM CLOSE 0319151,
2026.03.19 15:10:36,19596097,USDCHF,sell,in,0.14, 0.79417,81907753,0.00,0.00,0.00,0.00,7 637.51,MM SELL 03191510,
2026.03.19 15:12:31,19596142,GBPUSD,sell,in,0.15, 1.32968,81907798,0.00,0.00,0.00,0.00,7 637.51,MM SELL 03191512,
2026.03.19 15:12:40,19596144,USDCHF,sell,in,0.07, 0.79398,81907800,0.00,0.00,0.00,0.00,7 637.51,MM SELL 03191512,
2026.03.19 15:14:31,19596160,GBPUSD,sell,in,0.09, 1.32985,81907817,0.00,0.00,0.00,0.00,7 637.51,MM SELL 03191514,
2026.03.19 15:14:45,19596162,USDCHF,sell,in,0.03, 0.79386,81907819,0.00,0.00,0.00,0.00,7 637.51,MM SELL 03191514,
2026.03.19 15:16:31,19596216,GBPUSD,sell,in,0.04, 1.32992,81907873,0.00,0.00,0.00,0.00,7 637.51,MM SELL 03191516,
2026.03.19 15:16:45,19596229,USDCHF,sell,in,0.01, 0.79393,81907886,0.00,0.00,0.00,0.00,7 637.51,MM SELL 03191516,
2026.03.19 15:18:05,19596287,GBPUSD,sell,out,0.31, 1.33020,81907943,0.00,0.00,0.00, 13.02,7 650.53,,
2026.03.19 15:19:30,19596357,USDCHF,buy,out,0.14, 0.79336,81908013,0.00,0.00,0.00, 14.29,7 664.82,,
2026.03.19 15:19:31,19596358,USDCHF,buy,out,0.07, 0.79339,81908014,0.00,0.00,0.00, 5.21,7 670.03,,
2026.03.19 15:19:35,19596360,GBPUSD,buy,out,0.05, 1.33190,81908016,0.00,0.00,0.00,- 11.10,7 658.93,MM CLOSE 0319151,
2026.03.19 15:20:05,19596378,GBPUSD,buy,out,0.07, 1.33196,81908036,0.00,0.00,0.00,- 11.06,7 647.87,MM CLOSE 0319152,
2026.03.19 15:21:09,19596428,USDCHF,buy,out,0.03, 0.79351,81908083,0.00,0.00,0.00, 1.32,7 649.19,,
2026.03.19 15:21:10,19596430,USDCHF,buy,out,0.01, 0.79349,81908085,0.00,0.00,0.00, 0.55,7 649.74,,
2026.03.19 15:22:43,19596456,GBPUSD,buy,out,0.04, 1.33178,81908113,0.00,0.00,0.00,- 7.44,7 642.30,,
2026.03.19 15:22:46,19596457,EURUSD,buy,out,0.01, 1.14943,81908114,0.00,0.00,0.00,- 2.41,7 639.89,,
2026.03.19 15:27:11,19596556,GBPUSD,buy,out,0.13, 1.33030,81908212,0.00,0.00,0.00,- 2.34,7 637.55,,
2026.03.19 15:27:13,19596557,GBPUSD,buy,out,0.15, 1.33029,81908213,0.00,0.00,0.00,- 2.40,7 635.15,,
2026.03.19 15:27:15,19596558,GBPUSD,buy,out,0.09, 1.33029,81908214,0.00,0.00,0.00,- 3.96,7 631.19,,
2026.03.19 15:31:57,19596743,GBPUSD,buy,out,0.15, 1.32881,81908393,0.00,0.00,0.00, 13.05,7 644.24,,
2026.03.19 15:31:58,19596744,GBPUSD,buy,out,0.15, 1.32873,81908394,0.00,0.00,0.00, 14.55,7 658.79,,
2026.03.19 15:53:22,19597218,USDCHF,sell,out,1.8, 0.79289,81908869,0.00,0.00,0.00,- 286.04,7 372.75,[sl 0.79296],
2026.03.19 16:35:02,19598430,USDCHF,sell,in,1.88, 0.79149,81910089,0.00,0.00,0.00,0.00,7 372.75,MM SELL 03191635,
2026.03.19 16:35:29,19598441,EURUSD,buy,in,0.24, 1.15172,81910101,0.00,0.00,0.00,0.00,7 372.75,MM BUY 031916352,
2026.03.19 16:35:29,19598442,EURUSD,sell,in,0.03, 1.15165,81910102,0.00,0.00,0.00,0.00,7 372.75,MM SELL 03191635,
2026.03.19 16:35:30,19598443,GBPUSD,buy,in,0.05, 1.33611,81910103,0.00,0.00,0.00,0.00,7 372.75,MM BUY 031916353,
2026.03.19 16:35:31,19598444,GBPUSD,sell,in,0.01, 1.33601,81910104,0.00,0.00,0.00,0.00,7 372.75,MM SELL 03191635,
2026.03.19 16:37:30,19598490,EURUSD,sell,in,0.03, 1.15161,81910148,0.00,0.00,0.00,0.00,7 372.75,MM SELL 03191637,
2026.03.19 16:37:31,19598491,GBPUSD,sell,in,0.02, 1.33582,81910149,0.00,0.00,0.00,0.00,7 372.75,MM SELL 03191637,
2026.03.19 16:39:44,19598531,EURUSD,sell,in,0.07, 1.15168,81910189,0.00,0.00,0.00,0.00,7 372.75,MM SELL 03191639,
2026.03.19 16:39:45,19598532,GBPUSD,sell,in,0.02, 1.33572,81910190,0.00,0.00,0.00,0.00,7 372.75,MM SELL 03191639,
2026.03.19 16:41:51,19598573,EURUSD,sell,in,0.12, 1.15158,81910232,0.00,0.00,0.00,0.00,7 372.75,MM SELL 03191641,
2026.03.19 16:41:53,19598575,GBPUSD,sell,in,0.02, 1.33558,81910234,0.00,0.00,0.00,0.00,7 372.75,MM SELL 03191641,
2026.03.19 16:43:56,19598595,EURUSD,sell,in,0.12, 1.15133,81910255,0.00,0.00,0.00,0.00,7 372.75,MM SELL 03191643,
2026.03.19 16:43:58,19598596,GBPUSD,sell,in,0.02, 1.33488,81910256,0.00,0.00,0.00,0.00,7 372.75,MM SELL 03191643,
2026.03.19 16:46:01,19598622,EURUSD,sell,in,0.08, 1.15128,81910282,0.00,0.00,0.00,0.00,7 372.75,MM SELL 03191646,
2026.03.19 16:46:03,19598623,GBPUSD,sell,in,0.01, 1.33514,81910283,0.00,0.00,0.00,0.00,7 372.75,MM SELL 03191646,
2026.03.19 16:48:27,19598656,EURUSD,sell,in,0.01, 1.15142,81910317,0.00,0.00,0.00,0.00,7 372.75,MM SELL 03191648,
2026.03.19 16:50:44,19598684,EURUSD,sell,in,0.01, 1.15165,81910346,0.00,0.00,0.00,0.00,7 372.75,MM SELL 03191650,
2026.03.19 17:05:49,19598983,GBPUSD,sell,out,0.05, 1.33841,81910668,0.00,0.00,0.00, 11.50,7 384.25,[tp 1.33838],
2026.03.19 17:06:13,19599028,EURUSD,sell,out,0.24, 1.15368,81910715,0.00,0.00,0.00, 47.04,7 431.29,[tp 1.15368],
2026.03.19 17:06:18,19599033,EURUSD,buy,out,0.03, 1.15365,81910720,0.00,0.00,0.00,- 6.00,7 425.29,MM CLOSE 0319170,
2026.03.19 17:06:19,19599035,GBPUSD,buy,out,0.01, 1.33890,81910722,0.00,0.00,0.00,- 2.89,7 422.40,MM CLOSE 0319170,
2026.03.19 17:06:59,19599056,EURUSD,buy,out,0.03, 1.15366,81910744,0.00,0.00,0.00,- 6.15,7 416.25,MM CLOSE 0319170,
2026.03.19 17:07:00,19599058,GBPUSD,buy,out,0.02, 1.33885,81910746,0.00,0.00,0.00,- 6.06,7 410.19,MM CLOSE 0319170,
2026.03.19 17:07:42,19599076,GBPUSD,buy,out,0.02, 1.33854,81910764,0.00,0.00,0.00,- 5.64,7 404.55,MM CLOSE 0319170,
2026.03.19 17:08:24,19599085,GBPUSD,buy,out,0.02, 1.33844,81910773,0.00,0.00,0.00,- 5.72,7 398.83,MM CLOSE 0319170,
2026.03.19 17:09:18,19599111,GBPUSD,buy,out,0.02, 1.33863,81910799,0.00,0.00,0.00,- 7.50,7 391.33,MM CLOSE 0319170,
2026.03.19 17:10:03,19599120,GBPUSD,buy,out,0.01, 1.33872,81910808,0.00,0.00,0.00,- 3.58,7 387.75,MM CLOSE 0319171,
2026.03.19 17:30:10,19599460,USDCHF,buy,out,1.88, 0.79149,81911151,0.00,0.00,0.00,0.00,7 387.75,[sl 0.79149],
2026.03.19 17:56:11,19599816,EURUSD,buy,out,0.07, 1.15168,81911516,0.00,0.00,0.00,0.00,7 387.75,[sl 1.15168],
2026.03.19 18:27:10,19600301,EURUSD,buy,out,0.12, 1.15351,81912008,0.00,0.00,0.00,- 23.16,7 364.59,MM CLOSE 0319182,
2026.03.19 18:42:28,19600453,EURUSD,buy,out,0.12, 1.15356,81912163,0.00,0.00,0.00,- 26.76,7 337.83,MM CLOSE 0319184,
2026.03.19 18:42:28,19600454,EURUSD,buy,in,1.53, 1.15356,81912164,0.00,0.00,0.00,0.00,7 337.83,MM BUY 031918422,
2026.03.19 19:22:17,19600998,EURUSD,buy,out,0.08, 1.15537,81912739,0.00,0.00,0.00,- 32.72,7 305.11,MM CLOSE 0319192,
2026.03.19 19:22:17,19600999,EURUSD,buy,in,0.38, 1.15537,81912740,0.00,0.00,0.00,0.00,7 305.11,MM BUY 031919221,
2026.03.19 19:26:22,19601044,EURUSD,sell,out,1.53, 1.15552,81912787,0.00,0.00,0.00, 299.88,7 604.99,[tp 1.15552],
2026.03.19 19:26:41,19601056,USDCHF,sell,in,1.58, 0.79019,81912799,0.00,0.00,0.00,0.00,7 604.99,MM SELL 03191926,
2026.03.19 19:48:34,19601286,EURUSD,buy,out,0.01, 1.15589,81913033,0.00,0.00,0.00,- 4.47,7 600.52,MM CLOSE 0319194,
2026.03.19 19:48:49,19601288,GBPUSD,buy,in,0.15, 1.34017,81913035,0.00,0.00,0.00,0.00,7 600.52,MM BUY 031919484,
2026.03.19 19:48:49,19601289,GBPUSD,sell,in,0.03, 1.34006,81913036,0.00,0.00,0.00,0.00,7 600.52,MM SELL 03191948,
2026.03.19 19:50:48,19601300,EURUSD,buy,out,0.01, 1.15580,81913048,0.00,0.00,0.00,- 4.15,7 596.37,MM CLOSE 0319195,
2026.03.19 19:50:48,19601301,EURUSD,sell,in,0.05, 1.15573,81913049,0.00,0.00,0.00,0.00,7 596.37,MM SELL 03191950,
2026.03.19 19:50:50,19601302,GBPUSD,sell,in,0.07, 1.34009,81913050,0.00,0.00,0.00,0.00,7 596.37,MM SELL 03191950,
2026.03.19 19:53:03,19601332,EURUSD,sell,in,0.17, 1.15600,81913082,0.00,0.00,0.00,0.00,7 596.37,MM SELL 03191953,
2026.03.19 19:53:04,19601334,GBPUSD,sell,in,0.07, 1.34030,81913084,0.00,0.00,0.00,0.00,7 596.37,MM SELL 03191953,
2026.03.19 19:55:24,19601374,EURUSD,sell,in,0.19, 1.15662,81913122,0.00,0.00,0.00,0.00,7 596.37,MM SELL 03191955,
2026.03.19 19:55:25,19601375,GBPUSD,sell,in,0.07, 1.34071,81913123,0.00,0.00,0.00,0.00,7 596.37,MM SELL 03191955,
2026.03.19 19:57:29,19601389,EURUSD,sell,in,0.19, 1.15620,81913137,0.00,0.00,0.00,0.00,7 596.37,MM SELL 03191957,
2026.03.19 19:57:30,19601390,GBPUSD,sell,in,0.07, 1.34046,81913138,0.00,0.00,0.00,0.00,7 596.37,MM SELL 03191957,
2026.03.19 19:59:31,19601407,EURUSD,sell,in,0.15, 1.15592,81913156,0.00,0.00,0.00,0.00,7 596.37,MM SELL 03191959,
2026.03.19 19:59:33,19601408,GBPUSD,sell,in,0.02, 1.34027,81913157,0.00,0.00,0.00,0.00,7 596.37,MM SELL 03191959,
2026.03.19 20:01:42,19601421,EURUSD,sell,in,0.01, 1.15598,81913169,0.00,0.00,0.00,0.00,7 596.37,MM SELL 03192001,
2026.03.19 20:35:41,19601668,EURUSD,sell,in,0.01, 1.15597,81913424,0.00,0.00,0.00,0.00,7 596.37,MM SELL 03192035,
2026.03.19 20:54:13,19601786,EURUSD,sell,in,0.01, 1.15610,81913544,0.00,0.00,0.00,0.00,7 596.37,MM SELL 03192054,
2026.03.19 20:57:25,19601829,EURUSD,sell,out,0.38, 1.15736,81913588,0.00,0.00,0.00, 75.62,7 671.99,[tp 1.15733],
2026.03.19 20:57:42,19601844,EURUSD,buy,out,0.05, 1.15767,81913604,0.00,0.00,0.00,- 9.70,7 662.29,MM CLOSE 0319205,
2026.03.19 20:58:23,19601885,EURUSD,buy,out,0.17, 1.15824,81913645,0.00,0.00,0.00,- 38.08,7 624.21,MM CLOSE 0319205,
2026.03.19 20:59:26,19601915,EURUSD,buy,out,0.19, 1.15829,81913676,0.00,0.00,0.00,- 31.73,7 592.48,MM CLOSE 0319205,
2026.03.19 20:59:27,19601919,GBPUSD,sell,in,0.04, 1.34182,81913679,0.00,0.00,0.00,0.00,7 592.48,MM SELL 03192059,
2026.03.19 21:00:07,19601936,EURUSD,buy,out,0.19, 1.15846,81913695,0.00,0.00,0.00,- 42.94,7 549.54,MM CLOSE 0319210,
2026.03.19 21:00:21,19601939,USDCHF,buy,out,1.58, 0.78880,81913698,0.00,0.00,0.00, 278.42,7 827.96,[tp 0.78885],
2026.03.19 21:00:49,19601962,EURUSD,buy,out,0.15, 1.15871,81913720,0.00,0.00,0.00,- 41.85,7 786.11,MM CLOSE 0319210,
2026.03.19 21:00:50,19601966,GBPUSD,sell,out,0.15, 1.34249,81913724,0.00,0.00,0.00, 34.80,7 820.91,[tp 1.34245],
2026.03.19 21:00:56,19601970,GBPUSD,buy,out,0.03, 1.34262,81913728,0.00,0.00,0.00,- 7.68,7 813.23,MM CLOSE 0319210,
2026.03.19 21:01:40,19602016,EURUSD,buy,out,0.01, 1.15880,81913774,0.00,0.00,0.00,- 2.82,7 810.41,MM CLOSE 0319210,
2026.03.19 21:01:41,19602017,GBPUSD,buy,out,0.07, 1.34279,81913775,0.00,0.00,0.00,- 18.90,7 791.51,MM CLOSE 0319210,
2026.03.19 21:02:32,19602059,EURUSD,buy,out,0.01, 1.15907,81913817,0.00,0.00,0.00,- 3.10,7 788.41,MM CLOSE 0319210,
2026.03.19 21:02:33,19602061,GBPUSD,buy,out,0.07, 1.34310,81913819,0.00,0.00,0.00,- 19.60,7 768.81,MM CLOSE 0319210,
2026.03.19 21:03:13,19602082,EURUSD,buy,out,0.01, 1.15898,81913840,0.00,0.00,0.00,- 2.88,7 765.93,MM CLOSE 0319210,
2026.03.19 21:03:14,19602084,GBPUSD,buy,out,0.07, 1.34314,81913842,0.00,0.00,0.00,- 17.01,7 748.92,MM CLOSE 0319210,
2026.03.19 21:03:14,19602085,GBPUSD,buy,in,1.35, 1.34314,81913843,0.00,0.00,0.00,0.00,7 748.92,MM BUY 031921031,
2026.03.19 21:06:29,19602251,GBPUSD,buy,out,0.07, 1.34531,81914014,0.00,0.00,0.00,- 33.95,7 714.97,MM CLOSE 0319210,
2026.03.19 21:06:29,19602253,GBPUSD,buy,in,0.41, 1.34531,81914016,0.00,0.00,0.00,0.00,7 714.97,MM BUY 031921062,
2026.03.19 21:06:40,19602272,GBPUSD,sell,out,1.35, 1.34543,81914035,0.00,0.00,0.00, 309.15,8 024.12,[tp 1.34542],
2026.03.19 21:06:42,19602274,USDCHF,sell,in,1.64, 0.78698,81914037,0.00,0.00,0.00,0.00,8 024.12,MM SELL 03192106,
2026.03.19 21:11:45,19602556,USDCHF,buy,out,1.64, 0.78623,81914325,0.00,0.00,0.00, 156.44,8 180.56,,
2026.03.19 21:11:47,19602558,USDCHF,sell,in,1.68, 0.78614,81914327,0.00,0.00,0.00,0.00,8 180.56,MM SELL 03192111,
2026.03.19 21:11:49,19602562,GBPUSD,sell,out,0.41, 1.34623,81914331,0.00,0.00,0.00, 37.72,8 218.28,,
2026.03.19 21:11:59,19602566,EURUSD,buy,in,0.51, 1.16137,81914336,0.00,0.00,0.00,0.00,8 218.28,MM BUY 031921115,
2026.03.19 21:12:00,19602569,EURUSD,sell,in,0.08, 1.16131,81914338,0.00,0.00,0.00,0.00,8 218.28,MM SELL 03192112,
2026.03.19 21:12:04,19602575,GBPUSD,buy,out,0.02, 1.34639,81914344,0.00,0.00,0.00,- 12.24,8 206.04,,
2026.03.19 21:12:05,19602576,GBPUSD,buy,out,0.04, 1.34633,81914345,0.00,0.00,0.00,- 18.04,8 188.00,,
2026.03.19 21:12:28,19602589,EURUSD,buy,out,0.08, 1.16097,81914358,0.00,0.00,0.00, 2.72,8 190.72,,
2026.03.19 21:12:36,19602595,USDCHF,buy,out,1.68, 0.78642,81914364,0.00,0.00,0.00,- 59.82,8 130.90,,
2026.03.19 21:12:37,19602596,EURUSD,sell,out,0.51, 1.16060,81914365,0.00,0.00,0.00,- 39.27,8 091.63,,
2026.03.19 21:17:39,19602769,USDCHF,sell,in,2.06, 0.78594,81914538,0.00,0.00,0.00,0.00,8 091.63,MM SELL 03192117,
2026.03.19 21:18:07,19602784,EURUSD,buy,in,0.25, 1.16051,81914553,0.00,0.00,0.00,0.00,8 091.63,MM BUY 031921180,
2026.03.19 21:18:07,19602785,EURUSD,sell,in,0.04, 1.16040,81914554,0.00,0.00,0.00,0.00,8 091.63,MM SELL 03192118,
2026.03.19 21:18:09,19602786,GBPUSD,buy,in,0.06, 1.34570,81914555,0.00,0.00,0.00,0.00,8 091.63,MM BUY 031921180,
2026.03.19 21:18:09,19602787,GBPUSD,sell,in,0.01, 1.34562,81914556,0.00,0.00,0.00,0.00,8 091.63,MM SELL 03192118,
2026.03.19 21:21:20,19602865,USDCHF,buy,out,2.06, 0.78685,81914633,0.00,0.00,0.00,- 238.24,7 853.39,,
2026.03.19 21:21:21,19602866,GBPUSD,sell,in,0.03, 1.34542,81914634,0.00,0.00,0.00,0.00,7 853.39,MM SELL 03192121,
2026.03.19 21:21:22,19602867,EURUSD,sell,out,0.25, 1.15998,81914635,0.00,0.00,0.00,- 13.25,7 840.14,,
2026.03.19 21:21:24,19602868,EURUSD,buy,out,0.04, 1.15995,81914636,0.00,0.00,0.00, 1.80,7 841.94,,
2026.03.19 21:21:25,19602869,GBPUSD,buy,out,0.03, 1.34539,81914637,0.00,0.00,0.00, 0.09,7 842.03,,
2026.03.19 21:21:26,19602870,GBPUSD,buy,out,0.01, 1.34532,81914638,0.00,0.00,0.00, 0.30,7 842.33,,
2026.03.19 21:21:39,19602875,GBPUSD,sell,out,0.06, 1.34477,81914643,0.00,0.00,0.00,- 5.58,7 836.75,,
2026.03.19 21:21:54,19602881,USDCHF,buy,in,0.2, 0.78712,81914649,0.00,0.00,0.00,0.00,7 836.75,,
2026.03.19 21:21:57,19602885,EURUSD,sell,in,0.2, 1.15968,81914653,0.00,0.00,0.00,0.00,7 836.75,,
2026.03.19 21:21:59,19602886,GBPUSD,sell,in,0.2, 1.34499,81914654,0.00,0.00,0.00,0.00,7 836.75,,
2026.03.19 21:27:21,19602990,USDCHF,sell,out,0.2, 0.78782,81914764,0.00,0.00,0.00, 17.77,7 854.52,,
2026.03.19 21:27:22,19602991,EURUSD,buy,out,0.2, 1.15898,81914765,0.00,0.00,0.00, 14.00,7 868.52,,
2026.03.19 21:27:22,19602993,GBPUSD,buy,out,0.2, 1.34423,81914767,0.00,0.00,0.00, 15.20,7 883.72,,
2026.03.19 21:28:10,19603016,USDCHF,sell,in,2.01, 0.78799,81914789,0.00,0.00,0.00,0.00,7 883.72,MM SELL 03192128,
2026.03.19 21:28:36,19603028,EURUSD,buy,in,0.24, 1.15857,81914801,0.00,0.00,0.00,0.00,7 883.72,MM BUY 031921283,
2026.03.19 21:28:36,19603030,EURUSD,sell,in,0.04, 1.15848,81914803,0.00,0.00,0.00,0.00,7 883.72,MM SELL 03192128,
2026.03.19 21:28:37,19603031,GBPUSD,buy,in,0.06, 1.34364,81914804,0.00,0.00,0.00,0.00,7 883.72,MM BUY 031921283,
2026.03.19 21:28:37,19603032,GBPUSD,sell,in,0.01, 1.34356,81914805,0.00,0.00,0.00,0.00,7 883.72,MM SELL 03192128,
2026.03.19 21:30:46,19603071,EURUSD,sell,in,0.03, 1.15859,81914845,0.00,0.00,0.00,0.00,7 883.72,MM SELL 03192130,
2026.03.19 21:30:48,19603072,GBPUSD,sell,in,0.03, 1.34371,81914846,0.00,0.00,0.00,0.00,7 883.72,MM SELL 03192130,
2026.03.19 21:32:48,19603095,EURUSD,sell,in,0.08, 1.15835,81914869,0.00,0.00,0.00,0.00,7 883.72,MM SELL 03192132,
2026.03.19 21:32:49,19603096,GBPUSD,sell,in,0.03, 1.34344,81914870,0.00,0.00,0.00,0.00,7 883.72,MM SELL 03192132,
2026.03.19 21:34:55,19603132,EURUSD,sell,in,0.12, 1.15865,81914907,0.00,0.00,0.00,0.00,7 883.72,MM SELL 03192134,
2026.03.19 21:34:56,19603133,GBPUSD,sell,in,0.03, 1.34360,81914908,0.00,0.00,0.00,0.00,7 883.72,MM SELL 03192134,
2026.03.19 21:37:04,19603177,EURUSD,sell,in,0.12, 1.15831,81914954,0.00,0.00,0.00,0.00,7 883.72,MM SELL 03192137,
2026.03.19 21:37:06,19603179,GBPUSD,sell,in,0.03, 1.34308,81914957,0.00,0.00,0.00,0.00,7 883.72,MM SELL 03192137,
2026.03.19 21:39:21,19603204,EURUSD,sell,in,0.05, 1.15851,81914984,0.00,0.00,0.00,0.00,7 883.72,MM SELL 03192139,
2026.03.19 21:39:55,19603210,GBPUSD,sell,in,0.01, 1.34354,81914990,0.00,0.00,0.00,0.00,7 883.72,MM SELL 03192139,
2026.03.19 21:41:56,19603228,EURUSD,sell,in,0.01, 1.15868,81915009,0.00,0.00,0.00,0.00,7 883.72,MM SELL 03192141,
2026.03.19 23:28:06,19603663,GBPUSD,sell,out,0.06, 1.34155,81915457,0.00,0.00,0.00,- 12.54,7 871.18,[sl 1.34162],
2026.03.20 01:21:46,19603905,EURUSD,buy,out,0.12, 1.15780,81915742,0.00,0.00, 0.44, 6.12,7 877.74,,
2026.03.20 01:21:47,19603906,EURUSD,buy,out,0.08, 1.15780,81915743,0.00,0.00, 0.29, 4.40,7 882.43,,
2026.03.20 01:21:47,19603907,EURUSD,buy,out,0.04, 1.15780,81915744,0.00,0.00, 0.15, 2.72,7 885.30,,
2026.03.20 01:21:48,19603908,EURUSD,buy,out,0.05, 1.15780,81915745,0.00,0.00, 0.18, 3.55,7 889.03,,
2026.03.20 01:21:49,19603909,EURUSD,buy,out,0.03, 1.15780,81915746,0.00,0.00, 0.11, 2.37,7 891.51,,
2026.03.20 01:21:51,19603910,EURUSD,buy,out,0.12, 1.15780,81915747,0.00,0.00, 0.44, 10.20,7 902.15,,
2026.03.20 03:36:33,19604127,EURUSD,sell,out,0.24, 1.15681,81915976,0.00,0.00,- 2.48,- 42.24,7 857.43,[sl 1.15682],
2026.03.20 04:04:21,19604188,EURUSD,buy,out,0.01, 1.15636,81916038,0.00,0.00, 0.04, 2.32,7 859.79,[tp 1.15636],
2026.03.20 05:02:06,19604272,GBPUSD,buy,out,0.03, 1.34103,81916123,0.00,0.00,- 0.08, 8.04,7 867.75,[tp 1.34103],
2026.03.20 05:02:30,19604273,GBPUSD,buy,out,0.03, 1.34090,81916124,0.00,0.00,- 0.08, 8.10,7 875.77,[tp 1.34091],
2026.03.20 05:02:30,19604274,GBPUSD,buy,out,0.01, 1.34089,81916125,0.00,0.00,- 0.03, 2.67,7 878.41,[tp 1.34089],
2026.03.20 05:10:51,19604288,USDCHF,buy,out,2.01, 0.78929,81916139,0.00,0.00,- 32.30,- 331.06,7 515.05,[sl 0.78929],
2026.03.20 05:20:12,19604300,GBPUSD,buy,out,0.01, 1.34081,81916151,0.00,0.00,- 0.03, 2.73,7 517.75,[tp 1.34081],
2026.03.20 05:32:00,19604317,GBPUSD,buy,out,0.03, 1.34068,81916169,0.00,0.00,- 0.08, 8.28,7 525.95,[tp 1.34071],
2026.03.20 06:00:09,19604382,GBPUSD,buy,out,0.03, 1.34037,81916237,0.00,0.00,- 0.08, 8.13,7 534.00,[tp 1.34040],
2026.03.20 09:38:56,19605845,EURUSD,buy,in,1.66, 1.15691,81917737,0.00,0.00,0.00,0.00,7 534.00,MM BUY 032009385,
2026.03.20 09:38:56,19605846,EURUSD,sell,in,0.24, 1.15684,81917738,0.00,0.00,0.00,0.00,7 534.00,MM SELL 03200938,
2026.03.20 09:38:57,19605847,USDCHF,sell,in,0.52, 0.78936,81917739,0.00,0.00,0.00,0.00,7 534.00,MM SELL 03200938,
2026.03.20 09:38:57,19605848,GBPUSD,buy,in,0.05, 1.34192,81917740,0.00,0.00,0.00,0.00,7 534.00,MM BUY 032009385,
2026.03.20 09:38:57,19605849,GBPUSD,sell,in,0.01, 1.34181,81917741,0.00,0.00,0.00,0.00,7 534.00,MM SELL 03200938,
2026.03.20 09:40:56,19605861,EURUSD,sell,in,0.03, 1.15692,81917754,0.00,0.00,0.00,0.00,7 534.00,MM SELL 03200940,
2026.03.20 09:40:57,19605863,GBPUSD,sell,in,0.02, 1.34203,81917756,0.00,0.00,0.00,0.00,7 534.00,MM SELL 03200940,
2026.03.20 09:43:00,19605879,EURUSD,sell,in,0.07, 1.15684,81917774,0.00,0.00,0.00,0.00,7 534.00,MM SELL 03200943,
2026.03.20 09:43:01,19605882,GBPUSD,sell,in,0.02, 1.34234,81917776,0.00,0.00,0.00,0.00,7 534.00,MM SELL 03200943,
2026.03.20 09:45:01,19605900,EURUSD,sell,in,0.16, 1.15712,81917794,0.00,0.00,0.00,0.00,7 534.00,MM SELL 03200945,
2026.03.20 09:45:02,19605901,GBPUSD,sell,in,0.02, 1.34262,81917795,0.00,0.00,0.00,0.00,7 534.00,MM SELL 03200945,
2026.03.20 09:47:02,19605936,EURUSD,sell,in,0.28, 1.15729,81917830,0.00,0.00,0.00,0.00,7 534.00,MM SELL 03200947,
2026.03.20 09:47:04,19605937,GBPUSD,sell,in,0.02, 1.34294,81917831,0.00,0.00,0.00,0.00,7 534.00,MM SELL 03200947,
2026.03.20 09:49:05,19605956,GBPUSD,sell,in,0.02, 1.34280,81917854,0.00,0.00,0.00,0.00,7 534.00,MM SELL 03200949,
2026.03.20 09:49:09,19605960,EURUSD,sell,in,0.47, 1.15703,81917857,0.00,0.00,0.00,0.00,7 534.00,MM SELL 03200949,
2026.03.20 09:51:10,19605975,GBPUSD,sell,in,0.02, 1.34257,81917873,0.00,0.00,0.00,0.00,7 534.00,MM SELL 03200951,
2026.03.20 09:51:14,19605977,EURUSD,sell,in,0.83, 1.15699,81917875,0.00,0.00,0.00,0.00,7 534.00,MM SELL 03200951,
2026.03.20 09:53:12,19605993,GBPUSD,sell,in,0.02, 1.34270,81917892,0.00,0.00,0.00,0.00,7 534.00,MM SELL 03200953,
2026.03.20 09:53:16,19605994,EURUSD,sell,in,0.82, 1.15696,81917893,0.00,0.00,0.00,0.00,7 534.00,MM SELL 03200953,
2026.03.20 09:55:14,19606008,GBPUSD,sell,in,0.02, 1.34247,81917907,0.00,0.00,0.00,0.00,7 534.00,MM SELL 03200955,
2026.03.20 09:55:18,19606009,EURUSD,sell,in,0.11, 1.15678,81917908,0.00,0.00,0.00,0.00,7 534.00,MM SELL 03200955,
2026.03.20 09:57:17,19606025,GBPUSD,sell,in,0.01, 1.34254,81917924,0.00,0.00,0.00,0.00,7 534.00,MM SELL 03200957,
2026.03.20 10:45:13,19606523,EURUSD,sell,in,0.01, 1.15719,81918430,0.00,0.00,0.00,0.00,7 534.00,MM SELL 03201045,
2026.03.20 10:47:24,19606557,EURUSD,sell,in,0.01, 1.15691,81918465,0.00,0.00,0.00,0.00,7 534.00,MM SELL 03201047,
2026.03.20 11:00:56,19606690,EURUSD,sell,in,0.01, 1.15657,81918600,0.00,0.00,0.00,0.00,7 534.00,MM SELL 03201100,
2026.03.20 11:06:03,19606746,EURUSD,sell,in,0.01, 1.15632,81918654,0.00,0.00,0.00,0.00,7 534.00,MM SELL 03201106,
2026.03.20 11:11:43,19606808,USDCHF,buy,out,0.52, 0.78801,81918716,0.00,0.00,0.00, 89.09,7 623.09,[tp 0.78802],
2026.03.20 11:11:45,19606810,EURUSD,sell,in,0.37, 1.15701,81918718,0.00,0.00,0.00,0.00,7 623.09,MM SELL 03201111,
2026.03.20 11:11:47,19606811,GBPUSD,sell,in,0.02, 1.34134,81918719,0.00,0.00,0.00,0.00,7 623.09,MM SELL 03201111,
2026.03.20 11:13:47,19606838,EURUSD,sell,in,0.03, 1.15704,81918746,0.00,0.00,0.00,0.00,7 623.09,MM SELL 03201113,
2026.03.20 11:13:48,19606839,GBPUSD,sell,in,0.01, 1.34127,81918747,0.00,0.00,0.00,0.00,7 623.09,MM SELL 03201113,
2026.03.20 11:15:48,19606869,EURUSD,sell,in,0.01, 1.15665,81918778,0.00,0.00,0.00,0.00,7 623.09,MM SELL 03201115,
2026.03.20 11:16:34,19606876,GBPUSD,sell,in,0.01, 1.34086,81918785,0.00,0.00,0.00,0.00,7 623.09,MM SELL 03201116,
2026.03.20 11:21:39,19606955,EURUSD,sell,in,0.01, 1.15641,81918865,0.00,0.00,0.00,0.00,7 623.09,MM SELL 03201121,
2026.03.20 11:33:52,19607067,GBPUSD,buy,out,0.02, 1.34022,81918980,0.00,0.00,0.00, 5.44,7 628.53,[tp 1.34024],
2026.03.20 11:33:53,19607069,EURUSD,sell,in,0.03, 1.15618,81918982,0.00,0.00,0.00,0.00,7 628.53,MM SELL 03201133,
2026.03.20 11:33:53,19607072,GBPUSD,buy,out,0.02, 1.34010,81918985,0.00,0.00,0.00, 5.40,7 633.93,[tp 1.34011],
2026.03.20 11:33:54,19607073,GBPUSD,sell,in,0.02, 1.34005,81918986,0.00,0.00,0.00,0.00,7 633.93,MM SELL 03201133,
2026.03.20 11:36:45,19607100,EURUSD,sell,in,0.01, 1.15608,81919017,0.00,0.00,0.00,0.00,7 633.93,MM SELL 03201136,
2026.03.20 11:39:32,19607125,GBPUSD,buy,out,0.02, 1.34000,81919042,0.00,0.00,0.00, 5.40,7 639.33,[tp 1.34002],
2026.03.20 11:39:32,19607126,GBPUSD,sell,out,0.05, 1.33987,81919043,0.00,0.00,0.00,- 10.25,7 629.08,[sl 1.33991],
2026.03.20 11:39:53,19607132,GBPUSD,buy,out,0.02, 1.33993,81919049,0.00,0.00,0.00, 5.38,7 634.46,[tp 1.33993],
2026.03.20 11:40:16,19607140,GBPUSD,buy,out,0.02, 1.33988,81919057,0.00,0.00,0.00, 5.38,7 639.84,[tp 1.33988],
2026.03.20 11:40:20,19607141,EURUSD,sell,in,0.02, 1.15578,81919058,0.00,0.00,0.00,0.00,7 639.84,MM SELL 03201140,
2026.03.20 11:40:23,19607143,GBPUSD,buy,out,0.01, 1.33984,81919060,0.00,0.00,0.00, 2.70,7 642.54,[tp 1.33985],
2026.03.20 11:40:26,19607144,GBPUSD,buy,out,0.02, 1.33979,81919061,0.00,0.00,0.00, 5.36,7 647.90,[tp 1.33979],
2026.03.20 11:40:35,19607146,GBPUSD,buy,out,0.01, 1.33981,81919063,0.00,0.00,0.00, 2.00,7 649.90,MM CLOSE 0320114,
2026.03.20 11:40:49,19607150,GBPUSD,buy,out,0.02, 1.33976,81919067,0.00,0.00,0.00, 4.54,7 654.44,MM CLOSE 0320114,
2026.03.20 11:41:04,19607157,GBPUSD,buy,out,0.02, 1.33992,81919074,0.00,0.00,0.00, 4.84,7 659.28,MM CLOSE 0320114,
2026.03.20 11:42:21,19607188,EURUSD,sell,in,0.08, 1.15581,81919108,0.00,0.00,0.00,0.00,7 659.28,MM SELL 03201142,
2026.03.20 11:42:31,19607191,GBPUSD,buy,out,0.02, 1.33992,81919111,0.00,0.00,0.00, 2.84,7 662.12,MM CLOSE 0320114,
2026.03.20 11:42:46,19607206,GBPUSD,buy,out,0.01, 1.33976,81919126,0.00,0.00,0.00, 1.51,7 663.63,MM CLOSE 0320114,
2026.03.20 11:43:00,19607211,GBPUSD,buy,out,0.01, 1.33989,81919131,0.00,0.00,0.00, 0.97,7 664.60,MM CLOSE 0320114,
2026.03.20 11:43:15,19607214,GBPUSD,buy,out,0.02, 1.33978,81919134,0.00,0.00,0.00, 0.54,7 665.14,MM CLOSE 0320114,
2026.03.20 11:44:25,19607227,EURUSD,sell,in,0.08, 1.15568,81919148,0.00,0.00,0.00,0.00,7 665.14,MM SELL 03201144,
2026.03.20 11:46:26,19607263,EURUSD,sell,in,0.01, 1.15563,81919183,0.00,0.00,0.00,0.00,7 665.14,MM SELL 03201146,
2026.03.20 11:47:33,19607287,EURUSD,sell,out,1.66, 1.15512,81919208,0.00,0.00,0.00,- 297.14,7 368.00,[sl 1.15517],
2026.03.20 11:51:30,19607377,EURUSD,buy,out,0.24, 1.15514,81919297,0.00,0.00,0.00, 40.80,7 408.80,MM CLOSE 0320115,
2026.03.20 11:51:45,19607385,EURUSD,buy,out,0.03, 1.15513,81919305,0.00,0.00,0.00, 5.37,7 414.17,MM CLOSE 0320115,
2026.03.20 11:52:00,19607394,EURUSD,buy,out,0.07, 1.15505,81919314,0.00,0.00,0.00, 12.53,7 426.70,MM CLOSE 0320115,
2026.03.20 11:52:14,19607399,EURUSD,buy,out,0.16, 1.15515,81919319,0.00,0.00,0.00, 31.52,7 458.22,MM CLOSE 0320115,
2026.03.20 11:52:29,19607402,EURUSD,buy,out,0.28, 1.15511,81919322,0.00,0.00,0.00, 61.04,7 519.26,MM CLOSE 0320115,
2026.03.20 11:52:51,19607407,EURUSD,buy,out,0.47, 1.15507,81919327,0.00,0.00,0.00, 92.12,7 611.38,MM CLOSE 0320115,
2026.03.20 11:53:05,19607408,EURUSD,buy,out,0.83, 1.15515,81919329,0.00,0.00,0.00, 152.72,7 764.10,MM CLOSE 0320115,
2026.03.20 11:53:20,19607413,EURUSD,buy,out,0.82, 1.15508,81919334,0.00,0.00,0.00, 154.16,7 918.26,MM CLOSE 0320115,
2026.03.20 11:53:35,19607417,EURUSD,buy,out,0.11, 1.15505,81919338,0.00,0.00,0.00, 19.03,7 937.29,MM CLOSE 0320115,
2026.03.20 11:53:50,19607432,EURUSD,buy,out,0.01, 1.15493,81919350,0.00,0.00,0.00, 2.26,7 939.55,MM CLOSE 0320115,
2026.03.20 11:54:05,19607436,EURUSD,buy,out,0.01, 1.15497,81919354,0.00,0.00,0.00, 1.94,7 941.49,MM CLOSE 0320115,
2026.03.20 11:54:20,19607442,EURUSD,buy,out,0.01, 1.15495,81919360,0.00,0.00,0.00, 1.62,7 943.11,MM CLOSE 0320115,
2026.03.20 11:54:34,19607453,EURUSD,buy,out,0.01, 1.15486,81919371,0.00,0.00,0.00, 1.46,7 944.57,MM CLOSE 0320115,
2026.03.20 11:54:49,19607462,EURUSD,buy,out,0.37, 1.15490,81919382,0.00,0.00,0.00, 78.07,8 022.64,MM CLOSE 0320115,
2026.03.20 11:55:03,19607472,EURUSD,buy,out,0.03, 1.15492,81919394,0.00,0.00,0.00, 6.36,8 029.00,MM CLOSE 0320115,
2026.03.20 11:55:18,19607478,EURUSD,buy,out,0.01, 1.15485,81919399,0.00,0.00,0.00, 1.80,8 030.80,MM CLOSE 0320115,
2026.03.20 11:55:33,19607479,EURUSD,buy,out,0.01, 1.15491,81919400,0.00,0.00,0.00, 1.50,8 032.30,MM CLOSE 0320115,
2026.03.20 11:55:47,19607481,EURUSD,buy,out,0.03, 1.15495,81919402,0.00,0.00,0.00, 3.69,8 035.99,MM CLOSE 0320115,
2026.03.20 12:09:16,19607719,EURUSD,buy,out,0.01, 1.15377,81919645,0.00,0.00,0.00, 2.31,8 038.30,[tp 1.15377],
2026.03.20 12:42:04,19608056,EURUSD,buy,out,0.02, 1.15578,81919989,0.00,0.00,0.00,0.00,8 038.30,[sl 1.15578],
2026.03.20 12:42:08,19608057,GBPUSD,sell,in,1.4, 1.33812,81919990,0.00,0.00,0.00,0.00,8 038.30,MM SELL 03201242,
2026.03.20 14:07:07,19608768,GBPUSD,buy,out,1.4, 1.34016,81920717,0.00,0.00,0.00,- 285.60,7 752.70,[sl 1.34013],
2026.03.20 14:07:11,19608769,USDCHF,sell,in,1.8, 0.78622,81920718,0.00,0.00,0.00,0.00,7 752.70,MM SELL 03201407,
2026.03.20 14:42:25,19609013,EURUSD,buy,out,0.08, 1.15676,81920962,0.00,0.00,0.00,- 7.60,7 745.10,MM CLOSE 0320144,
2026.03.20 14:42:26,19609015,GBPUSD,buy,in,0.25, 1.33839,81920964,0.00,0.00,0.00,0.00,7 745.10,MM BUY 032014422,
2026.03.20 14:42:27,19609016,GBPUSD,sell,in,0.03, 1.33828,81920965,0.00,0.00,0.00,0.00,7 745.10,MM SELL 03201442,
2026.03.20 14:44:27,19609037,GBPUSD,sell,in,0.07, 1.33834,81920985,0.00,0.00,0.00,0.00,7 745.10,MM SELL 03201444,
2026.03.20 14:44:30,19609039,EURUSD,buy,out,0.08, 1.15689,81920987,0.00,0.00,0.00,- 9.68,7 735.42,MM CLOSE 0320144,
2026.03.20 14:46:29,19609051,EURUSD,buy,out,0.01, 1.15692,81921000,0.00,0.00,0.00,- 1.29,7 734.13,MM CLOSE 0320144,
2026.03.20 14:46:31,19609053,GBPUSD,sell,in,0.12, 1.33878,81921002,0.00,0.00,0.00,0.00,7 734.13,MM SELL 03201446,
2026.03.20 14:48:33,19609077,GBPUSD,sell,in,0.12, 1.33808,81921027,0.00,0.00,0.00,0.00,7 734.13,MM SELL 03201448,
2026.03.20 14:50:37,19609096,GBPUSD,sell,in,0.12, 1.33865,81921048,0.00,0.00,0.00,0.00,7 734.13,MM SELL 03201450,
2026.03.20 14:52:40,19609124,GBPUSD,sell,in,0.12, 1.33885,81921075,0.00,0.00,0.00,0.00,7 734.13,MM SELL 03201452,
2026.03.20 14:54:44,19609136,GBPUSD,sell,in,0.04, 1.33842,81921087,0.00,0.00,0.00,0.00,7 734.13,MM SELL 03201454,
2026.03.20 14:56:53,19609152,GBPUSD,sell,in,0.01, 1.33780,81921104,0.00,0.00,0.00,0.00,7 734.13,MM SELL 03201456,
2026.03.20 14:59:07,19609166,GBPUSD,sell,in,0.01, 1.33809,81921118,0.00,0.00,0.00,0.00,7 734.13,MM SELL 03201459,
2026.03.20 15:10:52,19609278,GBPUSD,sell,out,0.25, 1.33637,81921235,0.00,0.00,0.00,- 50.50,7 683.63,[sl 1.33640],
2026.03.20 15:11:12,19609288,GBPUSD,buy,out,0.03, 1.33631,81921245,0.00,0.00,0.00, 5.91,7 689.54,MM CLOSE 0320151,
2026.03.20 15:12:37,19609308,USDCHF,buy,out,1.8, 0.78740,81921265,0.00,0.00,0.00,- 269.75,7 419.79,[sl 0.78740],
2026.03.20 15:39:01,19609683,GBPUSD,buy,out,0.12, 1.33614,81921643,0.00,0.00,0.00, 32.52,7 452.31,[tp 1.33617],
2026.03.20 15:39:04,19609687,GBPUSD,buy,out,0.12, 1.33606,81921646,0.00,0.00,0.00, 32.64,7 484.95,[tp 1.33610],
2026.03.20 15:39:07,19609688,GBPUSD,buy,out,0.12, 1.33597,81921647,0.00,0.00,0.00, 32.16,7 517.11,[tp 1.33597],
2026.03.20 15:39:34,19609694,GBPUSD,buy,out,0.04, 1.33573,81921653,0.00,0.00,0.00, 10.76,7 527.87,[tp 1.33574],
2026.03.20 15:39:36,19609696,GBPUSD,buy,out,0.07, 1.33566,81921655,0.00,0.00,0.00, 18.76,7 546.63,[tp 1.33566],
2026.03.20 15:39:47,19609699,EURUSD,buy,in,1.53, 1.15519,81921658,0.00,0.00,0.00,0.00,7 546.63,MM BUY 032015394,
2026.03.20 15:39:47,19609700,EURUSD,sell,in,0.23, 1.15511,81921659,0.00,0.00,0.00,0.00,7 546.63,MM SELL 03201539,
2026.03.20 15:41:57,19609740,EURUSD,sell,in,0.44, 1.15560,81921700,0.00,0.00,0.00,0.00,7 546.63,MM SELL 03201541,
2026.03.20 15:44:09,19609770,EURUSD,sell,in,0.76, 1.15565,81921730,0.00,0.00,0.00,0.00,7 546.63,MM SELL 03201544,
2026.03.20 15:46:18,19609811,EURUSD,sell,in,0.76, 1.15576,81921779,0.00,0.00,0.00,0.00,7 546.63,MM SELL 03201546,
2026.03.20 15:48:19,19609839,EURUSD,sell,in,0.76, 1.15567,81921804,0.00,0.00,0.00,0.00,7 546.63,MM SELL 03201548,
2026.03.20 15:50:40,19609871,EURUSD,sell,in,0.35, 1.15511,81921835,0.00,0.00,0.00,0.00,7 546.63,MM SELL 03201550,
2026.03.20 15:52:44,19609979,EURUSD,sell,in,0.09, 1.15422,81921944,0.00,0.00,0.00,0.00,7 546.63,MM SELL 03201552,
2026.03.20 15:57:59,19610110,EURUSD,sell,in,0.01, 1.15435,81922074,0.00,0.00,0.00,0.00,7 546.63,MM SELL 03201557,
2026.03.20 15:58:47,19610139,GBPUSD,buy,out,0.12, 1.33539,81922101,0.00,0.00,0.00, 32.28,7 578.91,[tp 1.33540],
2026.03.20 15:58:47,19610140,GBPUSD,buy,out,0.01, 1.33539,81922102,0.00,0.00,0.00, 2.70,7 581.61,[tp 1.33541],
2026.03.20 15:59:18,19610157,GBPUSD,buy,out,0.01, 1.33510,81922119,0.00,0.00,0.00, 2.70,7 584.31,[tp 1.33512],
2026.03.20 16:00:05,19610185,EURUSD,sell,in,0.15, 1.15405,81922147,0.00,0.00,0.00,0.00,7 584.31,MM SELL 03201600,
2026.03.20 16:02:10,19610262,EURUSD,sell,in,0.02, 1.15398,81922223,0.00,0.00,0.00,0.00,7 584.31,MM SELL 03201602,
2026.03.20 16:04:14,19610300,EURUSD,sell,in,0.01, 1.15385,81922261,0.00,0.00,0.00,0.00,7 584.31,MM SELL 03201604,
2026.03.20 16:07:48,19610353,EURUSD,sell,in,0.01, 1.15382,81922315,0.00,0.00,0.00,0.00,7 584.31,MM SELL 03201607,
2026.03.20 16:14:45,19610605,EURUSD,sell,in,0.01, 1.15364,81922569,0.00,0.00,0.00,0.00,7 584.31,MM SELL 03201614,
2026.03.20 16:18:17,19610703,EURUSD,sell,out,1.53, 1.15339,81922666,0.00,0.00,0.00,- 275.40,7 308.91,[sl 1.15346],
2026.03.20 16:18:17,19610706,EURUSD,buy,out,0.76, 1.15345,81922668,0.00,0.00,0.00, 175.56,7 484.47,[tp 1.15345],
2026.03.20 16:18:53,19610742,EURUSD,buy,out,0.76, 1.15336,81922705,0.00,0.00,0.00, 175.56,7 660.03,[tp 1.15336],
2026.03.20 16:18:53,19610743,EURUSD,buy,out,0.76, 1.15333,81922706,0.00,0.00,0.00, 176.32,7 836.35,[tp 1.15334],
2026.03.20 16:18:53,19610744,EURUSD,buy,out,0.44, 1.15329,81922707,0.00,0.00,0.00, 101.64,7 937.99,[tp 1.15329],
2026.03.20 16:27:44,19610908,EURUSD,buy,out,0.23, 1.15280,81922873,0.00,0.00,0.00, 53.13,7 991.12,[tp 1.15280],
2026.03.20 16:27:44,19610909,EURUSD,buy,out,0.35, 1.15280,81922874,0.00,0.00,0.00, 80.85,8 071.97,[tp 1.15280],
2026.03.20 18:52:47,19613174,EURUSD,buy,out,0.09, 1.15574,81925365,0.00,0.00,0.00,- 13.68,8 058.29,MM CLOSE 0320185,
2026.03.20 18:58:08,19613231,EURUSD,buy,out,0.01, 1.15613,81925423,0.00,0.00,0.00,- 1.78,8 056.51,MM CLOSE 0320185,
2026.03.20 19:00:09,19613248,EURUSD,buy,out,0.15, 1.15601,81925441,0.00,0.00,0.00,- 29.40,8 027.11,MM CLOSE 0320190,
2026.03.20 19:02:23,19613264,EURUSD,buy,out,0.02, 1.15607,81925455,0.00,0.00,0.00,- 4.18,8 022.93,MM CLOSE 0320190,
2026.03.20 19:02:25,19613266,GBPUSD,sell,in,1.51, 1.33240,81925457,0.00,0.00,0.00,0.00,8 022.93,MM SELL 03201902,
2026.03.20 19:04:14,19613279,EURUSD,buy,out,0.01, 1.15609,81925471,0.00,0.00,0.00,- 2.24,8 020.69,MM CLOSE 0320190,
2026.03.20 19:04:42,19613284,USDCHF,sell,in,0.29, 0.78789,81925477,0.00,0.00,0.00,0.00,8 020.69,MM SELL 03201904,
2026.03.20 19:07:57,19613372,EURUSD,buy,out,0.01, 1.15622,81925568,0.00,0.00,0.00,- 2.40,8 018.29,MM CLOSE 0320190,
2026.03.20 19:14:57,19613451,EURUSD,buy,out,0.01, 1.15627,81925650,0.00,0.00,0.00,- 2.63,8 015.66,MM CLOSE 0320191,
2026.03.20 19:15:39,19613457,EURUSD,buy,in,0.05, 1.15636,81925656,0.00,0.00,0.00,0.00,8 015.66,MM BUY 032019153,
2026.03.20 19:15:53,19613459,EURUSD,sell,in,0.01, 1.15606,81925658,0.00,0.00,0.00,0.00,8 015.66,MM SELL 03201915,
2026.03.20 19:18:04,19613492,EURUSD,sell,in,0.02, 1.15605,81925691,0.00,0.00,0.00,0.00,8 015.66,MM SELL 03201918,
2026.03.20 19:20:05,19613509,EURUSD,sell,in,0.02, 1.15641,81925709,0.00,0.00,0.00,0.00,8 015.66,MM SELL 03201920,
2026.03.20 19:22:06,19613518,EURUSD,sell,in,0.02, 1.15635,81925718,0.00,0.00,0.00,0.00,8 015.66,MM SELL 03201922,
2026.03.20 19:24:09,19613535,EURUSD,sell,in,0.02, 1.15665,81925735,0.00,0.00,0.00,0.00,8 015.66,MM SELL 03201924,
2026.03.20 19:26:10,19613553,EURUSD,sell,in,0.01, 1.15660,81925752,0.00,0.00,0.00,0.00,8 015.66,MM SELL 03201926,
2026.03.20 19:40:49,19613721,GBPUSD,buy,out,1.51, 1.33440,81925922,0.00,0.00,0.00,- 302.00,7 713.66,[sl 1.33440],
2026.03.20 19:40:54,19613722,EURUSD,sell,in,0.02, 1.15637,81925923,0.00,0.00,0.00,0.00,7 713.66,MM SELL 03201940,
2026.03.20 19:42:58,19613735,EURUSD,sell,in,0.02, 1.15622,81925938,0.00,0.00,0.00,0.00,7 713.66,MM SELL 03201942,
2026.03.20 19:45:10,19613764,EURUSD,sell,in,0.02, 1.15618,81925969,0.00,0.00,0.00,0.00,7 713.66,MM SELL 03201945,
2026.03.20 19:47:14,19613783,EURUSD,sell,in,0.02, 1.15615,81925989,0.00,0.00,0.00,0.00,7 713.66,MM SELL 03201947,
2026.03.20 19:49:27,19613808,EURUSD,sell,in,0.02, 1.15622,81926013,0.00,0.00,0.00,0.00,7 713.66,MM SELL 03201949,
2026.03.20 19:51:37,19613818,EURUSD,sell,in,0.02, 1.15621,81926023,0.00,0.00,0.00,0.00,7 713.66,MM SELL 03201951,
2026.03.20 19:53:43,19613833,EURUSD,sell,in,0.02, 1.15622,81926039,0.00,0.00,0.00,0.00,7 713.66,MM SELL 03201953,
2026.03.20 19:55:54,19613851,EURUSD,sell,in,0.02, 1.15594,81926056,0.00,0.00,0.00,0.00,7 713.66,MM SELL 03201955,
2026.03.20 19:58:02,19613868,EURUSD,sell,in,0.02, 1.15605,81926073,0.00,0.00,0.00,0.00,7 713.66,MM SELL 03201958,
2026.03.20 20:00:15,19613882,EURUSD,sell,in,0.02, 1.15596,81926088,0.00,0.00,0.00,0.00,7 713.66,MM SELL 03202000,
2026.03.20 20:02:26,19613897,EURUSD,sell,in,0.02, 1.15610,81926103,0.00,0.00,0.00,0.00,7 713.66,MM SELL 03202002,
2026.03.20 20:04:35,19613904,EURUSD,sell,in,0.02, 1.15596,81926110,0.00,0.00,0.00,0.00,7 713.66,MM SELL 03202004,
2026.03.20 20:06:46,19613928,EURUSD,sell,in,0.02, 1.15610,81926136,0.00,0.00,0.00,0.00,7 713.66,MM SELL 03202006,
2026.03.20 20:08:47,19613938,EURUSD,sell,in,0.02, 1.15605,81926148,0.00,0.00,0.00,0.00,7 713.66,MM SELL 03202008,
2026.03.20 20:10:49,19613958,EURUSD,sell,in,0.02, 1.15563,81926169,0.00,0.00,0.00,0.00,7 713.66,MM SELL 03202010,
2026.03.20 20:12:56,19613987,EURUSD,sell,in,0.02, 1.15606,81926198,0.00,0.00,0.00,0.00,7 713.66,MM SELL 03202012,
2026.03.20 20:15:06,19614003,EURUSD,sell,in,0.02, 1.15606,81926214,0.00,0.00,0.00,0.00,7 713.66,MM SELL 03202015,
2026.03.20 20:17:06,19614027,EURUSD,sell,in,0.02, 1.15613,81926240,0.00,0.00,0.00,0.00,7 713.66,MM SELL 03202017,
2026.03.20 20:19:17,19614038,EURUSD,sell,in,0.02, 1.15617,81926251,0.00,0.00,0.00,0.00,7 713.66,MM SELL 03202019,
2026.03.20 20:21:19,19614068,EURUSD,sell,in,0.02, 1.15627,81926279,0.00,0.00,0.00,0.00,7 713.66,MM SELL 03202021,
2026.03.20 20:23:33,19614147,EURUSD,sell,in,0.02, 1.15498,81926357,0.00,0.00,0.00,0.00,7 713.66,MM SELL 03202023,
2026.03.20 20:25:41,19614189,EURUSD,sell,in,0.02, 1.15614,81926400,0.00,0.00,0.00,0.00,7 713.66,MM SELL 03202025,
2026.03.20 20:27:42,19614251,EURUSD,sell,in,0.02, 1.15691,81926463,0.00,0.00,0.00,0.00,7 713.66,MM SELL 03202027,
2026.03.20 20:29:43,19614300,EURUSD,sell,in,0.02, 1.15662,81926514,0.00,0.00,0.00,0.00,7 713.66,MM SELL 03202029,
2026.03.20 20:31:53,19614336,EURUSD,sell,in,0.02, 1.15684,81926550,0.00,0.00,0.00,0.00,7 713.66,MM SELL 03202031,
2026.03.20 20:34:04,19614375,EURUSD,sell,in,0.02, 1.15684,81926589,0.00,0.00,0.00,0.00,7 713.66,MM SELL 03202034,
2026.03.20 20:36:14,19614408,EURUSD,sell,in,0.02, 1.15676,81926622,0.00,0.00,0.00,0.00,7 713.66,MM SELL 03202036,
2026.03.20 20:38:21,19614459,EURUSD,sell,in,0.02, 1.15651,81926672,0.00,0.00,0.00,0.00,7 713.66,MM SELL 03202038,
2026.03.20 20:40:24,19614494,EURUSD,sell,in,0.02, 1.15670,81926705,0.00,0.00,0.00,0.00,7 713.66,MM SELL 03202040,
2026.03.20 20:42:25,19614532,EURUSD,sell,in,0.02, 1.15627,81926745,0.00,0.00,0.00,0.00,7 713.66,MM SELL 03202042,
2026.03.20 20:44:26,19614607,EURUSD,sell,in,0.02, 1.15616,81926817,0.00,0.00,0.00,0.00,7 713.66,MM SELL 03202044,
2026.03.20 20:46:28,19614632,EURUSD,sell,in,0.02, 1.15604,81926843,0.00,0.00,0.00,0.00,7 713.66,MM SELL 03202046,
2026.03.20 20:48:29,19614666,EURUSD,sell,in,0.02, 1.15568,81926876,0.00,0.00,0.00,0.00,7 713.66,MM SELL 03202048,
2026.03.20 20:50:35,19614712,EURUSD,sell,in,0.02, 1.15538,81926923,0.00,0.00,0.00,0.00,7 713.66,MM SELL 03202050,
2026.03.20 20:52:46,19614748,EURUSD,sell,in,0.02, 1.15547,81926957,0.00,0.00,0.00,0.00,7 713.66,MM SELL 03202052,
2026.03.20 20:54:49,19614770,EURUSD,sell,in,0.02, 1.15544,81926981,0.00,0.00,0.00,0.00,7 713.66,MM SELL 03202054,
2026.03.20 20:57:00,19614819,EURUSD,sell,in,0.02, 1.15498,81927021,0.00,0.00,0.00,0.00,7 713.66,MM SELL 03202056,
2026.03.20 20:59:00,19614864,EURUSD,sell,in,0.02, 1.15489,81927068,0.00,0.00,0.00,0.00,7 713.66,MM SELL 03202059,
2026.03.20 21:01:08,19614908,EURUSD,sell,in,0.02, 1.15527,81927112,0.00,0.00,0.00,0.00,7 713.66,MM SELL 03202101,
2026.03.20 21:03:11,19614953,EURUSD,sell,in,0.02, 1.15530,81927157,0.00,0.00,0.00,0.00,7 713.66,MM SELL 03202103,
2026.03.20 21:05:18,19614969,EURUSD,sell,in,0.02, 1.15528,81927175,0.00,0.00,0.00,0.00,7 713.66,MM SELL 03202105,
2026.03.20 21:07:28,19615019,EURUSD,sell,in,0.02, 1.15502,81927225,0.00,0.00,0.00,0.00,7 713.66,MM SELL 03202107,
2026.03.20 21:09:28,19615041,EURUSD,sell,in,0.02, 1.15505,81927246,0.00,0.00,0.00,0.00,7 713.66,MM SELL 03202109,
2026.03.20 21:11:31,19615060,EURUSD,sell,in,0.02, 1.15480,81927265,0.00,0.00,0.00,0.00,7 713.66,MM SELL 03202111,
2026.03.20 21:13:34,19615079,EURUSD,sell,in,0.02, 1.15497,81927285,0.00,0.00,0.00,0.00,7 713.66,MM SELL 03202113,
2026.03.20 21:15:40,19615097,EURUSD,sell,in,0.02, 1.15535,81927303,0.00,0.00,0.00,0.00,7 713.66,MM SELL 03202115,
2026.03.20 21:17:53,19615127,EURUSD,sell,in,0.02, 1.15555,81927334,0.00,0.00,0.00,0.00,7 713.66,MM SELL 03202117,
2026.03.20 21:19:54,19615155,EURUSD,sell,in,0.02, 1.15541,81927363,0.00,0.00,0.00,0.00,7 713.66,MM SELL 03202119,
2026.03.20 21:22:06,19615179,EURUSD,sell,in,0.02, 1.15531,81927386,0.00,0.00,0.00,0.00,7 713.66,MM SELL 03202122,
2026.03.20 21:24:16,19615195,EURUSD,sell,in,0.02, 1.15522,81927402,0.00,0.00,0.00,0.00,7 713.66,MM SELL 03202124,
2026.03.20 21:26:17,19615254,EURUSD,sell,in,0.02, 1.15521,81927461,0.00,0.00,0.00,0.00,7 713.66,MM SELL 03202126,
2026.03.20 21:28:18,19615281,EURUSD,sell,in,0.02, 1.15515,81927488,0.00,0.00,0.00,0.00,7 713.66,MM SELL 03202128,
2026.03.20 21:30:21,19615303,EURUSD,sell,in,0.02, 1.15524,81927510,0.00,0.00,0.00,0.00,7 713.66,MM SELL 03202130,
2026.03.20 21:32:22,19615337,EURUSD,sell,in,0.02, 1.15519,81927545,0.00,0.00,0.00,0.00,7 713.66,MM SELL 03202132,
2026.03.20 21:34:28,19615373,EURUSD,sell,in,0.02, 1.15511,81927579,0.00,0.00,0.00,0.00,7 713.66,MM SELL 03202134,
2026.03.20 21:36:29,19615431,EURUSD,sell,in,0.02, 1.15485,81927638,0.00,0.00,0.00,0.00,7 713.66,MM SELL 03202136,
2026.03.20 21:38:36,19615494,EURUSD,sell,in,0.02, 1.15470,81927704,0.00,0.00,0.00,0.00,7 713.66,MM SELL 03202138,
2026.03.20 21:40:36,19615526,EURUSD,sell,in,0.02, 1.15508,81927736,0.00,0.00,0.00,0.00,7 713.66,MM SELL 03202140,
2026.03.20 21:42:39,19615542,EURUSD,sell,in,0.02, 1.15528,81927753,0.00,0.00,0.00,0.00,7 713.66,MM SELL 03202142,
2026.03.20 21:44:43,19615569,EURUSD,sell,in,0.02, 1.15592,81927779,0.00,0.00,0.00,0.00,7 713.66,MM SELL 03202144,
2026.03.20 21:46:58,19615596,EURUSD,sell,in,0.02, 1.15571,81927807,0.00,0.00,0.00,0.00,7 713.66,MM SELL 03202146,
2026.03.20 21:48:59,19615601,EURUSD,sell,in,0.02, 1.15553,81927813,0.00,0.00,0.00,0.00,7 713.66,MM SELL 03202148,
2026.03.20 21:51:08,19615616,EURUSD,sell,in,0.02, 1.15561,81927829,0.00,0.00,0.00,0.00,7 713.66,MM SELL 03202151,
2026.03.20 21:53:09,19615637,EURUSD,sell,in,0.02, 1.15576,81927857,0.00,0.00,0.00,0.00,7 713.66,MM SELL 03202153,
2026.03.20 21:55:13,19615659,EURUSD,sell,in,0.02, 1.15605,81927886,0.00,0.00,0.00,0.00,7 713.66,MM SELL 03202155,
2026.03.20 21:57:15,19615670,EURUSD,sell,in,0.02, 1.15587,81927897,0.00,0.00,0.00,0.00,7 713.66,MM SELL 03202157,
2026.03.20 21:59:16,19615685,EURUSD,sell,in,0.02, 1.15570,81927915,0.00,0.00,0.00,0.00,7 713.66,MM SELL 03202159,
2026.03.20 22:01:18,19615727,EURUSD,sell,in,0.02, 1.15606,81927957,0.00,0.00,0.00,0.00,7 713.66,MM SELL 03202201,
2026.03.20 22:03:19,19615737,EURUSD,sell,in,0.02, 1.15612,81927967,0.00,0.00,0.00,0.00,7 713.66,MM SELL 03202203,
2026.03.20 22:04:45,19615746,USDCHF,buy,out,0.29, 0.78822,81927996,0.00,0.00,0.00,- 12.14,7 701.52,MM CLOSE 0320220,
2026.03.20 22:05:24,19615752,EURUSD,sell,in,0.02, 1.15606,81928003,0.00,0.00,0.00,0.00,7 701.52,MM SELL 03202205,
2026.03.20 22:07:35,19615762,EURUSD,sell,in,0.02, 1.15596,81928013,0.00,0.00,0.00,0.00,7 701.52,MM SELL 03202207,
2026.03.20 22:09:39,19615774,EURUSD,sell,in,0.02, 1.15601,81928024,0.00,0.00,0.00,0.00,7 701.52,MM SELL 03202209,
2026.03.20 22:11:43,19615788,EURUSD,sell,in,0.02, 1.15609,81928044,0.00,0.00,0.00,0.00,7 701.52,MM SELL 03202211,
2026.03.20 22:13:47,19615795,EURUSD,sell,in,0.02, 1.15611,81928053,0.00,0.00,0.00,0.00,7 701.52,MM SELL 03202213,
2026.03.20 22:15:40,19615804,EURUSD,sell,out,0.05, 1.15621,81928063,0.00,0.00,0.00,- 0.75,7 700.77,MM CLOSE 0320221,
2026.03.20 22:15:55,19615805,EURUSD,buy,out,0.01, 1.15627,81928064,0.00,0.00,0.00,- 0.21,7 700.56,MM CLOSE 0320221,
2026.03.20 22:18:08,19615812,EURUSD,buy,out,0.02, 1.15629,81928071,0.00,0.00,0.00,- 0.48,7 700.08,MM CLOSE 0320221,
2026.03.20 22:20:06,19615823,EURUSD,buy,out,0.02, 1.15656,81928082,0.00,0.00,0.00,- 0.30,7 699.78,MM CLOSE 0320222,
2026.03.20 22:22:09,19615836,EURUSD,buy,out,0.02, 1.15659,81928095,0.00,0.00,0.00,- 0.48,7 699.30,MM CLOSE 0320222,
2026.03.20 22:24:13,19615840,EURUSD,buy,out,0.02, 1.15642,81928099,0.00,0.00,0.00, 0.46,7 699.76,MM CLOSE 0320222,
2026.03.20 22:26:14,19615846,EURUSD,buy,out,0.01, 1.15643,81928105,0.00,0.00,0.00, 0.17,7 699.93,MM CLOSE 0320222,
2026.03.20 22:40:54,19615889,EURUSD,buy,out,0.02, 1.15662,81928150,0.00,0.00,0.00,- 0.50,7 699.43,MM CLOSE 0320224,
2026.03.20 22:43:01,19615894,EURUSD,buy,out,0.02, 1.15629,81928155,0.00,0.00,0.00,- 0.14,7 699.29,MM CLOSE 0320224,
2026.03.20 22:45:14,19615904,EURUSD,buy,out,0.02, 1.15629,81928165,0.00,0.00,0.00,- 0.22,7 699.07,MM CLOSE 0320224,
2026.03.20 22:47:17,19615918,EURUSD,buy,out,0.02, 1.15642,81928179,0.00,0.00,0.00,- 0.54,7 698.53,MM CLOSE 0320224,
2026.03.20 22:49:31,19615926,EURUSD,buy,out,0.02, 1.15654,81928187,0.00,0.00,0.00,- 0.64,7 697.89,MM CLOSE 0320224,
2026.03.20 22:51:39,19615938,EURUSD,buy,out,0.02, 1.15651,81928199,0.00,0.00,0.00,- 0.60,7 697.29,MM CLOSE 0320225,
2026.03.20 22:53:43,19615944,EURUSD,buy,out,0.02, 1.15666,81928206,0.00,0.00,0.00,- 0.88,7 696.41,MM CLOSE 0320225,
2026.03.20 22:55:55,19615958,EURUSD,buy,out,0.02, 1.15690,81928222,0.00,0.00,0.00,- 1.92,7 694.49,MM CLOSE 0320225,
2026.03.22 23:02:30,19616006,EURUSD,buy,out,0.02, 1.15385,81928247,0.00,0.00, 0.07, 4.64,7 699.20,[tp 1.15386],
2026.03.22 23:02:30,19616008,EURUSD,buy,out,0.02, 1.15385,81928248,0.00,0.00, 0.07, 4.84,7 704.11,[tp 1.15396],
2026.03.22 23:02:30,19616010,EURUSD,buy,out,0.02, 1.15385,81928249,0.00,0.00, 0.07, 6.12,7 710.30,[tp 1.15460],
2026.03.22 23:02:30,19616012,EURUSD,buy,out,0.02, 1.15385,81928250,0.00,0.00, 0.07, 5.54,7 715.91,[tp 1.15431],
2026.03.22 23:02:30,19616014,EURUSD,buy,out,0.02, 1.15385,81928251,0.00,0.00, 0.07, 5.98,7 721.96,[tp 1.15453],
2026.03.22 23:02:30,19616016,EURUSD,buy,out,0.02, 1.15385,81928252,0.00,0.00, 0.07, 5.98,7 728.01,[tp 1.15453],
2026.03.22 23:02:30,19616018,EURUSD,buy,out,0.02, 1.15385,81928253,0.00,0.00, 0.07, 5.82,7 733.90,[tp 1.15445],
2026.03.22 23:02:30,19616020,EURUSD,buy,out,0.02, 1.15385,81928254,0.00,0.00, 0.07, 5.32,7 739.29,[tp 1.15420],
2026.03.22 23:02:30,19616022,EURUSD,buy,out,0.02, 1.15385,81928255,0.00,0.00, 0.07, 5.70,7 745.06,[tp 1.15439],
2026.03.22 23:02:30,19616024,EURUSD,buy,out,0.02, 1.15385,81928256,0.00,0.00, 0.07, 4.84,7 749.97,[tp 1.15396],
2026.03.22 23:33:37,19616098,EURUSD,buy,out,0.02, 1.15383,81928340,0.00,0.00, 0.07, 4.66,7 754.70,[tp 1.15384],
2026.03.22 23:33:38,19616099,EURUSD,buy,out,0.02, 1.15382,81928341,0.00,0.00, 0.07, 4.56,7 759.33,[tp 1.15382],
2026.03.22 23:33:38,19616100,EURUSD,buy,out,0.02, 1.15382,81928342,0.00,0.00, 0.07, 4.62,7 764.02,[tp 1.15382],
2026.03.22 23:33:38,19616101,EURUSD,buy,out,0.02, 1.15382,81928343,0.00,0.00, 0.07, 4.64,7 768.73,[tp 1.15382],
2026.03.23 07:32:49,19618057,EURUSD,buy,out,0.02, 1.15381,81930476,0.00,0.00, 0.07, 4.62,7 773.42,[tp 1.15381],
2026.03.23 07:32:49,19618059,EURUSD,buy,out,0.02, 1.15380,81930478,0.00,0.00, 0.07, 4.62,7 778.11,[tp 1.15380],
2026.03.23 07:32:49,19618060,EURUSD,buy,out,0.02, 1.15378,81930479,0.00,0.00, 0.07, 4.62,7 782.80,[tp 1.15378],
2026.03.23 07:32:49,19618061,EURUSD,buy,out,0.02, 1.15378,81930480,0.00,0.00, 0.07, 4.64,7 787.51,[tp 1.15379],
2026.03.23 07:33:18,19618071,EURUSD,buy,out,0.02, 1.15375,81930490,0.00,0.00, 0.07, 4.62,7 792.20,[tp 1.15375],
2026.03.23 07:33:18,19618072,EURUSD,buy,out,0.02, 1.15375,81930491,0.00,0.00, 0.07, 4.62,7 796.89,[tp 1.15375],
2026.03.23 07:33:18,19618073,EURUSD,buy,out,0.02, 1.15375,81930492,0.00,0.00, 0.07, 4.62,7 801.58,[tp 1.15375],
2026.03.23 07:33:18,19618074,EURUSD,buy,out,0.02, 1.15375,81930493,0.00,0.00, 0.07, 4.62,7 806.27,[tp 1.15375],
2026.03.23 07:33:37,19618076,EURUSD,buy,out,0.02, 1.15374,81930495,0.00,0.00, 0.07, 4.62,7 810.96,[tp 1.15374],
2026.03.23 07:33:37,19618077,EURUSD,buy,out,0.02, 1.15374,81930496,0.00,0.00, 0.07, 4.62,7 815.65,[tp 1.15374],
2026.03.23 07:33:37,19618078,EURUSD,buy,out,0.02, 1.15374,81930497,0.00,0.00, 0.07, 4.62,7 820.34,[tp 1.15374],
2026.03.23 07:33:37,19618079,EURUSD,buy,out,0.02, 1.15373,81930498,0.00,0.00, 0.07, 4.62,7 825.03,[tp 1.15373],
2026.03.23 07:45:17,19618147,EURUSD,buy,out,0.02, 1.15369,81930570,0.00,0.00, 0.07, 4.64,7 829.74,[tp 1.15370],
2026.03.23 07:45:24,19618151,EURUSD,buy,out,0.02, 1.15366,81930574,0.00,0.00, 0.07, 4.60,7 834.41,[tp 1.15366],
2026.03.23 07:45:24,19618152,EURUSD,buy,out,0.02, 1.15364,81930575,0.00,0.00, 0.07, 4.64,7 839.12,[tp 1.15365],
2026.03.23 07:45:24,19618153,EURUSD,buy,out,0.02, 1.15364,81930576,0.00,0.00, 0.07, 4.64,7 843.83,[tp 1.15365],
2026.03.23 07:45:24,19618154,EURUSD,buy,out,0.02, 1.15361,81930577,0.00,0.00, 0.07, 4.62,7 848.52,[tp 1.15361],
2026.03.23 07:53:00,19618224,EURUSD,buy,out,0.02, 1.15355,81930647,0.00,0.00, 0.07, 4.64,7 853.23,[tp 1.15356],
2026.03.23 08:00:01,19618264,EURUSD,buy,out,0.02, 1.15345,81930690,0.00,0.00, 0.07, 4.62,7 857.92,[tp 1.15345],
2026.03.23 08:00:15,19618267,EURUSD,buy,out,0.02, 1.15339,81930693,0.00,0.00, 0.07, 4.64,7 862.63,[tp 1.15340],
2026.03.23 08:00:15,19618268,EURUSD,buy,out,0.02, 1.15339,81930694,0.00,0.00, 0.07, 4.62,7 867.32,[tp 1.15339],
2026.03.23 08:00:17,19618271,EURUSD,buy,out,0.02, 1.15337,81930697,0.00,0.00, 0.07, 4.62,7 872.01,[tp 1.15337],
2026.03.23 08:00:18,19618272,EURUSD,buy,out,0.02, 1.15331,81930698,0.00,0.00, 0.07, 4.64,7 876.72,[tp 1.15332],
2026.03.23 08:00:18,19618274,EURUSD,buy,out,0.02, 1.15330,81930699,0.00,0.00, 0.07, 4.62,7 881.41,[tp 1.15330],
2026.03.23 08:02:39,19618304,EURUSD,buy,out,0.02, 1.15324,81930729,0.00,0.00, 0.07, 4.62,7 886.10,[tp 1.15324],
2026.03.23 08:02:45,19618307,EURUSD,buy,out,0.02, 1.15322,81930732,0.00,0.00, 0.07, 4.62,7 890.79,[tp 1.15322],
2026.03.23 08:04:16,19618318,EURUSD,buy,out,0.02, 1.15314,81930744,0.00,0.00, 0.07, 4.66,7 895.52,[tp 1.15316],
2026.03.23 08:04:35,19618321,EURUSD,buy,out,0.02, 1.15311,81930747,0.00,0.00, 0.07, 4.66,7 900.25,[tp 1.15312],
2026.03.23 08:04:35,19618322,EURUSD,buy,out,0.02, 1.15309,81930748,0.00,0.00, 0.07, 4.64,7 904.96,[tp 1.15310],
2026.03.23 08:04:36,19618323,EURUSD,buy,out,0.02, 1.15306,81930749,0.00,0.00, 0.07, 4.64,7 909.67,[tp 1.15307],
2026.03.23 08:04:37,19618324,EURUSD,buy,out,0.02, 1.15304,81930751,0.00,0.00, 0.07, 4.62,7 914.36,[tp 1.15304],
2026.03.23 08:05:37,19618344,EURUSD,buy,out,0.02, 1.15300,81930766,0.00,0.00, 0.07, 4.62,7 919.05,[tp 1.15300],
2026.03.23 08:05:38,19618345,EURUSD,buy,out,0.02, 1.15299,81930767,0.00,0.00, 0.07, 4.62,7 923.74,[tp 1.15299],
2026.03.23 08:05:43,19618350,EURUSD,buy,out,0.02, 1.15296,81930772,0.00,0.00, 0.07, 4.62,7 928.43,[tp 1.15296],
2026.03.23 08:05:43,19618351,EURUSD,buy,out,0.02, 1.15296,81930773,0.00,0.00, 0.07, 4.64,7 933.14,[tp 1.15297],
2026.03.23 08:05:43,19618352,EURUSD,buy,out,0.02, 1.15296,81930774,0.00,0.00, 0.07, 4.64,7 937.85,[tp 1.15297],
2026.03.23 08:05:54,19618357,EURUSD,buy,out,0.02, 1.15291,81930779,0.00,0.00, 0.07, 4.62,7 942.54,[tp 1.15291],
2026.03.23 08:05:54,19618358,EURUSD,buy,out,0.02, 1.15291,81930780,0.00,0.00, 0.07, 4.66,7 947.27,[tp 1.15293],
2026.03.23 08:05:54,19618359,EURUSD,buy,out,0.02, 1.15290,81930781,0.00,0.00, 0.07, 4.62,7 951.96,[tp 1.15290],
2026.03.23 08:10:23,19618418,EURUSD,buy,out,0.02, 1.15284,81930840,0.00,0.00, 0.07, 4.62,7 956.65,[tp 1.15284],
2026.03.23 08:10:23,19618419,EURUSD,buy,out,0.02, 1.15284,81930841,0.00,0.00, 0.07, 4.70,7 961.42,[tp 1.15284],
2026.03.23 08:10:24,19618420,EURUSD,buy,out,0.02, 1.15280,81930842,0.00,0.00, 0.07, 4.62,7 966.11,[tp 1.15280],
2026.03.23 08:10:57,19618431,EURUSD,buy,out,0.02, 1.15277,81930853,0.00,0.00, 0.07, 4.62,7 970.80,[tp 1.15277],
2026.03.23 08:11:00,19618432,EURUSD,buy,out,0.02, 1.15272,81930854,0.00,0.00, 0.07, 4.66,7 975.53,[tp 1.15274],
2026.03.23 08:11:10,19618435,EURUSD,buy,out,0.02, 1.15270,81930857,0.00,0.00, 0.07, 4.64,7 980.24,[tp 1.15271],
2026.03.23 08:12:30,19618451,EURUSD,buy,out,0.02, 1.15266,81930873,0.00,0.00, 0.07, 4.64,7 984.95,[tp 1.15267],
2026.03.23 08:12:30,19618452,EURUSD,buy,out,0.02, 1.15266,81930874,0.00,0.00, 0.07, 4.62,7 989.64,[tp 1.15266],
2026.03.23 08:12:30,19618453,EURUSD,buy,out,0.02, 1.15263,81930876,0.00,0.00, 0.07, 4.70,7 994.41,[tp 1.15264],
2026.03.23 08:12:34,19618455,EURUSD,buy,out,0.02, 1.15258,81930877,0.00,0.00, 0.07, 4.62,7 999.10,[tp 1.15258],
2026.03.23 08:13:06,19618467,EURUSD,buy,out,0.02, 1.15254,81930889,0.00,0.00, 0.07, 4.62,8 003.79,[tp 1.15254],
2026.03.23 08:19:18,19618547,EURUSD,buy,out,0.02, 1.15249,81930978,0.00,0.00, 0.07, 4.62,8 008.48,[tp 1.15249],
2026.03.23 08:20:03,19618556,EURUSD,buy,out,0.02, 1.15238,81930987,0.00,0.00, 0.07, 4.64,8 013.19,[tp 1.15239],
2026.03.23 14:12:07,19625718,EURUSD,buy,in,1.76, 1.15640,81938428,0.00,0.00,0.00,0.00,8 013.19,MM BUY 032314120,
2026.03.23 14:12:07,19625719,EURUSD,sell,in,0.27, 1.15636,81938429,0.00,0.00,0.00,0.00,8 013.19,MM SELL 03231412,
2026.03.23 14:12:08,19625720,USDCHF,sell,in,0.57, 0.78940,81938430,0.00,0.00,0.00,0.00,8 013.19,MM SELL 03231412,
2026.03.23 14:12:08,19625721,USDCHF,buy,in,0.09, 0.78958,81938431,0.00,0.00,0.00,0.00,8 013.19,MM BUY 032314120,
2026.03.23 14:14:10,19625738,EURUSD,sell,in,0.13, 1.15620,81938448,0.00,0.00,0.00,0.00,8 013.19,MM SELL 03231414,
2026.03.23 14:14:10,19625739,USDCHF,buy,in,0.28, 0.78965,81938449,0.00,0.00,0.00,0.00,8 013.19,MM BUY 032314141,
2026.03.23 14:16:14,19625761,EURUSD,sell,in,0.44, 1.15598,81938471,0.00,0.00,0.00,0.00,8 013.19,MM SELL 03231416,
2026.03.23 14:16:15,19625762,USDCHF,buy,in,0.28, 0.78984,81938472,0.00,0.00,0.00,0.00,8 013.19,MM BUY 032314161,
2026.03.23 14:18:17,19625819,EURUSD,sell,in,0.88, 1.15694,81938530,0.00,0.00,0.00,0.00,8 013.19,MM SELL 03231418,
2026.03.23 14:18:18,19625820,USDCHF,buy,in,0.28, 0.78930,81938531,0.00,0.00,0.00,0.00,8 013.19,MM BUY 032314181,
2026.03.23 14:20:18,19625880,EURUSD,sell,in,0.88, 1.15675,81938590,0.00,0.00,0.00,0.00,8 013.19,MM SELL 03231420,
2026.03.23 14:20:18,19625882,USDCHF,buy,in,0.28, 0.78921,81938591,0.00,0.00,0.00,0.00,8 013.19,MM BUY 032314201,
2026.03.23 14:22:22,19625918,EURUSD,sell,in,0.55, 1.15745,81938626,0.00,0.00,0.00,0.00,8 013.19,MM SELL 03231422,
2026.03.23 14:22:22,19625919,USDCHF,buy,in,0.09, 0.78883,81938627,0.00,0.00,0.00,0.00,8 013.19,MM BUY 032314222,
2026.03.23 14:24:26,19625946,EURUSD,sell,in,0.03, 1.15700,81938654,0.00,0.00,0.00,0.00,8 013.19,MM SELL 03231424,
2026.03.23 14:24:41,19625951,USDCHF,buy,in,0.01, 0.78904,81938659,0.00,0.00,0.00,0.00,8 013.19,MM BUY 032314244,
2026.03.23 14:26:30,19625981,EURUSD,sell,in,0.01, 1.15676,81938689,0.00,0.00,0.00,0.00,8 013.19,MM SELL 03231426,
2026.03.23 14:30:21,19626026,EURUSD,sell,in,0.01, 1.15666,81938735,0.00,0.00,0.00,0.00,8 013.19,MM SELL 03231430,
2026.03.23 14:30:28,19626033,USDCHF,buy,in,0.01, 0.78947,81938742,0.00,0.00,0.00,0.00,8 013.19,MM BUY 032314302,
2026.03.23 14:32:23,19626061,EURUSD,sell,in,0.01, 1.15618,81938771,0.00,0.00,0.00,0.00,8 013.19,MM SELL 03231432,
2026.03.23 14:32:28,19626063,USDCHF,buy,in,0.01, 0.78964,81938773,0.00,0.00,0.00,0.00,8 013.19,MM BUY 032314322,
2026.03.23 14:41:18,19626195,EURUSD,sell,out,1.76, 1.15839,81938908,0.00,0.00,0.00, 350.24,8 363.43,[tp 1.15837],
2026.03.23 14:41:21,19626203,USDCHF,buy,out,0.57, 0.78800,81938915,0.00,0.00,0.00, 101.27,8 464.70,[tp 0.78806],
2026.03.23 14:41:21,19626204,EURUSD,buy,out,0.88, 1.15876,81938916,0.00,0.00,0.00,- 176.88,8 287.82,[so 44.98%/7553.94/16793.87],
2026.03.23 14:41:29,19626235,EURUSD,buy,out,0.27, 1.15934,81938945,0.00,0.00,0.00,- 80.46,8 207.36,MM CLOSE 0323144,
2026.03.23 14:41:30,19626236,USDCHF,sell,out,0.09, 0.78758,81938946,0.00,0.00,0.00,- 22.85,8 184.51,MM CLOSE 0323144,
2026.03.23 14:41:44,19626245,EURUSD,buy,out,0.13, 1.15927,81938955,0.00,0.00,0.00,- 39.91,8 144.60,MM CLOSE 0323144,
2026.03.23 14:41:45,19626246,USDCHF,sell,out,0.28, 0.78760,81938956,0.00,0.00,0.00,- 72.88,8 071.72,MM CLOSE 0323144,
2026.03.23 14:41:59,19626255,EURUSD,buy,out,0.44, 1.15860,81938966,0.00,0.00,0.00,- 115.28,7 956.44,MM CLOSE 0323144,
2026.03.23 14:41:59,19626256,USDCHF,sell,out,0.28, 0.78786,81938967,0.00,0.00,0.00,- 70.37,7 886.07,MM CLOSE 0323144,
2026.03.23 14:42:13,19626262,EURUSD,buy,out,0.88, 1.15877,81938974,0.00,0.00,0.00,- 161.04,7 725.03,MM CLOSE 0323144,
2026.03.23 14:42:14,19626264,USDCHF,sell,out,0.28, 0.78767,81938976,0.00,0.00,0.00,- 57.94,7 667.09,MM CLOSE 0323144,
2026.03.23 14:42:28,19626275,EURUSD,buy,out,0.55, 1.15935,81938988,0.00,0.00,0.00,- 104.50,7 562.59,MM CLOSE 0323144,
2026.03.23 14:42:29,19626276,USDCHF,sell,out,0.28, 0.78741,81938989,0.00,0.00,0.00,- 64.01,7 498.58,MM CLOSE 0323144,
2026.03.23 14:42:43,19626288,EURUSD,buy,out,0.03, 1.15953,81939002,0.00,0.00,0.00,- 7.59,7 490.99,MM CLOSE 0323144,
2026.03.23 14:42:43,19626290,USDCHF,sell,out,0.09, 0.78743,81939003,0.00,0.00,0.00,- 16.00,7 474.99,MM CLOSE 0323144,
2026.03.23 14:42:58,19626296,EURUSD,buy,out,0.01, 1.15930,81939009,0.00,0.00,0.00,- 2.54,7 472.45,MM CLOSE 0323144,
2026.03.23 14:42:58,19626297,USDCHF,sell,out,0.01, 0.78752,81939010,0.00,0.00,0.00,- 1.93,7 470.52,MM CLOSE 0323144,
2026.03.23 14:43:12,19626308,EURUSD,buy,out,0.01, 1.15923,81939021,0.00,0.00,0.00,- 2.57,7 467.95,MM CLOSE 0323144,
2026.03.23 14:43:12,19626309,EURUSD,buy,in,1.61, 1.15923,81939022,0.00,0.00,0.00,0.00,7 467.95,MM BUY 032314431,
2026.03.23 14:43:13,19626310,USDCHF,sell,out,0.01, 0.78755,81939023,0.00,0.00,0.00,- 2.44,7 465.51,MM CLOSE 0323144,
2026.03.23 14:43:13,19626311,USDCHF,sell,in,0.31, 0.78755,81939024,0.00,0.00,0.00,0.00,7 465.51,MM SELL 03231443,
2026.03.23 14:51:58,19626507,USDCHF,sell,out,0.01, 0.78626,81939230,0.00,0.00,0.00,- 4.30,7 461.21,MM CLOSE 0323145,
2026.03.23 14:51:58,19626508,USDCHF,sell,in,0.11, 0.78632,81939231,0.00,0.00,0.00,0.00,7 461.21,MM SELL 03231451,
2026.03.23 14:51:58,19626509,USDCHF,buy,in,0.02, 0.78645,81939232,0.00,0.00,0.00,0.00,7 461.21,MM BUY 032314515,
2026.03.23 14:53:54,19626569,USDCHF,buy,out,0.31, 0.78619,81939298,0.00,0.00,0.00, 53.63,7 514.84,[tp 0.78621],
2026.03.23 14:54:00,19626572,USDCHF,buy,in,0.05, 0.78615,81939303,0.00,0.00,0.00,0.00,7 514.84,MM BUY 032314540,
2026.03.23 14:55:21,19626611,EURUSD,buy,out,0.01, 1.16099,81939344,0.00,0.00,0.00,- 4.81,7 510.03,MM CLOSE 0323145,
2026.03.23 14:55:21,19626612,EURUSD,sell,in,0.31, 1.16093,81939345,0.00,0.00,0.00,0.00,7 510.03,MM SELL 03231455,
2026.03.23 14:56:15,19626632,USDCHF,buy,in,0.05, 0.78571,81939365,0.00,0.00,0.00,0.00,7 510.03,MM BUY 032314561,
2026.03.23 14:56:19,19626638,EURUSD,sell,out,1.61, 1.16124,81939371,0.00,0.00,0.00, 323.61,7 833.64,[tp 1.16120],
2026.03.23 14:56:34,19626647,EURUSD,buy,out,0.31, 1.16120,81939378,0.00,0.00,0.00,- 8.37,7 825.27,MM CLOSE 0323145,
2026.03.23 14:58:19,19626688,USDCHF,buy,in,0.05, 0.78577,81939419,0.00,0.00,0.00,0.00,7 825.27,MM BUY 032314581,
2026.03.23 15:00:33,19626748,USDCHF,buy,in,0.05, 0.78557,81939483,0.00,0.00,0.00,0.00,7 825.27,MM BUY 032315003,
2026.03.23 15:02:38,19626819,USDCHF,buy,in,0.05, 0.78657,81939555,0.00,0.00,0.00,0.00,7 825.27,MM BUY 032315023,
2026.03.23 15:04:42,19626881,USDCHF,buy,in,0.05, 0.78595,81939620,0.00,0.00,0.00,0.00,7 825.27,MM BUY 032315044,
2026.03.23 15:06:44,19626917,USDCHF,buy,in,0.05, 0.78677,81939659,0.00,0.00,0.00,0.00,7 825.27,MM BUY 032315064,
2026.03.23 15:08:44,19626943,USDCHF,buy,in,0.05, 0.78703,81939685,0.00,0.00,0.00,0.00,7 825.27,MM BUY 032315084,
2026.03.23 15:10:10,19626980,USDCHF,sell,out,0.05, 0.78707,81939723,0.00,0.00,0.00, 9.53,7 834.80,[tp 0.78705],
2026.03.23 15:10:45,19626993,USDCHF,buy,in,0.05, 0.78710,81939736,0.00,0.00,0.00,0.00,7 834.80,MM BUY 032315104,
2026.03.23 15:12:47,19627024,USDCHF,buy,in,0.05, 0.78724,81939766,0.00,0.00,0.00,0.00,7 834.80,MM BUY 032315124,
2026.03.23 15:15:08,19627051,USDCHF,buy,in,0.05, 0.78716,81939795,0.00,0.00,0.00,0.00,7 834.80,MM BUY 032315150,
2026.03.23 15:17:16,19627082,USDCHF,buy,in,0.05, 0.78740,81939824,0.00,0.00,0.00,0.00,7 834.80,MM BUY 032315171,
2026.03.23 15:17:16,19627083,USDCHF,buy,out,0.11, 0.78747,81939825,0.00,0.00,0.00,- 16.06,7 818.74,[sl 0.78744],
2026.03.23 15:17:16,19627084,USDCHF,sell,out,0.05, 0.78735,81939826,0.00,0.00,0.00, 10.41,7 829.15,[tp 0.78733],
2026.03.23 15:17:16,19627085,USDCHF,sell,out,0.05, 0.78735,81939827,0.00,0.00,0.00, 10.03,7 839.18,[tp 0.78734],
2026.03.23 15:19:50,19627124,USDCHF,sell,out,0.02, 0.78742,81939867,0.00,0.00,0.00, 2.46,7 841.64,MM CLOSE 0323151,
2026.03.23 15:19:58,19627128,USDCHF,sell,out,0.05, 0.78753,81939872,0.00,0.00,0.00, 10.03,7 851.67,[tp 0.78752],
2026.03.23 15:20:50,19627139,USDCHF,sell,out,0.05, 0.78746,81939883,0.00,0.00,0.00, 8.32,7 859.99,MM CLOSE 0323152,
2026.03.23 15:21:04,19627142,USDCHF,sell,out,0.05, 0.78750,81939887,0.00,0.00,0.00, 5.90,7 865.89,MM CLOSE 0323152,
2026.03.23 15:21:18,19627150,USDCHF,sell,out,0.05, 0.78765,81939895,0.00,0.00,0.00, 5.59,7 871.48,MM CLOSE 0323152,
2026.03.23 15:21:33,19627157,USDCHF,sell,out,0.05, 0.78776,81939902,0.00,0.00,0.00, 4.63,7 876.11,MM CLOSE 0323152,
2026.03.23 15:21:48,19627160,USDCHF,sell,out,0.05, 0.78781,81939905,0.00,0.00,0.00, 4.51,7 880.62,MM CLOSE 0323152,
2026.03.23 15:21:48,19627161,USDCHF,sell,in,1.88, 0.78780,81939906,0.00,0.00,0.00,0.00,7 880.62,MM SELL 03231521,
2026.03.23 15:42:28,19627484,USDCHF,buy,out,1.88, 0.78644,81940235,0.00,0.00,0.00, 325.11,8 205.73,[tp 0.78647],
2026.03.23 15:42:41,19627502,USDCHF,sell,out,0.05, 0.78646,81940253,0.00,0.00,0.00,- 4.96,8 200.77,MM CLOSE 0323154,
2026.03.23 15:42:41,19627503,USDCHF,sell,in,2, 0.78646,81940254,0.00,0.00,0.00,0.00,8 200.77,MM SELL 03231542,
2026.03.23 15:42:42,19627505,GBPUSD,buy,in,0.34, 1.34188,81940256,0.00,0.00,0.00,0.00,8 200.77,MM BUY 032315424,
2026.03.23 15:42:42,19627507,GBPUSD,sell,in,0.05, 1.34173,81940258,0.00,0.00,0.00,0.00,8 200.77,MM SELL 03231542,
2026.03.23 15:44:54,19627577,GBPUSD,sell,in,0.05, 1.34053,81940331,0.00,0.00,0.00,0.00,8 200.77,MM SELL 03231544,
2026.03.23 15:47:03,19627626,GBPUSD,sell,in,0.11, 1.34112,81940382,0.00,0.00,0.00,0.00,8 200.77,MM SELL 03231547,
2026.03.23 15:49:08,19627660,GBPUSD,sell,in,0.17, 1.34124,81940415,0.00,0.00,0.00,0.00,8 200.77,MM SELL 03231549,
2026.03.23 15:51:14,19627698,GBPUSD,sell,in,0.17, 1.34161,81940455,0.00,0.00,0.00,0.00,8 200.77,MM SELL 03231551,
2026.03.23 15:53:20,19627738,GBPUSD,sell,in,0.15, 1.34183,81940494,0.00,0.00,0.00,0.00,8 200.77,MM SELL 03231553,
2026.03.23 15:55:28,19627790,GBPUSD,sell,in,0.01, 1.34064,81940547,0.00,0.00,0.00,0.00,8 200.77,MM SELL 03231555,
2026.03.23 15:59:56,19627840,GBPUSD,sell,in,0.01, 1.34145,81940599,0.00,0.00,0.00,0.00,8 200.77,MM SELL 03231559,
2026.03.23 16:02:07,19627894,GBPUSD,sell,in,0.02, 1.34219,81940654,0.00,0.00,0.00,0.00,8 200.77,MM SELL 03231602,
2026.03.23 16:08:02,19628022,GBPUSD,sell,in,0.01, 1.34210,81940782,0.00,0.00,0.00,0.00,8 200.77,MM SELL 03231608,
2026.03.23 16:16:24,19628140,GBPUSD,sell,in,0.01, 1.34228,81940904,0.00,0.00,0.00,0.00,8 200.77,MM SELL 03231616,
2026.03.23 16:18:30,19628194,GBPUSD,sell,in,0.01, 1.34344,81940959,0.00,0.00,0.00,0.00,8 200.77,MM SELL 03231618,
2026.03.23 16:19:43,19628232,USDCHF,sell,out,0.05, 0.78524,81940998,0.00,0.00,0.00,- 12.23,8 188.54,MM CLOSE 0323161,
2026.03.23 16:20:13,19628249,GBPUSD,sell,out,0.34, 1.34417,81941016,0.00,0.00,0.00, 77.86,8 266.40,[tp 1.34416],
2026.03.23 16:20:21,19628251,USDCHF,buy,out,2, 0.78512,81941018,0.00,0.00,0.00, 341.35,8 607.75,[tp 0.78512],
2026.03.23 16:20:26,19628252,USDCHF,sell,out,0.05, 0.78505,81941019,0.00,0.00,0.00,- 14.97,8 592.78,MM CLOSE 0323162,
2026.03.23 16:20:26,19628253,GBPUSD,buy,out,0.05, 1.34430,81941020,0.00,0.00,0.00,- 12.85,8 579.93,MM CLOSE 0323162,
2026.03.23 16:21:08,19628288,GBPUSD,buy,out,0.05, 1.34478,81941053,0.00,0.00,0.00,- 21.25,8 558.68,MM CLOSE 0323162,
2026.03.23 16:21:52,19628313,GBPUSD,buy,out,0.11, 1.34510,81941078,0.00,0.00,0.00,- 43.78,8 514.90,MM CLOSE 0323162,
2026.03.23 16:22:33,19628350,GBPUSD,buy,out,0.17, 1.34513,81941117,0.00,0.00,0.00,- 66.13,8 448.77,MM CLOSE 0323162,
2026.03.23 16:23:15,19628366,GBPUSD,buy,out,0.17, 1.34553,81941132,0.00,0.00,0.00,- 66.64,8 382.13,MM CLOSE 0323162,
2026.03.23 16:23:57,19628400,GBPUSD,buy,out,0.15, 1.34545,81941168,0.00,0.00,0.00,- 54.30,8 327.83,MM CLOSE 0323162,
2026.03.23 16:24:39,19628421,GBPUSD,buy,out,0.01, 1.34619,81941187,0.00,0.00,0.00,- 5.55,8 322.28,MM CLOSE 0323162,
2026.03.23 16:25:21,19628443,GBPUSD,buy,out,0.01, 1.34614,81941209,0.00,0.00,0.00,- 4.69,8 317.59,MM CLOSE 0323162,
2026.03.23 16:26:02,19628473,GBPUSD,buy,out,0.02, 1.34615,81941239,0.00,0.00,0.00,- 7.92,8 309.67,MM CLOSE 0323162,
2026.03.23 16:26:02,19628474,GBPUSD,buy,in,1.54, 1.34615,81941240,0.00,0.00,0.00,0.00,8 309.67,MM BUY 032316260,
2026.03.23 16:52:51,19628970,GBPUSD,sell,out,1.54, 1.34412,81941770,0.00,0.00,0.00,- 312.62,7 997.05,[sl 1.34413],
2026.03.23 16:53:19,19628977,EURUSD,buy,in,1.72, 1.16189,81941777,0.00,0.00,0.00,0.00,7 997.05,MM BUY 032316531,
2026.03.23 16:53:20,19628978,EURUSD,sell,in,0.25, 1.16178,81941778,0.00,0.00,0.00,0.00,7 997.05,MM SELL 03231653,
2026.03.23 16:55:25,19629003,EURUSD,sell,in,0.47, 1.16185,81941805,0.00,0.00,0.00,0.00,7 997.05,MM SELL 03231655,
2026.03.23 16:57:31,19629022,EURUSD,sell,in,0.86, 1.16184,81941826,0.00,0.00,0.00,0.00,7 997.05,MM SELL 03231657,
2026.03.23 16:59:38,19629040,EURUSD,sell,in,0.86, 1.16168,81941848,0.00,0.00,0.00,0.00,7 997.05,MM SELL 03231659,
2026.03.23 17:01:42,19629095,EURUSD,sell,in,0.86, 1.16211,81941903,0.00,0.00,0.00,0.00,7 997.05,MM SELL 03231701,
2026.03.23 17:03:50,19629176,EURUSD,sell,in,0.34, 1.16277,81941984,0.00,0.00,0.00,0.00,7 997.05,MM SELL 03231703,
2026.03.23 17:05:54,19629216,EURUSD,sell,in,0.06, 1.16257,81942031,0.00,0.00,0.00,0.00,7 997.05,MM SELL 03231705,
2026.03.23 17:08:42,19629266,EURUSD,sell,in,0.01, 1.16250,81942079,0.00,0.00,0.00,0.00,7 997.05,MM SELL 03231708,
2026.03.23 17:11:55,19629311,EURUSD,sell,in,0.01, 1.16238,81942125,0.00,0.00,0.00,0.00,7 997.05,MM SELL 03231711,
2026.03.23 17:14:27,19629371,EURUSD,sell,in,0.01, 1.16209,81942186,0.00,0.00,0.00,0.00,7 997.05,MM SELL 03231714,
2026.03.23 17:16:32,19629401,EURUSD,sell,in,0.02, 1.16179,81942217,0.00,0.00,0.00,0.00,7 997.05,MM SELL 03231716,
2026.03.23 17:16:48,19629408,GBPUSD,buy,out,0.01, 1.34413,81942224,0.00,0.00,0.00,- 2.03,7 995.02,MM CLOSE 0323171,
2026.03.23 17:18:41,19629438,EURUSD,sell,in,0.01, 1.16176,81942254,0.00,0.00,0.00,0.00,7 995.02,MM SELL 03231718,
2026.03.23 17:18:56,19629446,GBPUSD,buy,out,0.01, 1.34393,81942263,0.00,0.00,0.00,- 1.65,7 993.37,MM CLOSE 0323171,
2026.03.23 17:19:38,19629455,GBPUSD,buy,out,0.01, 1.34405,81942272,0.00,0.00,0.00,- 0.61,7 992.76,MM CLOSE 0323171,
2026.03.23 17:20:46,19629482,EURUSD,sell,in,0.05, 1.16118,81942301,0.00,0.00,0.00,0.00,7 992.76,MM SELL 03231720,
2026.03.23 17:27:21,19629611,EURUSD,sell,in,0.01, 1.16116,81942437,0.00,0.00,0.00,0.00,7 992.76,MM SELL 03231727,
2026.03.23 17:29:26,19629661,EURUSD,sell,in,0.01, 1.16085,81942489,0.00,0.00,0.00,0.00,7 992.76,MM SELL 03231729,
2026.03.23 17:33:18,19629713,EURUSD,sell,in,0.01, 1.16079,81942543,0.00,0.00,0.00,0.00,7 992.76,MM SELL 03231733,
2026.03.23 17:35:31,19629747,EURUSD,sell,in,0.01, 1.16043,81942578,0.00,0.00,0.00,0.00,7 992.76,MM SELL 03231735,
2026.03.23 17:35:52,19629753,EURUSD,buy,out,0.34, 1.16044,81942584,0.00,0.00,0.00, 79.22,8 071.98,[tp 1.16044],
2026.03.23 17:37:42,19629797,EURUSD,sell,in,0.3, 1.16027,81942628,0.00,0.00,0.00,0.00,8 071.98,MM SELL 03231737,
2026.03.23 17:38:03,19629802,EURUSD,buy,out,0.06, 1.16024,81942633,0.00,0.00,0.00, 13.98,8 085.96,[tp 1.16024],
2026.03.23 17:38:05,19629805,EURUSD,sell,out,1.72, 1.16013,81942637,0.00,0.00,0.00,- 302.72,7 783.24,[sl 1.16015],
2026.03.23 17:38:06,19629806,EURUSD,buy,out,0.01, 1.16018,81942638,0.00,0.00,0.00, 2.32,7 785.56,[tp 1.16018],
2026.03.23 17:38:47,19629831,EURUSD,buy,out,0.01, 1.16006,81942665,0.00,0.00,0.00, 2.32,7 787.88,[tp 1.16006],
2026.03.23 17:40:30,19629849,EURUSD,buy,out,0.25, 1.16011,81942683,0.00,0.00,0.00, 41.75,7 829.63,MM CLOSE 0323174,
2026.03.23 17:41:13,19629869,EURUSD,buy,out,0.47, 1.16011,81942705,0.00,0.00,0.00, 81.78,7 911.41,MM CLOSE 0323174,
2026.03.23 17:43:17,19629904,EURUSD,buy,out,0.86, 1.16006,81942739,0.00,0.00,0.00, 153.08,8 064.49,MM CLOSE 0323174,
2026.03.23 17:45:24,19629965,EURUSD,buy,out,0.86, 1.16006,81942802,0.00,0.00,0.00, 139.32,8 203.81,MM CLOSE 0323174,
2026.03.23 17:46:08,19629986,EURUSD,buy,out,0.86, 1.15986,81942824,0.00,0.00,0.00, 193.50,8 397.31,MM CLOSE 0323174,
2026.03.23 17:46:12,19629989,EURUSD,buy,out,0.01, 1.15981,81942827,0.00,0.00,0.00, 2.28,8 399.59,[tp 1.15983],
2026.03.23 17:46:51,19630012,EURUSD,buy,out,0.02, 1.15963,81942851,0.00,0.00,0.00, 4.32,8 403.91,MM CLOSE 0323174,
2026.03.23 17:47:33,19630021,EURUSD,buy,out,0.01, 1.15966,81942859,0.00,0.00,0.00, 2.10,8 406.01,MM CLOSE 0323174,
2026.03.23 17:48:24,19630035,EURUSD,buy,out,0.05, 1.16000,81942874,0.00,0.00,0.00, 5.90,8 411.91,MM CLOSE 0323174,
2026.03.23 17:49:06,19630042,EURUSD,buy,out,0.01, 1.16000,81942882,0.00,0.00,0.00, 1.16,8 413.07,MM CLOSE 0323174,
2026.03.23 17:49:49,19630050,EURUSD,buy,out,0.01, 1.16006,81942890,0.00,0.00,0.00, 0.79,8 413.86,MM CLOSE 0323174,
2026.03.23 17:49:49,19630051,EURUSD,buy,in,1.58, 1.16006,81942891,0.00,0.00,0.00,0.00,8 413.86,MM BUY 032317494,
2026.03.23 17:52:18,19630103,EURUSD,buy,out,0.01, 1.15847,81942942,0.00,0.00,0.00, 2.32,8 416.18,[tp 1.15847],
2026.03.23 17:52:19,19630106,EURUSD,sell,out,1.58, 1.15831,81942946,0.00,0.00,0.00,- 276.50,8 139.68,[sl 1.15832],
2026.03.23 17:52:40,19630126,GBPUSD,buy,in,1.33, 1.34014,81942966,0.00,0.00,0.00,0.00,8 139.68,MM BUY 032317524,
2026.03.23 17:52:40,19630127,GBPUSD,sell,in,0.19, 1.34001,81942967,0.00,0.00,0.00,0.00,8 139.68,MM SELL 03231752,
2026.03.23 17:54:52,19630183,GBPUSD,sell,in,0.33, 1.33897,81943025,0.00,0.00,0.00,0.00,8 139.68,MM SELL 03231754,
2026.03.23 17:56:54,19630253,GBPUSD,sell,in,0.61, 1.33878,81943095,0.00,0.00,0.00,0.00,8 139.68,MM SELL 03231756,
2026.03.23 17:58:55,19630288,GBPUSD,sell,in,0.66, 1.33845,81943131,0.00,0.00,0.00,0.00,8 139.68,MM SELL 03231758,
2026.03.23 18:00:57,19630326,GBPUSD,sell,in,0.66, 1.33840,81943170,0.00,0.00,0.00,0.00,8 139.68,MM SELL 03231800,
2026.03.23 18:02:59,19630366,GBPUSD,sell,in,0.33, 1.33891,81943211,0.00,0.00,0.00,0.00,8 139.68,MM SELL 03231802,
2026.03.23 18:03:36,19630370,GBPUSD,sell,out,1.33, 1.33812,81943215,0.00,0.00,0.00,- 268.66,7 871.02,[sl 1.33812],
2026.03.23 18:03:50,19630382,EURUSD,buy,out,0.01, 1.15810,81943227,0.00,0.00,0.00, 2.33,7 873.35,[tp 1.15811],
2026.03.23 18:04:07,19630390,GBPUSD,buy,out,0.19, 1.33811,81943235,0.00,0.00,0.00, 36.10,7 909.45,,
2026.03.23 18:04:08,19630391,GBPUSD,buy,out,0.33, 1.33800,81943236,0.00,0.00,0.00, 32.01,7 941.46,,
2026.03.23 18:04:09,19630393,GBPUSD,buy,out,0.33, 1.33803,81943238,0.00,0.00,0.00, 29.04,7 970.50,,
2026.03.23 18:04:10,19630396,GBPUSD,buy,out,0.61, 1.33801,81943241,0.00,0.00,0.00, 46.97,8 017.47,,
2026.03.23 18:04:10,19630397,GBPUSD,buy,out,0.66, 1.33815,81943242,0.00,0.00,0.00, 19.80,8 037.27,,
2026.03.23 18:04:11,19630398,EURUSD,buy,out,0.3, 1.15816,81943243,0.00,0.00,0.00, 63.30,8 100.57,MM CLOSE 0323180,
2026.03.23 18:04:11,19630399,EURUSD,buy,in,1.14, 1.15816,81943244,0.00,0.00,0.00,0.00,8 100.57,MM BUY 032318041,
2026.03.23 18:04:11,19630400,EURUSD,sell,in,0.16, 1.15808,81943245,0.00,0.00,0.00,0.00,8 100.57,MM SELL 03231804,
2026.03.23 18:04:11,19630401,USDCHF,sell,in,0.35, 0.78792,81943246,0.00,0.00,0.00,0.00,8 100.57,MM SELL 03231804,
2026.03.23 18:04:12,19630402,USDCHF,buy,in,0.05, 0.78803,81943247,0.00,0.00,0.00,0.00,8 100.57,MM BUY 032318041,
2026.03.23 18:04:13,19630403,GBPUSD,buy,out,0.66, 1.33824,81943248,0.00,0.00,0.00, 10.56,8 111.13,,
2026.03.23 18:06:21,19630427,EURUSD,sell,in,0.57, 1.15775,81943273,0.00,0.00,0.00,0.00,8 111.13,MM SELL 03231806,
2026.03.23 18:06:22,19630428,USDCHF,buy,in,0.17, 0.78831,81943274,0.00,0.00,0.00,0.00,8 111.13,MM BUY 032318062,
2026.03.23 18:08:27,19630472,EURUSD,sell,in,0.57, 1.15876,81943319,0.00,0.00,0.00,0.00,8 111.13,MM SELL 03231808,
2026.03.23 18:08:28,19630473,USDCHF,buy,in,0.17, 0.78775,81943320,0.00,0.00,0.00,0.00,8 111.13,MM BUY 032318082,
2026.03.23 18:10:31,19630500,EURUSD,sell,in,0.57, 1.15827,81943345,0.00,0.00,0.00,0.00,8 111.13,MM SELL 03231810,
2026.03.23 18:10:32,19630501,USDCHF,buy,in,0.17, 0.78790,81943346,0.00,0.00,0.00,0.00,8 111.13,MM BUY 032318103,
2026.03.23 18:12:36,19630541,EURUSD,sell,in,0.57, 1.15854,81943386,0.00,0.00,0.00,0.00,8 111.13,MM SELL 03231812,
2026.03.23 18:12:37,19630543,USDCHF,buy,in,0.17, 0.78772,81943388,0.00,0.00,0.00,0.00,8 111.13,MM BUY 032318123,
2026.03.23 18:14:50,19630574,EURUSD,sell,in,0.39, 1.15839,81943423,0.00,0.00,0.00,0.00,8 111.13,MM SELL 03231814,
2026.03.23 18:14:50,19630575,USDCHF,buy,in,0.07, 0.78774,81943424,0.00,0.00,0.00,0.00,8 111.13,MM BUY 032318145,
2026.03.23 18:16:54,19630603,EURUSD,sell,in,0.02, 1.15817,81943454,0.00,0.00,0.00,0.00,8 111.13,MM SELL 03231816,
2026.03.23 18:17:09,19630606,USDCHF,buy,in,0.01, 0.78809,81943457,0.00,0.00,0.00,0.00,8 111.13,MM BUY 032318170,
2026.03.23 18:18:58,19630636,EURUSD,sell,in,0.01, 1.15787,81943488,0.00,0.00,0.00,0.00,8 111.13,MM SELL 03231818,
2026.03.23 18:21:03,19630655,EURUSD,sell,in,0.01, 1.15767,81943510,0.00,0.00,0.00,0.00,8 111.13,MM SELL 03231821,
2026.03.23 18:49:58,19631003,EURUSD,sell,out,1.14, 1.15976,81943895,0.00,0.00,0.00, 182.40,8 293.53,MM CLOSE 0323184,
2026.03.23 19:31:06,19631347,USDCHF,buy,out,0.35, 0.78686,81944251,0.00,0.00,0.00, 47.15,8 340.68,MM CLOSE 0323193,
2026.03.23 20:34:28,19632174,EURUSD,buy,out,0.57, 1.16252,81945083,0.00,0.00,0.00,- 271.89,8 068.79,[so 50.00%/6883.07/13767.47],
2026.03.23 20:36:31,19632251,EURUSD,buy,out,0.16, 1.16287,81945143,0.00,0.00,0.00,- 76.64,7 992.15,MM CLOSE 0323203,
2026.03.23 20:37:13,19632288,EURUSD,buy,out,0.57, 1.16335,81945179,0.00,0.00,0.00,- 261.63,7 730.52,MM CLOSE 0323203,
2026.03.23 20:37:55,19632330,EURUSD,buy,out,0.57, 1.16332,81945220,0.00,0.00,0.00,- 287.85,7 442.67,MM CLOSE 0323203,
2026.03.23 20:38:20,19632344,EURUSD,buy,out,0.01, 1.16347,81945234,0.00,0.00,0.00,- 5.80,7 436.87,[sl 1.16346],
2026.03.23 20:38:47,19632351,EURUSD,buy,out,0.57, 1.16347,81945241,0.00,0.00,0.00,- 281.01,7 155.86,MM CLOSE 0323203,
2026.03.23 20:39:29,19632382,EURUSD,buy,out,0.39, 1.16316,81945272,0.00,0.00,0.00,- 186.03,6 969.83,MM CLOSE 0323203,
2026.03.23 20:40:10,19632396,EURUSD,buy,out,0.02, 1.16271,81945286,0.00,0.00,0.00,- 9.08,6 960.75,MM CLOSE 0323204,
2026.03.23 20:40:51,19632405,EURUSD,buy,out,0.01, 1.16276,81945296,0.00,0.00,0.00,- 4.89,6 955.86,MM CLOSE 0323204,
2026.03.23 20:50:37,19632528,USDCHF,sell,out,0.05, 0.78471,81945423,0.00,0.00,0.00,- 21.15,6 934.71,MM CLOSE 0323205,
2026.03.23 20:51:19,19632536,USDCHF,sell,out,0.17, 0.78486,81945431,0.00,0.00,0.00,- 74.73,6 859.98,MM CLOSE 0323205,
2026.03.23 20:52:01,19632537,USDCHF,sell,out,0.17, 0.78488,81945432,0.00,0.00,0.00,- 62.16,6 797.82,MM CLOSE 0323205,
2026.03.23 20:52:44,19632540,USDCHF,sell,out,0.17, 0.78497,81945436,0.00,0.00,0.00,- 63.45,6 734.37,MM CLOSE 0323205,
2026.03.23 20:52:44,19632541,USDCHF,sell,in,1.48, 0.78497,81945437,0.00,0.00,0.00,0.00,6 734.37,MM SELL 03232052,
2026.03.23 21:12:45,19632687,USDCHF,sell,out,0.17, 0.78515,81945583,0.00,0.00,0.00,- 55.65,6 678.72,MM CLOSE 0323211,
2026.03.23 21:13:13,19632689,EURUSD,buy,in,0.42, 1.16290,81945585,0.00,0.00,0.00,0.00,6 678.72,MM BUY 032321131,
2026.03.23 21:13:14,19632690,EURUSD,sell,in,0.06, 1.16283,81945586,0.00,0.00,0.00,0.00,6 678.72,MM SELL 03232113,
2026.03.23 21:14:54,19632708,USDCHF,sell,out,0.07, 0.78533,81945602,0.00,0.00,0.00,- 21.48,6 657.24,MM CLOSE 0323211,
2026.03.23 21:15:22,19632717,EURUSD,sell,in,0.05, 1.16250,81945611,0.00,0.00,0.00,0.00,6 657.24,MM SELL 03232115,
2026.03.23 21:17:17,19632800,USDCHF,sell,out,0.01, 0.78545,81945695,0.00,0.00,0.00,- 3.36,6 653.88,MM CLOSE 0323211,
2026.03.23 21:17:17,19632801,USDCHF,buy,in,0.09, 0.78556,81945696,0.00,0.00,0.00,0.00,6 653.88,MM BUY 032321171,
2026.03.23 21:17:31,19632807,EURUSD,sell,in,0.14, 1.16218,81945702,0.00,0.00,0.00,0.00,6 653.88,MM SELL 03232117,
2026.03.23 21:19:32,19632819,EURUSD,sell,in,0.21, 1.16225,81945715,0.00,0.00,0.00,0.00,6 653.88,MM SELL 03232119,
2026.03.23 21:19:33,19632821,USDCHF,buy,in,0.43, 0.78567,81945717,0.00,0.00,0.00,0.00,6 653.88,MM BUY 032321193,
2026.03.23 21:21:42,19632836,EURUSD,sell,in,0.21, 1.16221,81945731,0.00,0.00,0.00,0.00,6 653.88,MM SELL 03232121,
2026.03.23 21:21:43,19632837,USDCHF,buy,in,0.59, 0.78563,81945732,0.00,0.00,0.00,0.00,6 653.88,MM BUY 032321214,
2026.03.23 21:23:49,19632852,EURUSD,sell,in,0.21, 1.16222,81945748,0.00,0.00,0.00,0.00,6 653.88,MM SELL 03232123,
2026.03.23 21:23:50,19632853,USDCHF,buy,in,0.74, 0.78559,81945749,0.00,0.00,0.00,0.00,6 653.88,MM BUY 032321235,
2026.03.23 21:26:03,19632869,EURUSD,sell,in,0.21, 1.16215,81945766,0.00,0.00,0.00,0.00,6 653.88,MM SELL 03232126,
2026.03.23 21:26:03,19632870,USDCHF,buy,in,0.67, 0.78569,81945767,0.00,0.00,0.00,0.00,6 653.88,MM BUY 032321260,
2026.03.23 21:28:11,19632891,EURUSD,sell,in,0.09, 1.16183,81945788,0.00,0.00,0.00,0.00,6 653.88,MM SELL 03232128,
2026.03.23 21:28:12,19632892,USDCHF,buy,in,0.02, 0.78587,81945789,0.00,0.00,0.00,0.00,6 653.88,MM BUY 032321281,
2026.03.23 21:30:21,19632910,EURUSD,sell,in,0.01, 1.16172,81945807,0.00,0.00,0.00,0.00,6 653.88,MM SELL 03232130,
2026.03.23 21:30:36,19632913,USDCHF,buy,in,0.01, 0.78607,81945810,0.00,0.00,0.00,0.00,6 653.88,MM BUY 032321303,
2026.03.23 21:31:13,19632918,USDCHF,buy,out,1.48, 0.78616,81945816,0.00,0.00,0.00,- 224.03,6 429.85,[sl 0.78615],
2026.03.23 21:41:53,19632996,USDCHF,sell,out,0.09, 0.78617,81945905,0.00,0.00,0.00, 6.98,6 436.83,MM CLOSE 0323214,
2026.03.23 21:44:36,19633005,USDCHF,sell,out,0.43, 0.78614,81945918,0.00,0.00,0.00, 25.71,6 462.54,MM CLOSE 0323214,
2026.03.23 21:50:54,19633037,USDCHF,sell,out,0.59, 0.78614,81945954,0.00,0.00,0.00, 38.28,6 500.82,MM CLOSE 0323215,
2026.03.23 21:55:12,19633052,USDCHF,sell,out,0.74, 0.78614,81945969,0.00,0.00,0.00, 51.77,6 552.59,MM CLOSE 0323215,
2026.03.23 21:55:26,19633054,EURUSD,sell,in,0.21, 1.16137,81945972,0.00,0.00,0.00,0.00,6 552.59,MM SELL 03232155,
2026.03.23 21:55:55,19633058,USDCHF,sell,out,0.67, 0.78612,81945976,0.00,0.00,0.00, 36.65,6 589.24,MM CLOSE 0323215,
2026.03.23 21:57:19,19633072,USDCHF,sell,out,0.02, 0.78613,81945990,0.00,0.00,0.00, 0.66,6 589.90,MM CLOSE 0323215,
2026.03.23 21:57:32,19633073,EURUSD,sell,in,0.21, 1.16132,81945991,0.00,0.00,0.00,0.00,6 589.90,MM SELL 03232157,
2026.03.23 21:59:41,19633081,EURUSD,sell,in,0.21, 1.16140,81945999,0.00,0.00,0.00,0.00,6 589.90,MM SELL 03232159,
2026.03.23 22:00:09,19633102,USDCHF,sell,out,0.01, 0.78621,81946021,0.00,0.00,0.00, 0.18,6 590.08,MM CLOSE 0323220,
2026.03.23 22:00:23,19633107,EURUSD,sell,out,0.42, 1.16116,81946024,0.00,0.00,0.00,- 73.08,6 517.00,[sl 1.16116],
2026.03.23 22:03:19,19633134,EURUSD,buy,out,0.06, 1.16111,81946052,0.00,0.00,0.00, 10.32,6 527.32,MM CLOSE 0323220,
2026.03.23 22:26:29,19633265,EURUSD,buy,out,0.05, 1.16112,81946197,0.00,0.00,0.00, 6.90,6 534.22,MM CLOSE 0323222,
2026.03.23 22:26:43,19633268,EURUSD,buy,out,0.14, 1.16110,81946200,0.00,0.00,0.00, 15.12,6 549.34,MM CLOSE 0323222,
2026.03.23 22:26:57,19633270,EURUSD,buy,out,0.21, 1.16113,81946202,0.00,0.00,0.00, 23.52,6 572.86,MM CLOSE 0323222,
2026.03.23 22:27:42,19633273,EURUSD,buy,out,0.21, 1.16114,81946205,0.00,0.00,0.00, 22.47,6 595.33,MM CLOSE 0323222,
2026.03.23 22:27:57,19633277,EURUSD,buy,out,0.21, 1.16114,81946209,0.00,0.00,0.00, 22.68,6 618.01,MM CLOSE 0323222,
2026.03.23 22:28:12,19633279,EURUSD,buy,out,0.21, 1.16114,81946212,0.00,0.00,0.00, 21.21,6 639.22,MM CLOSE 0323222,
2026.03.23 22:29:21,19633285,EURUSD,buy,out,0.09, 1.16113,81946221,0.00,0.00,0.00, 6.30,6 645.52,MM CLOSE 0323222,
2026.03.23 22:29:36,19633286,EURUSD,buy,out,0.01, 1.16113,81946223,0.00,0.00,0.00, 0.59,6 646.11,MM CLOSE 0323222,
2026.03.23 22:29:36,19633287,EURUSD,buy,in,0.92, 1.16113,81946224,0.00,0.00,0.00,0.00,6 646.11,MM BUY 032322293,
2026.03.23 22:42:45,19633375,EURUSD,buy,out,0.21, 1.16131,81946332,0.00,0.00,0.00, 0.21,6 646.32,,
2026.03.23 22:42:46,19633376,EURUSD,buy,out,0.21, 1.16131,81946333,0.00,0.00,0.00, 1.26,6 647.58,,
2026.03.23 22:42:47,19633377,EURUSD,buy,out,0.21, 1.16131,81946334,0.00,0.00,0.00, 1.89,6 649.47,,
2026.03.23 22:42:48,19633378,EURUSD,sell,out,0.92, 1.16119,81946335,0.00,0.00,0.00, 5.52,6 654.99,,
,,,,,,,,0.00,0.00,- 38.04,6 693.03,6 654.99,,
Balance:,,,6 654.99,,,Free Margin:,,,6 654.99,,,,,
Credit Facility:,,,0.00,,,Margin:,,,0.00,,,,,
Floating P/L:,,,0.00,,,Margin Level:,,,0.00%,,,,,
Equity:,,,6 654.99,,,,,,,,,,,
,,,,,,,,,,,,,,
,,,,,,,,,,,,,,
,,,,,,,,,,,,,,
,,,,,,,,,,,,,,
,,,,,,,,,,,,,,
,,,,,,,,,,,,,,
,,,,,,,,,,,,,,
,,,,,,,,,,,,,,
,,,,,,,,,,,,,,
,,,,,,,,,,,,,,
,,,,,,,,,,,,,,
,,,,,,,,,,,,,,
,,,,,,,,,,,,,,
,,,,,,,,,,,,,,
,,,,,,,,,,,,,,
,,,,,,,,,,,,,,
,,,,,,,,,,,,,,
,,,,,,,,,,,,,,
,,,,,,,,,,,,,,
,,,,,,,,,,,,,,
Results,,,,,,,,,,,,,,
Total Net Profit:,,,-3 345.01,Gross Profit:,,,12 555.00,Gross Loss:,,,-15 900.01,,,
Profit Factor:,,, 0.79,Expected Payoff:,,,- 4.28,,,,,,,
Recovery Factor:,,,- 0.76,Sharpe Ratio:,,,- 0.05,,,,,,,
Balance Drawdown:,,,,,,,,,,,,,,
Balance Drawdown Absolute:,,,3 570.15,Balance Drawdown Maximal:,,,4 404.98 (40.66%),Balance Drawdown Relative:,,,40.66% (4 404.98),,,
Total Trades:,,, 782,Short Trades (won %):,,,683 (53.44%),Long Trades (won %):,,,99 (43.43%),,,
,,,,Profit Trades (% of total):,,,408 (52.17%),Loss Trades (% of total):,,,374 (47.83%),,,
,,,,Largest profit trade:,,, 399.52,Largest loss trade:,,,- 650.53,,,
,,,,Average profit trade:,,, 30.77,Average loss trade:,,,- 42.51,,,
,,,,Maximum consecutive wins ($):,,,68 (770.21),Maximum consecutive losses ($):,,,54 (-176.57),,,
,,,,Maximal consecutive profit (count):,,,1 326.46 (26),Maximal consecutive loss (count):,,,-1 910.83 (17),,,
,,,,Average consecutive wins:,,, 6,Average consecutive losses:,,, 6,,,
